[info] Config: configs/experiment_config.mac_transition_study.yaml
[info] Run name: transition_run_v2
Gym has been unmaintained since 2022 and does not support NumPy 2.0 amongst other critical functionality.
Please upgrade to Gymnasium, the maintained drop-in replacement of Gym, or contact the authors of your software and request that they upgrade.
See the migration guide at https://gymnasium.farama.org/introduction/migration_guide/ for additional information.
[ok] Preflight passed
[info] DATASET_DIR=/Users/suraj/Downloads
[info] ckpt_base_path=/Users/suraj/Downloads
[info] model_name=wall_single
[info] model_epoch=latest
[info] torch version=2.10.0
[info] mps available=True
[info] DINO_WM_DEVICE=mps
[stage] Generate paired targets
Gym has been unmaintained since 2022 and does not support NumPy 2.0 amongst other critical functionality.
Please upgrade to Gymnasium, the maintained drop-in replacement of Gym, or contact the authors of your software and request that they upgrade.
See the migration guide at https://gymnasium.farama.org/introduction/migration_guide/ for additional information.
/Users/suraj/Desktop/EAI_DINO/third_party_dino_wm/custom_resolvers.py:4: UserWarning: 
The version_base parameter is not specified.
Please specify a compatability version level, or None.
Will assume defaults for version 1.1
  @hydra.main(config_path=None)
Using cache found in /Users/suraj/.cache/torch/hub/facebookresearch_dinov2_main
Planning device: mps
Loading wall dataset...
Loaded 1920 rollouts
[[102, 33, 1056, 1591, 354, 245, 790, 1323, 142, 1745, 1588, 1473, 38, 1192, 735, 832, 547, 1186, 843, 660, 869, 83, 695, 1629, 179, 1658, 157, 1758, 1747, 250, 312, 1361, 1163, 1798, 275, 1099, 1787, 964, 1066, 609, 1666, 774, 181, 1502, 407, 668, 593, 1623, 1101, 565, 1350, 1572, 1094, 512, 148, 809, 263, 1853, 908, 927, 626, 569, 1730, 757, 1574, 1866, 1107, 1706, 391, 1255, 947, 828, 1720, 1057, 19, 1364, 1575, 1914, 1562, 1909, 534, 973, 538, 1017, 646, 285, 309, 1884, 1059, 552, 697, 1702, 145, 819, 649, 665, 169, 1051, 171, 1529, 1470, 291, 1371, 1240, 1641, 1746, 1443, 1307, 1801, 369, 1365, 525, 167, 1121, 1430, 874, 528, 1459, 1617, 770, 359, 923, 507, 884, 1616, 1314, 1149, 1379, 891, 1442, 1047, 1887, 248, 1767, 1620, 283, 392, 1290, 1650, 242, 1399, 807, 159, 204, 775, 1827, 500, 1352, 700, 1265, 1102, 149, 1440, 1258, 1738, 347, 690, 468, 1726, 1234, 1126, 868, 1501, 621, 585, 1523, 121, 1108, 846, 1167, 1405, 114, 474, 1406, 195, 1144, 586, 384, 1680, 298, 308, 529, 901, 475, 992, 1811, 1655, 914, 1598, 560, 1452, 385, 1032, 1895, 756, 1893, 485, 1293, 1876, 378, 206, 61, 1762, 1335, 1779, 1062, 111, 550, 1357, 284, 1074, 880, 592, 712, 1454, 1660, 1067, 946, 1011, 193, 1838, 1072, 1065, 1267, 1217, 591, 678, 792, 180, 1313, 69, 84, 1603, 1775, 201, 1415, 457, 1359, 400, 1759, 1081, 554, 471, 1841, 446, 1670, 688, 140, 1600, 871, 1093, 460, 1831, 818, 940, 1128, 614, 1000, 987, 1048, 72, 465, 804, 1804, 826, 1006, 1129, 270, 954, 86, 107, 1744, 751, 1143, 1554, 1750, 556, 1692, 664, 943, 907, 1713, 881, 1793, 849, 972, 264, 1431, 1040, 1391, 680, 1864, 724, 1549, 455, 600, 389, 1301, 1262, 1073, 1216, 613, 314, 15, 657, 896, 549, 575, 719, 545, 937, 1585, 165, 1252, 338, 970, 1366, 1247, 1024, 14, 855, 212, 887, 977, 1225, 776, 10, 1903, 1423, 596, 726, 431, 959, 1159, 1033, 1458, 1196, 1526, 317, 1358, 454, 1647, 976, 773, 1786, 1462, 488, 41, 571, 1464, 599, 979, 864, 18, 306, 1299, 797, 332, 1424, 1286, 66, 51, 1230, 1527, 1042, 762, 219, 487, 1026, 1282, 1285, 1503, 1597, 1573, 758, 999, 30, 1215, 1315, 1227, 387, 1867, 1421, 220, 932, 1829, 26, 1822, 290, 1088, 1902, 429, 463, 197, 1156, 1539, 1491, 1027, 1901, 733, 1879, 833, 278, 1251, 1899, 1642, 73, 272, 1019, 1084, 1346, 1803, 845, 568, 286, 76, 956, 1237, 48, 939, 1601, 481, 1187, 176, 1231, 1545, 1664, 1244, 87, 47, 194, 1586, 1316, 1125, 1649, 1077, 995, 1665, 1428, 1219, 1712, 1038, 542, 998, 70, 929, 1648, 476, 886, 1134, 1733, 854, 853, 1283, 1432, 1723, 1269, 281, 1174, 110, 1685, 1868, 777, 1522, 353, 798, 1773, 409, 768, 1273, 1490, 221, 1154, 1499, 71, 1637, 720, 1850, 1198, 1755, 1915, 716, 1900, 1835, 672, 319, 1536, 226, 1472, 1602, 969, 492, 428, 895, 814, 1133, 62, 656, 1722, 1621, 1142, 1087, 524, 1590, 1030, 650, 1451, 1913, 1259, 1917, 544, 377, 862, 1202, 1177, 1274, 1123, 617, 605, 1106, 1855, 422, 1769, 362, 1721, 1329, 1206, 1506, 135, 1320, 217, 120, 1120, 1836, 710, 717, 1799, 1557, 722, 1694, 405, 375, 1034, 260, 1496, 411, 1672, 28, 637, 373, 1808, 134, 1012, 536, 1752, 983, 1135, 1576, 483, 13, 404, 841, 1172, 1041, 1843, 161, 847, 1369, 1910, 1782, 1671, 1376, 1856, 498, 806, 635, 1212, 438, 835, 1849, 1109, 1349, 1043, 2, 466, 610, 1165, 885, 951, 344, 300, 1807, 1908, 287, 1877, 705, 1872, 1581, 985, 328, 708, 730, 350, 307, 146, 840, 1180, 494, 16, 555, 1368, 1780, 779, 1771, 1203, 1754, 744, 863, 1684, 639, 1919, 738, 938, 1053, 618, 91, 1886, 1028, 472, 1050, 138, 131, 89, 416, 991, 1254, 467, 227, 1765, 1634, 1789, 1622, 1205, 1874, 839, 1151, 654, 1182, 815, 470, 670, 150, 718, 352, 1579, 879, 443, 1690, 32, 435, 1383, 501, 882, 1085, 1176, 1382, 1171, 686, 1140, 1105, 800, 1516, 1485, 516, 1475, 1434, 1911, 889, 239, 652, 1535, 1639, 335, 1325, 1784, 765, 663, 1224, 448, 1815, 739, 1812, 1076, 747, 1467, 732, 1654, 1828, 502, 1319, 1425, 1160, 1468, 368, 1732, 1248, 143, 808, 674, 713, 129, 1599, 288, 1005, 1643, 1729, 1918, 1064, 279, 1741, 406, 867, 729, 604, 1220, 750, 304, 936, 215, 1626, 1778, 1031, 1756, 305, 1699, 412, 1387, 1640, 210, 188, 253, 645, 1279, 349, 1898, 262, 1082, 213, 255, 1514, 1375, 576, 698, 986, 1119, 508, 1753, 104, 1296, 1380, 128, 163, 693, 1524, 924, 842, 812, 1348, 199, 1386, 1628, 1435, 1772, 817, 931, 334, 1360, 390, 1413, 1783, 944, 905, 1271, 1132, 1857, 35, 340, 1461, 506, 1150, 1455, 594, 1020, 1178, 1770, 1389, 1276, 1355, 1228, 990, 1480, 1100, 1326, 282, 1321, 852, 200, 1146, 1253, 49, 1682, 1221, 1840, 1525, 1037, 1170, 1800, 648, 1243, 266, 926, 782, 1667, 984, 570, 1289, 1860, 893, 1630, 479, 339, 246, 866, 1631, 211, 684, 60, 125, 1513, 836, 43, 1450, 515, 1256, 244, 1063, 1693, 913, 966, 54, 432, 1869, 254, 1916, 577, 1096, 540, 1075, 1261, 1871, 1587, 381, 634, 205, 269, 489, 1890, 37, 746, 386, 551, 1414, 953, 1403, 709, 622, 1497, 1561, 1324, 158, 624, 426, 1466, 44, 267, 994, 318, 1398, 397, 95, 786, 81, 1332, 837, 289, 865, 965, 67, 1696, 816, 1044, 820, 229, 1400, 1362, 491, 1139, 1873, 1338, 559, 1016, 1021, 1436, 1002, 1797, 40, 224, 1615, 1385, 941, 1308, 978, 794, 231, 834, 1675, 1736, 31, 1181, 562, 831, 1272, 767, 372, 1825, 1669, 760, 380, 1343, 42, 1351, 1337, 1441, 268, 1644, 1015, 52, 1469, 1861, 1481, 22, 1605, 361, 1381, 410, 1333, 975, 1046, 1595, 348, 1768, 366, 1281, 772, 974, 495, 358, 590, 187, 631, 1695, 687, 1328, 572, 588, 1805, 620, 1577, 1449, 1433, 1659, 320, 418, 346, 602, 573, 1709, 1300, 113, 427, 1891, 1341, 236, 1001, 370, 723, 1092, 1560, 379, 662, 79, 850, 1704, 824, 627, 436, 666, 1103, 653, 945, 1370, 1232, 587, 234, 103, 1858, 934, 1420, 123, 1818, 1310, 499, 1739, 1493, 1847, 1553, 740, 124, 1260, 1378, 1842, 1777, 1816, 1543, 749, 608, 1563, 996, 25, 101, 90, 459, 337, 122, 580, 829, 533, 292, 452, 1614, 1183, 1322, 1278, 521, 1136, 1190, 96, 259, 1645, 1008, 1888, 342, 445, 1504, 162, 382, 1894, 784, 1404, 1531, 1312, 444, 1097, 1447, 1280, 872, 168, 50, 1687, 1593, 1610, 98, 1242, 769, 642, 1309, 888, 433, 302, 1263, 1169, 1656, 1295, 243, 921, 1438, 1161, 877, 640, 1541, 24, 703, 980, 1173, 935, 1519, 440, 1512, 1137, 822, 1014, 310, 511, 583, 1518, 458, 274, 109, 856, 522, 11, 462, 1236, 232, 633, 1567, 1241, 989, 1725, 280, 875, 1083, 1833, 324, 1566, 249, 172, 696, 1505, 1010, 1477, 1327, 910, 861, 88, 99, 357, 437, 80, 1292, 764, 175, 395, 1716, 699, 1483, 1717, 673, 623, 1697, 1479, 1060, 1651, 553, 981, 218, 1110, 185, 77, 900, 371, 904, 1390, 21, 1882, 595, 1718, 1476, 152, 420, 918, 192, 1679, 1484, 1863, 787, 567, 851, 441, 530, 517, 1419, 1388, 329, 301, 1330, 876, 478, 1530, 676, 1844, 403, 74, 647, 728, 230, 519, 256, 737, 235, 1796, 182, 858, 504, 1287, 1124, 1229, 294, 625, 894, 759, 1544, 330, 1711, 505, 903, 1055, 1238, 1397, 1686, 136, 1275, 1580, 1584, 59, 1112, 1636, 166, 655, 1520, 1540, 374, 496, 414, 1226, 154, 860, 531, 1465, 1345, 1662, 1284, 669, 1627, 1408, 36, 191, 1748, 7, 1498, 802, 325, 957, 208, 228, 1201, 950, 1318, 155, 948, 133, 920, 442, 225, 611, 1633, 796, 667, 1652, 1304, 1609, 1611, 527, 1427, 1354, 689, 930, 870, 925, 56, 1402, 100, 189, 1068, 1737, 322, 523, 247, 971, 1445, 55, 579, 1374, 1571, 1521, 890, 785, 58, 671, 1608, 1168, 1742, 899, 299, 778, 1542, 761, 566, 46, 1708, 1719, 351, 1392, 651, 1764, 811, 449, 922, 261, 1036, 694, 127, 1114, 707, 1487, 1852, 1802, 873, 174, 1865, 1710, 763, 164, 1632, 345, 539, 1141, 805, 919, 911, 184, 548, 1422, 1625, 1155, 399, 1795, 1845, 1889, 1565, 45, 603, 1444, 1517, 1823, 1246, 477, 64, 1164, 1411, 781, 8, 1635, 1583, 1200, 241, 151, 177, 333, 629, 1453, 293, 1760, 636, 1239, 1115, 727, 273, 1394, 1266, 1184, 1619, 1743, 313, 1904, 982, 1367, 153, 564, 1806, 331, 1862, 1848, 606, 1264, 57, 97, 1774, 1814, 1086, 1029, 393, 1488, 85, 1509, 1550, 725, 1638, 1846, 1342, 1728, 993, 421, 1781, 681, 473, 1604, 364, 1613, 679, 780, 1885, 581, 1130, 116, 823, 355, 736, 75, 398, 557, 1740, 1515, 1596, 1250, 641, 1683, 198, 1363, 589, 1223, 1209, 417, 209, 1810, 9, 535, 1500, 1881, 1208, 909, 0, 702, 1897, 598, 1189, 748, 675, 1691, 1152, 755, 4, 1416, 830, 439, 1222, 1340, 692, 1003, 34, 356, 170, 1761, 1657, 1578, 401, 795, 1507, 997, 644, 1166, 447, 518, 563, 336, 1820, 343, 597, 844, 1058, 497, 311, 1463, 754, 1218, 1191, 1148, 1612, 1022, 1344, 1776, 942, 906, 1409, 1098, 130, 1418, 1830, 190, 1303, 1749, 607, 825, 92, 677, 628, 326, 715, 949, 27, 1537, 1025, 1439, 1277, 396, 1270, 53, 558, 584, 616, 630, 1533, 532, 1113, 612, 1080, 173, 1090, 838, 17, 897, 1306, 1311, 1131, 388, 1118, 1528, 1426, 1257, 1460, 1714, 1407, 144, 1734, 258, 1731, 526, 367, 1834, 126, 1104, 638, 791, 265, 223, 461, 1457, 139, 456, 1905, 1663, 1412, 1568, 1763, 883, 1661, 1678, 493, 1606, 1813, 541, 1757, 276, 296, 1673, 222, 1707, 183, 257, 615, 1478, 742, 376, 810, 661, 365, 156, 1298, 1701, 1653, 202, 1334, 1197, 1482, 106, 323, 1448, 1558, 1179, 1854, 902, 1049, 297, 216, 1268, 277, 1336, 1393, 65, 1456, 1052, 5, 1735, 1495, 1175, 988, 117, 721, 1788, 315, 1819, 1305, 1794, 520, 543, 1214, 917, 731, 1091, 1147, 1070, 68, 892, 1486, 464, 783, 115, 1883, 1372, 752, 383, 1122, 582, 1039, 1213, 574, 1594, 1870, 1111, 1792, 706, 1674, 233, 1607, 691, 1417, 1071, 711, 1538, 252, 741, 1396, 1211, 1429, 1906, 513, 799, 1384, 1138, 1688, 1681, 1045, 961, 743, 1824, 619, 766, 1727, 147, 827, 1117, 1547, 1892, 39, 82, 1546, 963, 178, 658, 1592, 425, 484, 415, 1204, 1331, 1207, 561, 912, 451, 1548, 1494, 1210, 1676, 685, 1291, 793, 632, 1018], [1054, 207, 1715, 1233, 514, 238, 1377, 1677, 878, 1624, 1145, 1009, 469, 962, 1194, 93, 1556, 1851, 1569, 1089, 745, 423, 23, 821, 29, 1401, 789, 1791, 788, 1079, 1347, 503, 1199, 753, 848, 1294, 801, 682, 955, 112, 1188, 402, 1878, 1817, 1288, 1821, 1245, 1302, 1007, 1705, 271, 510, 1510, 327, 1127, 486, 1555, 1004, 1589, 1511, 1700, 1373, 1668, 341, 1489, 1790, 1492, 321, 659, 578, 303, 118, 960, 453, 160, 683, 1832, 434, 701, 928, 480, 1446, 1552, 704, 94, 1317, 1410, 394, 186, 771, 859, 1395, 1646, 1570, 1353, 714, 1297, 360, 1153, 1185, 1766, 1471, 1013, 1356, 1437, 78, 63, 1618, 537, 482, 3, 450, 1339, 490, 857, 251, 898, 916, 546, 1809, 1689, 1078, 1069, 1, 1035, 1534, 1158, 203, 1837, 1095, 1235, 295, 933, 1474, 1559, 240, 105, 419, 1751, 1061, 1896, 1162, 1508, 1195, 237, 509, 1875, 6, 1564, 1698, 1907, 20, 1023, 1157, 1724, 132, 1912, 108, 1839, 734, 413, 316, 1249, 1880, 430, 915, 952, 813, 1532, 1116, 1859, 137, 1703, 141, 1785, 1582, 643, 119, 12, 968, 1193, 408, 214, 601, 967, 803, 1551, 363, 424, 958, 1826, 196]]
Resuming from epoch 65: /Users/suraj/Downloads/outputs/wall_single/checkpoints/model_latest.pth
num_action_repeat: 1
num_proprio_repeat: 1
proprio encoder: ProprioceptiveEmbedding(
  (patch_embed): Conv1d(2, 10, kernel_size=(1,), stride=(1,))
)
action encoder: ProprioceptiveEmbedding(
  (patch_embed): Conv1d(10, 10, kernel_size=(1,), stride=(1,))
)
proprio_dim: 10, after repeat: 10
action_dim: 10, after repeat: 10
emb_dim: 404
Model emb_dim:  404
eval_seed:  [11, 12, 13, 14, 15, 16, 17, 18, 19, 20]
Dumped plan targets to /Users/suraj/Desktop/EAI_DINO/results/paired_targets/transition_run_v2/budget_bA/seed_1/plan_targets.pkl
Success rate:  0.0
{'success': array([False, False, False, False, False, False, False, False, False,
       False]), 'state_dist': array([24.85446168, 26.24069964, 14.36582734, 40.51072215, 12.38485409,
       29.46036069, 19.68779125, 30.65537151, 26.79719134, 21.29132773])}
MPC iter 0 Eval ------- 
Success rate:  0.0
{'success': array([False, False, False, False, False, False, False, False, False,
       False]), 'state_dist': array([24.85446168, 26.24069964, 14.36582734, 40.51072215, 12.38485409,
       29.46036069, 19.68779125, 30.65537151, 26.79719134, 21.29132773])}
self.is_success:  [False False False False False False False False False False]
Success rate:  0.0
{'success': array([False, False, False, False, False, False, False, False, False,
       False]), 'state_dist': array([24.85446168, 26.24069964, 14.36582734, 40.51072215, 12.38485409,
       29.46036069, 19.68779125, 30.65537151, 26.79719134, 21.29132773])}
[ok] budget=bA seed=1 targets=/Users/suraj/Desktop/EAI_DINO/results/paired_targets/transition_run_v2/budget_bA/seed_1/plan_targets.pkl
Planning device: mps
Loading wall dataset...
Loaded 1920 rollouts
Using cache found in /Users/suraj/.cache/torch/hub/facebookresearch_dinov2_main
[[102, 33, 1056, 1591, 354, 245, 790, 1323, 142, 1745, 1588, 1473, 38, 1192, 735, 832, 547, 1186, 843, 660, 869, 83, 695, 1629, 179, 1658, 157, 1758, 1747, 250, 312, 1361, 1163, 1798, 275, 1099, 1787, 964, 1066, 609, 1666, 774, 181, 1502, 407, 668, 593, 1623, 1101, 565, 1350, 1572, 1094, 512, 148, 809, 263, 1853, 908, 927, 626, 569, 1730, 757, 1574, 1866, 1107, 1706, 391, 1255, 947, 828, 1720, 1057, 19, 1364, 1575, 1914, 1562, 1909, 534, 973, 538, 1017, 646, 285, 309, 1884, 1059, 552, 697, 1702, 145, 819, 649, 665, 169, 1051, 171, 1529, 1470, 291, 1371, 1240, 1641, 1746, 1443, 1307, 1801, 369, 1365, 525, 167, 1121, 1430, 874, 528, 1459, 1617, 770, 359, 923, 507, 884, 1616, 1314, 1149, 1379, 891, 1442, 1047, 1887, 248, 1767, 1620, 283, 392, 1290, 1650, 242, 1399, 807, 159, 204, 775, 1827, 500, 1352, 700, 1265, 1102, 149, 1440, 1258, 1738, 347, 690, 468, 1726, 1234, 1126, 868, 1501, 621, 585, 1523, 121, 1108, 846, 1167, 1405, 114, 474, 1406, 195, 1144, 586, 384, 1680, 298, 308, 529, 901, 475, 992, 1811, 1655, 914, 1598, 560, 1452, 385, 1032, 1895, 756, 1893, 485, 1293, 1876, 378, 206, 61, 1762, 1335, 1779, 1062, 111, 550, 1357, 284, 1074, 880, 592, 712, 1454, 1660, 1067, 946, 1011, 193, 1838, 1072, 1065, 1267, 1217, 591, 678, 792, 180, 1313, 69, 84, 1603, 1775, 201, 1415, 457, 1359, 400, 1759, 1081, 554, 471, 1841, 446, 1670, 688, 140, 1600, 871, 1093, 460, 1831, 818, 940, 1128, 614, 1000, 987, 1048, 72, 465, 804, 1804, 826, 1006, 1129, 270, 954, 86, 107, 1744, 751, 1143, 1554, 1750, 556, 1692, 664, 943, 907, 1713, 881, 1793, 849, 972, 264, 1431, 1040, 1391, 680, 1864, 724, 1549, 455, 600, 389, 1301, 1262, 1073, 1216, 613, 314, 15, 657, 896, 549, 575, 719, 545, 937, 1585, 165, 1252, 338, 970, 1366, 1247, 1024, 14, 855, 212, 887, 977, 1225, 776, 10, 1903, 1423, 596, 726, 431, 959, 1159, 1033, 1458, 1196, 1526, 317, 1358, 454, 1647, 976, 773, 1786, 1462, 488, 41, 571, 1464, 599, 979, 864, 18, 306, 1299, 797, 332, 1424, 1286, 66, 51, 1230, 1527, 1042, 762, 219, 487, 1026, 1282, 1285, 1503, 1597, 1573, 758, 999, 30, 1215, 1315, 1227, 387, 1867, 1421, 220, 932, 1829, 26, 1822, 290, 1088, 1902, 429, 463, 197, 1156, 1539, 1491, 1027, 1901, 733, 1879, 833, 278, 1251, 1899, 1642, 73, 272, 1019, 1084, 1346, 1803, 845, 568, 286, 76, 956, 1237, 48, 939, 1601, 481, 1187, 176, 1231, 1545, 1664, 1244, 87, 47, 194, 1586, 1316, 1125, 1649, 1077, 995, 1665, 1428, 1219, 1712, 1038, 542, 998, 70, 929, 1648, 476, 886, 1134, 1733, 854, 853, 1283, 1432, 1723, 1269, 281, 1174, 110, 1685, 1868, 777, 1522, 353, 798, 1773, 409, 768, 1273, 1490, 221, 1154, 1499, 71, 1637, 720, 1850, 1198, 1755, 1915, 716, 1900, 1835, 672, 319, 1536, 226, 1472, 1602, 969, 492, 428, 895, 814, 1133, 62, 656, 1722, 1621, 1142, 1087, 524, 1590, 1030, 650, 1451, 1913, 1259, 1917, 544, 377, 862, 1202, 1177, 1274, 1123, 617, 605, 1106, 1855, 422, 1769, 362, 1721, 1329, 1206, 1506, 135, 1320, 217, 120, 1120, 1836, 710, 717, 1799, 1557, 722, 1694, 405, 375, 1034, 260, 1496, 411, 1672, 28, 637, 373, 1808, 134, 1012, 536, 1752, 983, 1135, 1576, 483, 13, 404, 841, 1172, 1041, 1843, 161, 847, 1369, 1910, 1782, 1671, 1376, 1856, 498, 806, 635, 1212, 438, 835, 1849, 1109, 1349, 1043, 2, 466, 610, 1165, 885, 951, 344, 300, 1807, 1908, 287, 1877, 705, 1872, 1581, 985, 328, 708, 730, 350, 307, 146, 840, 1180, 494, 16, 555, 1368, 1780, 779, 1771, 1203, 1754, 744, 863, 1684, 639, 1919, 738, 938, 1053, 618, 91, 1886, 1028, 472, 1050, 138, 131, 89, 416, 991, 1254, 467, 227, 1765, 1634, 1789, 1622, 1205, 1874, 839, 1151, 654, 1182, 815, 470, 670, 150, 718, 352, 1579, 879, 443, 1690, 32, 435, 1383, 501, 882, 1085, 1176, 1382, 1171, 686, 1140, 1105, 800, 1516, 1485, 516, 1475, 1434, 1911, 889, 239, 652, 1535, 1639, 335, 1325, 1784, 765, 663, 1224, 448, 1815, 739, 1812, 1076, 747, 1467, 732, 1654, 1828, 502, 1319, 1425, 1160, 1468, 368, 1732, 1248, 143, 808, 674, 713, 129, 1599, 288, 1005, 1643, 1729, 1918, 1064, 279, 1741, 406, 867, 729, 604, 1220, 750, 304, 936, 215, 1626, 1778, 1031, 1756, 305, 1699, 412, 1387, 1640, 210, 188, 253, 645, 1279, 349, 1898, 262, 1082, 213, 255, 1514, 1375, 576, 698, 986, 1119, 508, 1753, 104, 1296, 1380, 128, 163, 693, 1524, 924, 842, 812, 1348, 199, 1386, 1628, 1435, 1772, 817, 931, 334, 1360, 390, 1413, 1783, 944, 905, 1271, 1132, 1857, 35, 340, 1461, 506, 1150, 1455, 594, 1020, 1178, 1770, 1389, 1276, 1355, 1228, 990, 1480, 1100, 1326, 282, 1321, 852, 200, 1146, 1253, 49, 1682, 1221, 1840, 1525, 1037, 1170, 1800, 648, 1243, 266, 926, 782, 1667, 984, 570, 1289, 1860, 893, 1630, 479, 339, 246, 866, 1631, 211, 684, 60, 125, 1513, 836, 43, 1450, 515, 1256, 244, 1063, 1693, 913, 966, 54, 432, 1869, 254, 1916, 577, 1096, 540, 1075, 1261, 1871, 1587, 381, 634, 205, 269, 489, 1890, 37, 746, 386, 551, 1414, 953, 1403, 709, 622, 1497, 1561, 1324, 158, 624, 426, 1466, 44, 267, 994, 318, 1398, 397, 95, 786, 81, 1332, 837, 289, 865, 965, 67, 1696, 816, 1044, 820, 229, 1400, 1362, 491, 1139, 1873, 1338, 559, 1016, 1021, 1436, 1002, 1797, 40, 224, 1615, 1385, 941, 1308, 978, 794, 231, 834, 1675, 1736, 31, 1181, 562, 831, 1272, 767, 372, 1825, 1669, 760, 380, 1343, 42, 1351, 1337, 1441, 268, 1644, 1015, 52, 1469, 1861, 1481, 22, 1605, 361, 1381, 410, 1333, 975, 1046, 1595, 348, 1768, 366, 1281, 772, 974, 495, 358, 590, 187, 631, 1695, 687, 1328, 572, 588, 1805, 620, 1577, 1449, 1433, 1659, 320, 418, 346, 602, 573, 1709, 1300, 113, 427, 1891, 1341, 236, 1001, 370, 723, 1092, 1560, 379, 662, 79, 850, 1704, 824, 627, 436, 666, 1103, 653, 945, 1370, 1232, 587, 234, 103, 1858, 934, 1420, 123, 1818, 1310, 499, 1739, 1493, 1847, 1553, 740, 124, 1260, 1378, 1842, 1777, 1816, 1543, 749, 608, 1563, 996, 25, 101, 90, 459, 337, 122, 580, 829, 533, 292, 452, 1614, 1183, 1322, 1278, 521, 1136, 1190, 96, 259, 1645, 1008, 1888, 342, 445, 1504, 162, 382, 1894, 784, 1404, 1531, 1312, 444, 1097, 1447, 1280, 872, 168, 50, 1687, 1593, 1610, 98, 1242, 769, 642, 1309, 888, 433, 302, 1263, 1169, 1656, 1295, 243, 921, 1438, 1161, 877, 640, 1541, 24, 703, 980, 1173, 935, 1519, 440, 1512, 1137, 822, 1014, 310, 511, 583, 1518, 458, 274, 109, 856, 522, 11, 462, 1236, 232, 633, 1567, 1241, 989, 1725, 280, 875, 1083, 1833, 324, 1566, 249, 172, 696, 1505, 1010, 1477, 1327, 910, 861, 88, 99, 357, 437, 80, 1292, 764, 175, 395, 1716, 699, 1483, 1717, 673, 623, 1697, 1479, 1060, 1651, 553, 981, 218, 1110, 185, 77, 900, 371, 904, 1390, 21, 1882, 595, 1718, 1476, 152, 420, 918, 192, 1679, 1484, 1863, 787, 567, 851, 441, 530, 517, 1419, 1388, 329, 301, 1330, 876, 478, 1530, 676, 1844, 403, 74, 647, 728, 230, 519, 256, 737, 235, 1796, 182, 858, 504, 1287, 1124, 1229, 294, 625, 894, 759, 1544, 330, 1711, 505, 903, 1055, 1238, 1397, 1686, 136, 1275, 1580, 1584, 59, 1112, 1636, 166, 655, 1520, 1540, 374, 496, 414, 1226, 154, 860, 531, 1465, 1345, 1662, 1284, 669, 1627, 1408, 36, 191, 1748, 7, 1498, 802, 325, 957, 208, 228, 1201, 950, 1318, 155, 948, 133, 920, 442, 225, 611, 1633, 796, 667, 1652, 1304, 1609, 1611, 527, 1427, 1354, 689, 930, 870, 925, 56, 1402, 100, 189, 1068, 1737, 322, 523, 247, 971, 1445, 55, 579, 1374, 1571, 1521, 890, 785, 58, 671, 1608, 1168, 1742, 899, 299, 778, 1542, 761, 566, 46, 1708, 1719, 351, 1392, 651, 1764, 811, 449, 922, 261, 1036, 694, 127, 1114, 707, 1487, 1852, 1802, 873, 174, 1865, 1710, 763, 164, 1632, 345, 539, 1141, 805, 919, 911, 184, 548, 1422, 1625, 1155, 399, 1795, 1845, 1889, 1565, 45, 603, 1444, 1517, 1823, 1246, 477, 64, 1164, 1411, 781, 8, 1635, 1583, 1200, 241, 151, 177, 333, 629, 1453, 293, 1760, 636, 1239, 1115, 727, 273, 1394, 1266, 1184, 1619, 1743, 313, 1904, 982, 1367, 153, 564, 1806, 331, 1862, 1848, 606, 1264, 57, 97, 1774, 1814, 1086, 1029, 393, 1488, 85, 1509, 1550, 725, 1638, 1846, 1342, 1728, 993, 421, 1781, 681, 473, 1604, 364, 1613, 679, 780, 1885, 581, 1130, 116, 823, 355, 736, 75, 398, 557, 1740, 1515, 1596, 1250, 641, 1683, 198, 1363, 589, 1223, 1209, 417, 209, 1810, 9, 535, 1500, 1881, 1208, 909, 0, 702, 1897, 598, 1189, 748, 675, 1691, 1152, 755, 4, 1416, 830, 439, 1222, 1340, 692, 1003, 34, 356, 170, 1761, 1657, 1578, 401, 795, 1507, 997, 644, 1166, 447, 518, 563, 336, 1820, 343, 597, 844, 1058, 497, 311, 1463, 754, 1218, 1191, 1148, 1612, 1022, 1344, 1776, 942, 906, 1409, 1098, 130, 1418, 1830, 190, 1303, 1749, 607, 825, 92, 677, 628, 326, 715, 949, 27, 1537, 1025, 1439, 1277, 396, 1270, 53, 558, 584, 616, 630, 1533, 532, 1113, 612, 1080, 173, 1090, 838, 17, 897, 1306, 1311, 1131, 388, 1118, 1528, 1426, 1257, 1460, 1714, 1407, 144, 1734, 258, 1731, 526, 367, 1834, 126, 1104, 638, 791, 265, 223, 461, 1457, 139, 456, 1905, 1663, 1412, 1568, 1763, 883, 1661, 1678, 493, 1606, 1813, 541, 1757, 276, 296, 1673, 222, 1707, 183, 257, 615, 1478, 742, 376, 810, 661, 365, 156, 1298, 1701, 1653, 202, 1334, 1197, 1482, 106, 323, 1448, 1558, 1179, 1854, 902, 1049, 297, 216, 1268, 277, 1336, 1393, 65, 1456, 1052, 5, 1735, 1495, 1175, 988, 117, 721, 1788, 315, 1819, 1305, 1794, 520, 543, 1214, 917, 731, 1091, 1147, 1070, 68, 892, 1486, 464, 783, 115, 1883, 1372, 752, 383, 1122, 582, 1039, 1213, 574, 1594, 1870, 1111, 1792, 706, 1674, 233, 1607, 691, 1417, 1071, 711, 1538, 252, 741, 1396, 1211, 1429, 1906, 513, 799, 1384, 1138, 1688, 1681, 1045, 961, 743, 1824, 619, 766, 1727, 147, 827, 1117, 1547, 1892, 39, 82, 1546, 963, 178, 658, 1592, 425, 484, 415, 1204, 1331, 1207, 561, 912, 451, 1548, 1494, 1210, 1676, 685, 1291, 793, 632, 1018], [1054, 207, 1715, 1233, 514, 238, 1377, 1677, 878, 1624, 1145, 1009, 469, 962, 1194, 93, 1556, 1851, 1569, 1089, 745, 423, 23, 821, 29, 1401, 789, 1791, 788, 1079, 1347, 503, 1199, 753, 848, 1294, 801, 682, 955, 112, 1188, 402, 1878, 1817, 1288, 1821, 1245, 1302, 1007, 1705, 271, 510, 1510, 327, 1127, 486, 1555, 1004, 1589, 1511, 1700, 1373, 1668, 341, 1489, 1790, 1492, 321, 659, 578, 303, 118, 960, 453, 160, 683, 1832, 434, 701, 928, 480, 1446, 1552, 704, 94, 1317, 1410, 394, 186, 771, 859, 1395, 1646, 1570, 1353, 714, 1297, 360, 1153, 1185, 1766, 1471, 1013, 1356, 1437, 78, 63, 1618, 537, 482, 3, 450, 1339, 490, 857, 251, 898, 916, 546, 1809, 1689, 1078, 1069, 1, 1035, 1534, 1158, 203, 1837, 1095, 1235, 295, 933, 1474, 1559, 240, 105, 419, 1751, 1061, 1896, 1162, 1508, 1195, 237, 509, 1875, 6, 1564, 1698, 1907, 20, 1023, 1157, 1724, 132, 1912, 108, 1839, 734, 413, 316, 1249, 1880, 430, 915, 952, 813, 1532, 1116, 1859, 137, 1703, 141, 1785, 1582, 643, 119, 12, 968, 1193, 408, 214, 601, 967, 803, 1551, 363, 424, 958, 1826, 196]]
Resuming from epoch 65: /Users/suraj/Downloads/outputs/wall_single/checkpoints/model_latest.pth
num_action_repeat: 1
num_proprio_repeat: 1
proprio encoder: ProprioceptiveEmbedding(
  (patch_embed): Conv1d(2, 10, kernel_size=(1,), stride=(1,))
)
action encoder: ProprioceptiveEmbedding(
  (patch_embed): Conv1d(10, 10, kernel_size=(1,), stride=(1,))
)
proprio_dim: 10, after repeat: 10
action_dim: 10, after repeat: 10
emb_dim: 404
Model emb_dim:  404
eval_seed:  [21, 22, 23, 24, 25, 26, 27, 28, 29, 30]
Dumped plan targets to /Users/suraj/Desktop/EAI_DINO/results/paired_targets/transition_run_v2/budget_bA/seed_2/plan_targets.pkl
Success rate:  0.0
{'success': array([False, False, False, False, False, False, False, False, False,
       False]), 'state_dist': array([33.3842183 , 26.53675041, 29.86991161, 30.68299641, 12.44017851,
       22.50523551, 23.98046346, 18.02750627, 21.06557762, 25.63179621])}
MPC iter 0 Eval ------- 
Success rate:  0.0
{'success': array([False, False, False, False, False, False, False, False, False,
       False]), 'state_dist': array([33.3842183 , 26.53675041, 29.86991161, 30.68299641, 12.44017851,
       22.50523551, 23.98046346, 18.02750627, 21.06557762, 25.63179621])}
self.is_success:  [False False False False False False False False False False]
Success rate:  0.0
{'success': array([False, False, False, False, False, False, False, False, False,
       False]), 'state_dist': array([33.3842183 , 26.53675041, 29.86991161, 30.68299641, 12.44017851,
       22.50523551, 23.98046346, 18.02750627, 21.06557762, 25.63179621])}
[ok] budget=bA seed=2 targets=/Users/suraj/Desktop/EAI_DINO/results/paired_targets/transition_run_v2/budget_bA/seed_2/plan_targets.pkl
Planning device: mps
Loading wall dataset...
Loaded 1920 rollouts
Using cache found in /Users/suraj/.cache/torch/hub/facebookresearch_dinov2_main
[[102, 33, 1056, 1591, 354, 245, 790, 1323, 142, 1745, 1588, 1473, 38, 1192, 735, 832, 547, 1186, 843, 660, 869, 83, 695, 1629, 179, 1658, 157, 1758, 1747, 250, 312, 1361, 1163, 1798, 275, 1099, 1787, 964, 1066, 609, 1666, 774, 181, 1502, 407, 668, 593, 1623, 1101, 565, 1350, 1572, 1094, 512, 148, 809, 263, 1853, 908, 927, 626, 569, 1730, 757, 1574, 1866, 1107, 1706, 391, 1255, 947, 828, 1720, 1057, 19, 1364, 1575, 1914, 1562, 1909, 534, 973, 538, 1017, 646, 285, 309, 1884, 1059, 552, 697, 1702, 145, 819, 649, 665, 169, 1051, 171, 1529, 1470, 291, 1371, 1240, 1641, 1746, 1443, 1307, 1801, 369, 1365, 525, 167, 1121, 1430, 874, 528, 1459, 1617, 770, 359, 923, 507, 884, 1616, 1314, 1149, 1379, 891, 1442, 1047, 1887, 248, 1767, 1620, 283, 392, 1290, 1650, 242, 1399, 807, 159, 204, 775, 1827, 500, 1352, 700, 1265, 1102, 149, 1440, 1258, 1738, 347, 690, 468, 1726, 1234, 1126, 868, 1501, 621, 585, 1523, 121, 1108, 846, 1167, 1405, 114, 474, 1406, 195, 1144, 586, 384, 1680, 298, 308, 529, 901, 475, 992, 1811, 1655, 914, 1598, 560, 1452, 385, 1032, 1895, 756, 1893, 485, 1293, 1876, 378, 206, 61, 1762, 1335, 1779, 1062, 111, 550, 1357, 284, 1074, 880, 592, 712, 1454, 1660, 1067, 946, 1011, 193, 1838, 1072, 1065, 1267, 1217, 591, 678, 792, 180, 1313, 69, 84, 1603, 1775, 201, 1415, 457, 1359, 400, 1759, 1081, 554, 471, 1841, 446, 1670, 688, 140, 1600, 871, 1093, 460, 1831, 818, 940, 1128, 614, 1000, 987, 1048, 72, 465, 804, 1804, 826, 1006, 1129, 270, 954, 86, 107, 1744, 751, 1143, 1554, 1750, 556, 1692, 664, 943, 907, 1713, 881, 1793, 849, 972, 264, 1431, 1040, 1391, 680, 1864, 724, 1549, 455, 600, 389, 1301, 1262, 1073, 1216, 613, 314, 15, 657, 896, 549, 575, 719, 545, 937, 1585, 165, 1252, 338, 970, 1366, 1247, 1024, 14, 855, 212, 887, 977, 1225, 776, 10, 1903, 1423, 596, 726, 431, 959, 1159, 1033, 1458, 1196, 1526, 317, 1358, 454, 1647, 976, 773, 1786, 1462, 488, 41, 571, 1464, 599, 979, 864, 18, 306, 1299, 797, 332, 1424, 1286, 66, 51, 1230, 1527, 1042, 762, 219, 487, 1026, 1282, 1285, 1503, 1597, 1573, 758, 999, 30, 1215, 1315, 1227, 387, 1867, 1421, 220, 932, 1829, 26, 1822, 290, 1088, 1902, 429, 463, 197, 1156, 1539, 1491, 1027, 1901, 733, 1879, 833, 278, 1251, 1899, 1642, 73, 272, 1019, 1084, 1346, 1803, 845, 568, 286, 76, 956, 1237, 48, 939, 1601, 481, 1187, 176, 1231, 1545, 1664, 1244, 87, 47, 194, 1586, 1316, 1125, 1649, 1077, 995, 1665, 1428, 1219, 1712, 1038, 542, 998, 70, 929, 1648, 476, 886, 1134, 1733, 854, 853, 1283, 1432, 1723, 1269, 281, 1174, 110, 1685, 1868, 777, 1522, 353, 798, 1773, 409, 768, 1273, 1490, 221, 1154, 1499, 71, 1637, 720, 1850, 1198, 1755, 1915, 716, 1900, 1835, 672, 319, 1536, 226, 1472, 1602, 969, 492, 428, 895, 814, 1133, 62, 656, 1722, 1621, 1142, 1087, 524, 1590, 1030, 650, 1451, 1913, 1259, 1917, 544, 377, 862, 1202, 1177, 1274, 1123, 617, 605, 1106, 1855, 422, 1769, 362, 1721, 1329, 1206, 1506, 135, 1320, 217, 120, 1120, 1836, 710, 717, 1799, 1557, 722, 1694, 405, 375, 1034, 260, 1496, 411, 1672, 28, 637, 373, 1808, 134, 1012, 536, 1752, 983, 1135, 1576, 483, 13, 404, 841, 1172, 1041, 1843, 161, 847, 1369, 1910, 1782, 1671, 1376, 1856, 498, 806, 635, 1212, 438, 835, 1849, 1109, 1349, 1043, 2, 466, 610, 1165, 885, 951, 344, 300, 1807, 1908, 287, 1877, 705, 1872, 1581, 985, 328, 708, 730, 350, 307, 146, 840, 1180, 494, 16, 555, 1368, 1780, 779, 1771, 1203, 1754, 744, 863, 1684, 639, 1919, 738, 938, 1053, 618, 91, 1886, 1028, 472, 1050, 138, 131, 89, 416, 991, 1254, 467, 227, 1765, 1634, 1789, 1622, 1205, 1874, 839, 1151, 654, 1182, 815, 470, 670, 150, 718, 352, 1579, 879, 443, 1690, 32, 435, 1383, 501, 882, 1085, 1176, 1382, 1171, 686, 1140, 1105, 800, 1516, 1485, 516, 1475, 1434, 1911, 889, 239, 652, 1535, 1639, 335, 1325, 1784, 765, 663, 1224, 448, 1815, 739, 1812, 1076, 747, 1467, 732, 1654, 1828, 502, 1319, 1425, 1160, 1468, 368, 1732, 1248, 143, 808, 674, 713, 129, 1599, 288, 1005, 1643, 1729, 1918, 1064, 279, 1741, 406, 867, 729, 604, 1220, 750, 304, 936, 215, 1626, 1778, 1031, 1756, 305, 1699, 412, 1387, 1640, 210, 188, 253, 645, 1279, 349, 1898, 262, 1082, 213, 255, 1514, 1375, 576, 698, 986, 1119, 508, 1753, 104, 1296, 1380, 128, 163, 693, 1524, 924, 842, 812, 1348, 199, 1386, 1628, 1435, 1772, 817, 931, 334, 1360, 390, 1413, 1783, 944, 905, 1271, 1132, 1857, 35, 340, 1461, 506, 1150, 1455, 594, 1020, 1178, 1770, 1389, 1276, 1355, 1228, 990, 1480, 1100, 1326, 282, 1321, 852, 200, 1146, 1253, 49, 1682, 1221, 1840, 1525, 1037, 1170, 1800, 648, 1243, 266, 926, 782, 1667, 984, 570, 1289, 1860, 893, 1630, 479, 339, 246, 866, 1631, 211, 684, 60, 125, 1513, 836, 43, 1450, 515, 1256, 244, 1063, 1693, 913, 966, 54, 432, 1869, 254, 1916, 577, 1096, 540, 1075, 1261, 1871, 1587, 381, 634, 205, 269, 489, 1890, 37, 746, 386, 551, 1414, 953, 1403, 709, 622, 1497, 1561, 1324, 158, 624, 426, 1466, 44, 267, 994, 318, 1398, 397, 95, 786, 81, 1332, 837, 289, 865, 965, 67, 1696, 816, 1044, 820, 229, 1400, 1362, 491, 1139, 1873, 1338, 559, 1016, 1021, 1436, 1002, 1797, 40, 224, 1615, 1385, 941, 1308, 978, 794, 231, 834, 1675, 1736, 31, 1181, 562, 831, 1272, 767, 372, 1825, 1669, 760, 380, 1343, 42, 1351, 1337, 1441, 268, 1644, 1015, 52, 1469, 1861, 1481, 22, 1605, 361, 1381, 410, 1333, 975, 1046, 1595, 348, 1768, 366, 1281, 772, 974, 495, 358, 590, 187, 631, 1695, 687, 1328, 572, 588, 1805, 620, 1577, 1449, 1433, 1659, 320, 418, 346, 602, 573, 1709, 1300, 113, 427, 1891, 1341, 236, 1001, 370, 723, 1092, 1560, 379, 662, 79, 850, 1704, 824, 627, 436, 666, 1103, 653, 945, 1370, 1232, 587, 234, 103, 1858, 934, 1420, 123, 1818, 1310, 499, 1739, 1493, 1847, 1553, 740, 124, 1260, 1378, 1842, 1777, 1816, 1543, 749, 608, 1563, 996, 25, 101, 90, 459, 337, 122, 580, 829, 533, 292, 452, 1614, 1183, 1322, 1278, 521, 1136, 1190, 96, 259, 1645, 1008, 1888, 342, 445, 1504, 162, 382, 1894, 784, 1404, 1531, 1312, 444, 1097, 1447, 1280, 872, 168, 50, 1687, 1593, 1610, 98, 1242, 769, 642, 1309, 888, 433, 302, 1263, 1169, 1656, 1295, 243, 921, 1438, 1161, 877, 640, 1541, 24, 703, 980, 1173, 935, 1519, 440, 1512, 1137, 822, 1014, 310, 511, 583, 1518, 458, 274, 109, 856, 522, 11, 462, 1236, 232, 633, 1567, 1241, 989, 1725, 280, 875, 1083, 1833, 324, 1566, 249, 172, 696, 1505, 1010, 1477, 1327, 910, 861, 88, 99, 357, 437, 80, 1292, 764, 175, 395, 1716, 699, 1483, 1717, 673, 623, 1697, 1479, 1060, 1651, 553, 981, 218, 1110, 185, 77, 900, 371, 904, 1390, 21, 1882, 595, 1718, 1476, 152, 420, 918, 192, 1679, 1484, 1863, 787, 567, 851, 441, 530, 517, 1419, 1388, 329, 301, 1330, 876, 478, 1530, 676, 1844, 403, 74, 647, 728, 230, 519, 256, 737, 235, 1796, 182, 858, 504, 1287, 1124, 1229, 294, 625, 894, 759, 1544, 330, 1711, 505, 903, 1055, 1238, 1397, 1686, 136, 1275, 1580, 1584, 59, 1112, 1636, 166, 655, 1520, 1540, 374, 496, 414, 1226, 154, 860, 531, 1465, 1345, 1662, 1284, 669, 1627, 1408, 36, 191, 1748, 7, 1498, 802, 325, 957, 208, 228, 1201, 950, 1318, 155, 948, 133, 920, 442, 225, 611, 1633, 796, 667, 1652, 1304, 1609, 1611, 527, 1427, 1354, 689, 930, 870, 925, 56, 1402, 100, 189, 1068, 1737, 322, 523, 247, 971, 1445, 55, 579, 1374, 1571, 1521, 890, 785, 58, 671, 1608, 1168, 1742, 899, 299, 778, 1542, 761, 566, 46, 1708, 1719, 351, 1392, 651, 1764, 811, 449, 922, 261, 1036, 694, 127, 1114, 707, 1487, 1852, 1802, 873, 174, 1865, 1710, 763, 164, 1632, 345, 539, 1141, 805, 919, 911, 184, 548, 1422, 1625, 1155, 399, 1795, 1845, 1889, 1565, 45, 603, 1444, 1517, 1823, 1246, 477, 64, 1164, 1411, 781, 8, 1635, 1583, 1200, 241, 151, 177, 333, 629, 1453, 293, 1760, 636, 1239, 1115, 727, 273, 1394, 1266, 1184, 1619, 1743, 313, 1904, 982, 1367, 153, 564, 1806, 331, 1862, 1848, 606, 1264, 57, 97, 1774, 1814, 1086, 1029, 393, 1488, 85, 1509, 1550, 725, 1638, 1846, 1342, 1728, 993, 421, 1781, 681, 473, 1604, 364, 1613, 679, 780, 1885, 581, 1130, 116, 823, 355, 736, 75, 398, 557, 1740, 1515, 1596, 1250, 641, 1683, 198, 1363, 589, 1223, 1209, 417, 209, 1810, 9, 535, 1500, 1881, 1208, 909, 0, 702, 1897, 598, 1189, 748, 675, 1691, 1152, 755, 4, 1416, 830, 439, 1222, 1340, 692, 1003, 34, 356, 170, 1761, 1657, 1578, 401, 795, 1507, 997, 644, 1166, 447, 518, 563, 336, 1820, 343, 597, 844, 1058, 497, 311, 1463, 754, 1218, 1191, 1148, 1612, 1022, 1344, 1776, 942, 906, 1409, 1098, 130, 1418, 1830, 190, 1303, 1749, 607, 825, 92, 677, 628, 326, 715, 949, 27, 1537, 1025, 1439, 1277, 396, 1270, 53, 558, 584, 616, 630, 1533, 532, 1113, 612, 1080, 173, 1090, 838, 17, 897, 1306, 1311, 1131, 388, 1118, 1528, 1426, 1257, 1460, 1714, 1407, 144, 1734, 258, 1731, 526, 367, 1834, 126, 1104, 638, 791, 265, 223, 461, 1457, 139, 456, 1905, 1663, 1412, 1568, 1763, 883, 1661, 1678, 493, 1606, 1813, 541, 1757, 276, 296, 1673, 222, 1707, 183, 257, 615, 1478, 742, 376, 810, 661, 365, 156, 1298, 1701, 1653, 202, 1334, 1197, 1482, 106, 323, 1448, 1558, 1179, 1854, 902, 1049, 297, 216, 1268, 277, 1336, 1393, 65, 1456, 1052, 5, 1735, 1495, 1175, 988, 117, 721, 1788, 315, 1819, 1305, 1794, 520, 543, 1214, 917, 731, 1091, 1147, 1070, 68, 892, 1486, 464, 783, 115, 1883, 1372, 752, 383, 1122, 582, 1039, 1213, 574, 1594, 1870, 1111, 1792, 706, 1674, 233, 1607, 691, 1417, 1071, 711, 1538, 252, 741, 1396, 1211, 1429, 1906, 513, 799, 1384, 1138, 1688, 1681, 1045, 961, 743, 1824, 619, 766, 1727, 147, 827, 1117, 1547, 1892, 39, 82, 1546, 963, 178, 658, 1592, 425, 484, 415, 1204, 1331, 1207, 561, 912, 451, 1548, 1494, 1210, 1676, 685, 1291, 793, 632, 1018], [1054, 207, 1715, 1233, 514, 238, 1377, 1677, 878, 1624, 1145, 1009, 469, 962, 1194, 93, 1556, 1851, 1569, 1089, 745, 423, 23, 821, 29, 1401, 789, 1791, 788, 1079, 1347, 503, 1199, 753, 848, 1294, 801, 682, 955, 112, 1188, 402, 1878, 1817, 1288, 1821, 1245, 1302, 1007, 1705, 271, 510, 1510, 327, 1127, 486, 1555, 1004, 1589, 1511, 1700, 1373, 1668, 341, 1489, 1790, 1492, 321, 659, 578, 303, 118, 960, 453, 160, 683, 1832, 434, 701, 928, 480, 1446, 1552, 704, 94, 1317, 1410, 394, 186, 771, 859, 1395, 1646, 1570, 1353, 714, 1297, 360, 1153, 1185, 1766, 1471, 1013, 1356, 1437, 78, 63, 1618, 537, 482, 3, 450, 1339, 490, 857, 251, 898, 916, 546, 1809, 1689, 1078, 1069, 1, 1035, 1534, 1158, 203, 1837, 1095, 1235, 295, 933, 1474, 1559, 240, 105, 419, 1751, 1061, 1896, 1162, 1508, 1195, 237, 509, 1875, 6, 1564, 1698, 1907, 20, 1023, 1157, 1724, 132, 1912, 108, 1839, 734, 413, 316, 1249, 1880, 430, 915, 952, 813, 1532, 1116, 1859, 137, 1703, 141, 1785, 1582, 643, 119, 12, 968, 1193, 408, 214, 601, 967, 803, 1551, 363, 424, 958, 1826, 196]]
Resuming from epoch 65: /Users/suraj/Downloads/outputs/wall_single/checkpoints/model_latest.pth
num_action_repeat: 1
num_proprio_repeat: 1
proprio encoder: ProprioceptiveEmbedding(
  (patch_embed): Conv1d(2, 10, kernel_size=(1,), stride=(1,))
)
action encoder: ProprioceptiveEmbedding(
  (patch_embed): Conv1d(10, 10, kernel_size=(1,), stride=(1,))
)
proprio_dim: 10, after repeat: 10
action_dim: 10, after repeat: 10
emb_dim: 404
Model emb_dim:  404
eval_seed:  [31, 32, 33, 34, 35, 36, 37, 38, 39, 40]
Dumped plan targets to /Users/suraj/Desktop/EAI_DINO/results/paired_targets/transition_run_v2/budget_bA/seed_3/plan_targets.pkl
Success rate:  0.0
{'success': array([False, False, False, False, False, False, False, False, False,
       False]), 'state_dist': array([26.6773626 , 17.23634183, 18.699506  , 34.54733877, 15.97626158,
       35.71260713, 17.08891601, 26.5300609 , 32.98526906, 27.48647151])}
MPC iter 0 Eval ------- 
Success rate:  0.0
{'success': array([False, False, False, False, False, False, False, False, False,
       False]), 'state_dist': array([26.6773626 , 17.23634183, 18.699506  , 34.54733877, 15.97626158,
       35.71260713, 17.08891601, 26.5300609 , 32.98526906, 27.48647151])}
self.is_success:  [False False False False False False False False False False]
Success rate:  0.0
{'success': array([False, False, False, False, False, False, False, False, False,
       False]), 'state_dist': array([26.6773626 , 17.23634183, 18.699506  , 34.54733877, 15.97626158,
       35.71260713, 17.08891601, 26.5300609 , 32.98526906, 27.48647151])}
[ok] budget=bA seed=3 targets=/Users/suraj/Desktop/EAI_DINO/results/paired_targets/transition_run_v2/budget_bA/seed_3/plan_targets.pkl
Planning device: mps
Loading wall dataset...
Loaded 1920 rollouts
Using cache found in /Users/suraj/.cache/torch/hub/facebookresearch_dinov2_main
[[102, 33, 1056, 1591, 354, 245, 790, 1323, 142, 1745, 1588, 1473, 38, 1192, 735, 832, 547, 1186, 843, 660, 869, 83, 695, 1629, 179, 1658, 157, 1758, 1747, 250, 312, 1361, 1163, 1798, 275, 1099, 1787, 964, 1066, 609, 1666, 774, 181, 1502, 407, 668, 593, 1623, 1101, 565, 1350, 1572, 1094, 512, 148, 809, 263, 1853, 908, 927, 626, 569, 1730, 757, 1574, 1866, 1107, 1706, 391, 1255, 947, 828, 1720, 1057, 19, 1364, 1575, 1914, 1562, 1909, 534, 973, 538, 1017, 646, 285, 309, 1884, 1059, 552, 697, 1702, 145, 819, 649, 665, 169, 1051, 171, 1529, 1470, 291, 1371, 1240, 1641, 1746, 1443, 1307, 1801, 369, 1365, 525, 167, 1121, 1430, 874, 528, 1459, 1617, 770, 359, 923, 507, 884, 1616, 1314, 1149, 1379, 891, 1442, 1047, 1887, 248, 1767, 1620, 283, 392, 1290, 1650, 242, 1399, 807, 159, 204, 775, 1827, 500, 1352, 700, 1265, 1102, 149, 1440, 1258, 1738, 347, 690, 468, 1726, 1234, 1126, 868, 1501, 621, 585, 1523, 121, 1108, 846, 1167, 1405, 114, 474, 1406, 195, 1144, 586, 384, 1680, 298, 308, 529, 901, 475, 992, 1811, 1655, 914, 1598, 560, 1452, 385, 1032, 1895, 756, 1893, 485, 1293, 1876, 378, 206, 61, 1762, 1335, 1779, 1062, 111, 550, 1357, 284, 1074, 880, 592, 712, 1454, 1660, 1067, 946, 1011, 193, 1838, 1072, 1065, 1267, 1217, 591, 678, 792, 180, 1313, 69, 84, 1603, 1775, 201, 1415, 457, 1359, 400, 1759, 1081, 554, 471, 1841, 446, 1670, 688, 140, 1600, 871, 1093, 460, 1831, 818, 940, 1128, 614, 1000, 987, 1048, 72, 465, 804, 1804, 826, 1006, 1129, 270, 954, 86, 107, 1744, 751, 1143, 1554, 1750, 556, 1692, 664, 943, 907, 1713, 881, 1793, 849, 972, 264, 1431, 1040, 1391, 680, 1864, 724, 1549, 455, 600, 389, 1301, 1262, 1073, 1216, 613, 314, 15, 657, 896, 549, 575, 719, 545, 937, 1585, 165, 1252, 338, 970, 1366, 1247, 1024, 14, 855, 212, 887, 977, 1225, 776, 10, 1903, 1423, 596, 726, 431, 959, 1159, 1033, 1458, 1196, 1526, 317, 1358, 454, 1647, 976, 773, 1786, 1462, 488, 41, 571, 1464, 599, 979, 864, 18, 306, 1299, 797, 332, 1424, 1286, 66, 51, 1230, 1527, 1042, 762, 219, 487, 1026, 1282, 1285, 1503, 1597, 1573, 758, 999, 30, 1215, 1315, 1227, 387, 1867, 1421, 220, 932, 1829, 26, 1822, 290, 1088, 1902, 429, 463, 197, 1156, 1539, 1491, 1027, 1901, 733, 1879, 833, 278, 1251, 1899, 1642, 73, 272, 1019, 1084, 1346, 1803, 845, 568, 286, 76, 956, 1237, 48, 939, 1601, 481, 1187, 176, 1231, 1545, 1664, 1244, 87, 47, 194, 1586, 1316, 1125, 1649, 1077, 995, 1665, 1428, 1219, 1712, 1038, 542, 998, 70, 929, 1648, 476, 886, 1134, 1733, 854, 853, 1283, 1432, 1723, 1269, 281, 1174, 110, 1685, 1868, 777, 1522, 353, 798, 1773, 409, 768, 1273, 1490, 221, 1154, 1499, 71, 1637, 720, 1850, 1198, 1755, 1915, 716, 1900, 1835, 672, 319, 1536, 226, 1472, 1602, 969, 492, 428, 895, 814, 1133, 62, 656, 1722, 1621, 1142, 1087, 524, 1590, 1030, 650, 1451, 1913, 1259, 1917, 544, 377, 862, 1202, 1177, 1274, 1123, 617, 605, 1106, 1855, 422, 1769, 362, 1721, 1329, 1206, 1506, 135, 1320, 217, 120, 1120, 1836, 710, 717, 1799, 1557, 722, 1694, 405, 375, 1034, 260, 1496, 411, 1672, 28, 637, 373, 1808, 134, 1012, 536, 1752, 983, 1135, 1576, 483, 13, 404, 841, 1172, 1041, 1843, 161, 847, 1369, 1910, 1782, 1671, 1376, 1856, 498, 806, 635, 1212, 438, 835, 1849, 1109, 1349, 1043, 2, 466, 610, 1165, 885, 951, 344, 300, 1807, 1908, 287, 1877, 705, 1872, 1581, 985, 328, 708, 730, 350, 307, 146, 840, 1180, 494, 16, 555, 1368, 1780, 779, 1771, 1203, 1754, 744, 863, 1684, 639, 1919, 738, 938, 1053, 618, 91, 1886, 1028, 472, 1050, 138, 131, 89, 416, 991, 1254, 467, 227, 1765, 1634, 1789, 1622, 1205, 1874, 839, 1151, 654, 1182, 815, 470, 670, 150, 718, 352, 1579, 879, 443, 1690, 32, 435, 1383, 501, 882, 1085, 1176, 1382, 1171, 686, 1140, 1105, 800, 1516, 1485, 516, 1475, 1434, 1911, 889, 239, 652, 1535, 1639, 335, 1325, 1784, 765, 663, 1224, 448, 1815, 739, 1812, 1076, 747, 1467, 732, 1654, 1828, 502, 1319, 1425, 1160, 1468, 368, 1732, 1248, 143, 808, 674, 713, 129, 1599, 288, 1005, 1643, 1729, 1918, 1064, 279, 1741, 406, 867, 729, 604, 1220, 750, 304, 936, 215, 1626, 1778, 1031, 1756, 305, 1699, 412, 1387, 1640, 210, 188, 253, 645, 1279, 349, 1898, 262, 1082, 213, 255, 1514, 1375, 576, 698, 986, 1119, 508, 1753, 104, 1296, 1380, 128, 163, 693, 1524, 924, 842, 812, 1348, 199, 1386, 1628, 1435, 1772, 817, 931, 334, 1360, 390, 1413, 1783, 944, 905, 1271, 1132, 1857, 35, 340, 1461, 506, 1150, 1455, 594, 1020, 1178, 1770, 1389, 1276, 1355, 1228, 990, 1480, 1100, 1326, 282, 1321, 852, 200, 1146, 1253, 49, 1682, 1221, 1840, 1525, 1037, 1170, 1800, 648, 1243, 266, 926, 782, 1667, 984, 570, 1289, 1860, 893, 1630, 479, 339, 246, 866, 1631, 211, 684, 60, 125, 1513, 836, 43, 1450, 515, 1256, 244, 1063, 1693, 913, 966, 54, 432, 1869, 254, 1916, 577, 1096, 540, 1075, 1261, 1871, 1587, 381, 634, 205, 269, 489, 1890, 37, 746, 386, 551, 1414, 953, 1403, 709, 622, 1497, 1561, 1324, 158, 624, 426, 1466, 44, 267, 994, 318, 1398, 397, 95, 786, 81, 1332, 837, 289, 865, 965, 67, 1696, 816, 1044, 820, 229, 1400, 1362, 491, 1139, 1873, 1338, 559, 1016, 1021, 1436, 1002, 1797, 40, 224, 1615, 1385, 941, 1308, 978, 794, 231, 834, 1675, 1736, 31, 1181, 562, 831, 1272, 767, 372, 1825, 1669, 760, 380, 1343, 42, 1351, 1337, 1441, 268, 1644, 1015, 52, 1469, 1861, 1481, 22, 1605, 361, 1381, 410, 1333, 975, 1046, 1595, 348, 1768, 366, 1281, 772, 974, 495, 358, 590, 187, 631, 1695, 687, 1328, 572, 588, 1805, 620, 1577, 1449, 1433, 1659, 320, 418, 346, 602, 573, 1709, 1300, 113, 427, 1891, 1341, 236, 1001, 370, 723, 1092, 1560, 379, 662, 79, 850, 1704, 824, 627, 436, 666, 1103, 653, 945, 1370, 1232, 587, 234, 103, 1858, 934, 1420, 123, 1818, 1310, 499, 1739, 1493, 1847, 1553, 740, 124, 1260, 1378, 1842, 1777, 1816, 1543, 749, 608, 1563, 996, 25, 101, 90, 459, 337, 122, 580, 829, 533, 292, 452, 1614, 1183, 1322, 1278, 521, 1136, 1190, 96, 259, 1645, 1008, 1888, 342, 445, 1504, 162, 382, 1894, 784, 1404, 1531, 1312, 444, 1097, 1447, 1280, 872, 168, 50, 1687, 1593, 1610, 98, 1242, 769, 642, 1309, 888, 433, 302, 1263, 1169, 1656, 1295, 243, 921, 1438, 1161, 877, 640, 1541, 24, 703, 980, 1173, 935, 1519, 440, 1512, 1137, 822, 1014, 310, 511, 583, 1518, 458, 274, 109, 856, 522, 11, 462, 1236, 232, 633, 1567, 1241, 989, 1725, 280, 875, 1083, 1833, 324, 1566, 249, 172, 696, 1505, 1010, 1477, 1327, 910, 861, 88, 99, 357, 437, 80, 1292, 764, 175, 395, 1716, 699, 1483, 1717, 673, 623, 1697, 1479, 1060, 1651, 553, 981, 218, 1110, 185, 77, 900, 371, 904, 1390, 21, 1882, 595, 1718, 1476, 152, 420, 918, 192, 1679, 1484, 1863, 787, 567, 851, 441, 530, 517, 1419, 1388, 329, 301, 1330, 876, 478, 1530, 676, 1844, 403, 74, 647, 728, 230, 519, 256, 737, 235, 1796, 182, 858, 504, 1287, 1124, 1229, 294, 625, 894, 759, 1544, 330, 1711, 505, 903, 1055, 1238, 1397, 1686, 136, 1275, 1580, 1584, 59, 1112, 1636, 166, 655, 1520, 1540, 374, 496, 414, 1226, 154, 860, 531, 1465, 1345, 1662, 1284, 669, 1627, 1408, 36, 191, 1748, 7, 1498, 802, 325, 957, 208, 228, 1201, 950, 1318, 155, 948, 133, 920, 442, 225, 611, 1633, 796, 667, 1652, 1304, 1609, 1611, 527, 1427, 1354, 689, 930, 870, 925, 56, 1402, 100, 189, 1068, 1737, 322, 523, 247, 971, 1445, 55, 579, 1374, 1571, 1521, 890, 785, 58, 671, 1608, 1168, 1742, 899, 299, 778, 1542, 761, 566, 46, 1708, 1719, 351, 1392, 651, 1764, 811, 449, 922, 261, 1036, 694, 127, 1114, 707, 1487, 1852, 1802, 873, 174, 1865, 1710, 763, 164, 1632, 345, 539, 1141, 805, 919, 911, 184, 548, 1422, 1625, 1155, 399, 1795, 1845, 1889, 1565, 45, 603, 1444, 1517, 1823, 1246, 477, 64, 1164, 1411, 781, 8, 1635, 1583, 1200, 241, 151, 177, 333, 629, 1453, 293, 1760, 636, 1239, 1115, 727, 273, 1394, 1266, 1184, 1619, 1743, 313, 1904, 982, 1367, 153, 564, 1806, 331, 1862, 1848, 606, 1264, 57, 97, 1774, 1814, 1086, 1029, 393, 1488, 85, 1509, 1550, 725, 1638, 1846, 1342, 1728, 993, 421, 1781, 681, 473, 1604, 364, 1613, 679, 780, 1885, 581, 1130, 116, 823, 355, 736, 75, 398, 557, 1740, 1515, 1596, 1250, 641, 1683, 198, 1363, 589, 1223, 1209, 417, 209, 1810, 9, 535, 1500, 1881, 1208, 909, 0, 702, 1897, 598, 1189, 748, 675, 1691, 1152, 755, 4, 1416, 830, 439, 1222, 1340, 692, 1003, 34, 356, 170, 1761, 1657, 1578, 401, 795, 1507, 997, 644, 1166, 447, 518, 563, 336, 1820, 343, 597, 844, 1058, 497, 311, 1463, 754, 1218, 1191, 1148, 1612, 1022, 1344, 1776, 942, 906, 1409, 1098, 130, 1418, 1830, 190, 1303, 1749, 607, 825, 92, 677, 628, 326, 715, 949, 27, 1537, 1025, 1439, 1277, 396, 1270, 53, 558, 584, 616, 630, 1533, 532, 1113, 612, 1080, 173, 1090, 838, 17, 897, 1306, 1311, 1131, 388, 1118, 1528, 1426, 1257, 1460, 1714, 1407, 144, 1734, 258, 1731, 526, 367, 1834, 126, 1104, 638, 791, 265, 223, 461, 1457, 139, 456, 1905, 1663, 1412, 1568, 1763, 883, 1661, 1678, 493, 1606, 1813, 541, 1757, 276, 296, 1673, 222, 1707, 183, 257, 615, 1478, 742, 376, 810, 661, 365, 156, 1298, 1701, 1653, 202, 1334, 1197, 1482, 106, 323, 1448, 1558, 1179, 1854, 902, 1049, 297, 216, 1268, 277, 1336, 1393, 65, 1456, 1052, 5, 1735, 1495, 1175, 988, 117, 721, 1788, 315, 1819, 1305, 1794, 520, 543, 1214, 917, 731, 1091, 1147, 1070, 68, 892, 1486, 464, 783, 115, 1883, 1372, 752, 383, 1122, 582, 1039, 1213, 574, 1594, 1870, 1111, 1792, 706, 1674, 233, 1607, 691, 1417, 1071, 711, 1538, 252, 741, 1396, 1211, 1429, 1906, 513, 799, 1384, 1138, 1688, 1681, 1045, 961, 743, 1824, 619, 766, 1727, 147, 827, 1117, 1547, 1892, 39, 82, 1546, 963, 178, 658, 1592, 425, 484, 415, 1204, 1331, 1207, 561, 912, 451, 1548, 1494, 1210, 1676, 685, 1291, 793, 632, 1018], [1054, 207, 1715, 1233, 514, 238, 1377, 1677, 878, 1624, 1145, 1009, 469, 962, 1194, 93, 1556, 1851, 1569, 1089, 745, 423, 23, 821, 29, 1401, 789, 1791, 788, 1079, 1347, 503, 1199, 753, 848, 1294, 801, 682, 955, 112, 1188, 402, 1878, 1817, 1288, 1821, 1245, 1302, 1007, 1705, 271, 510, 1510, 327, 1127, 486, 1555, 1004, 1589, 1511, 1700, 1373, 1668, 341, 1489, 1790, 1492, 321, 659, 578, 303, 118, 960, 453, 160, 683, 1832, 434, 701, 928, 480, 1446, 1552, 704, 94, 1317, 1410, 394, 186, 771, 859, 1395, 1646, 1570, 1353, 714, 1297, 360, 1153, 1185, 1766, 1471, 1013, 1356, 1437, 78, 63, 1618, 537, 482, 3, 450, 1339, 490, 857, 251, 898, 916, 546, 1809, 1689, 1078, 1069, 1, 1035, 1534, 1158, 203, 1837, 1095, 1235, 295, 933, 1474, 1559, 240, 105, 419, 1751, 1061, 1896, 1162, 1508, 1195, 237, 509, 1875, 6, 1564, 1698, 1907, 20, 1023, 1157, 1724, 132, 1912, 108, 1839, 734, 413, 316, 1249, 1880, 430, 915, 952, 813, 1532, 1116, 1859, 137, 1703, 141, 1785, 1582, 643, 119, 12, 968, 1193, 408, 214, 601, 967, 803, 1551, 363, 424, 958, 1826, 196]]
Resuming from epoch 65: /Users/suraj/Downloads/outputs/wall_single/checkpoints/model_latest.pth
num_action_repeat: 1
num_proprio_repeat: 1
proprio encoder: ProprioceptiveEmbedding(
  (patch_embed): Conv1d(2, 10, kernel_size=(1,), stride=(1,))
)
action encoder: ProprioceptiveEmbedding(
  (patch_embed): Conv1d(10, 10, kernel_size=(1,), stride=(1,))
)
proprio_dim: 10, after repeat: 10
action_dim: 10, after repeat: 10
emb_dim: 404
Model emb_dim:  404
eval_seed:  [11, 12, 13, 14, 15, 16, 17, 18, 19, 20]
Dumped plan targets to /Users/suraj/Desktop/EAI_DINO/results/paired_targets/transition_run_v2/budget_bB/seed_1/plan_targets.pkl
Success rate:  0.0
{'success': array([False, False, False, False, False, False, False, False, False,
       False]), 'state_dist': array([21.28055041, 26.93543639, 14.82612706, 36.45001978, 11.31381931,
       28.01914231, 19.84877867, 30.95499336, 26.46767916, 19.9373521 ])}
MPC iter 0 Eval ------- 
Success rate:  0.0
{'success': array([False, False, False, False, False, False, False, False, False,
       False]), 'state_dist': array([21.28055041, 26.93543639, 14.82612706, 36.45001978, 11.31381931,
       28.01914231, 19.84877867, 30.95499336, 26.46767916, 19.9373521 ])}
self.is_success:  [False False False False False False False False False False]
Success rate:  0.0
{'success': array([False, False, False, False, False, False, False, False, False,
       False]), 'state_dist': array([21.28055041, 26.93543639, 14.82612706, 36.45001978, 11.31381931,
       28.01914231, 19.84877867, 30.95499336, 26.46767916, 19.9373521 ])}
[ok] budget=bB seed=1 targets=/Users/suraj/Desktop/EAI_DINO/results/paired_targets/transition_run_v2/budget_bB/seed_1/plan_targets.pkl
Planning device: mps
Loading wall dataset...
Loaded 1920 rollouts
Using cache found in /Users/suraj/.cache/torch/hub/facebookresearch_dinov2_main
[[102, 33, 1056, 1591, 354, 245, 790, 1323, 142, 1745, 1588, 1473, 38, 1192, 735, 832, 547, 1186, 843, 660, 869, 83, 695, 1629, 179, 1658, 157, 1758, 1747, 250, 312, 1361, 1163, 1798, 275, 1099, 1787, 964, 1066, 609, 1666, 774, 181, 1502, 407, 668, 593, 1623, 1101, 565, 1350, 1572, 1094, 512, 148, 809, 263, 1853, 908, 927, 626, 569, 1730, 757, 1574, 1866, 1107, 1706, 391, 1255, 947, 828, 1720, 1057, 19, 1364, 1575, 1914, 1562, 1909, 534, 973, 538, 1017, 646, 285, 309, 1884, 1059, 552, 697, 1702, 145, 819, 649, 665, 169, 1051, 171, 1529, 1470, 291, 1371, 1240, 1641, 1746, 1443, 1307, 1801, 369, 1365, 525, 167, 1121, 1430, 874, 528, 1459, 1617, 770, 359, 923, 507, 884, 1616, 1314, 1149, 1379, 891, 1442, 1047, 1887, 248, 1767, 1620, 283, 392, 1290, 1650, 242, 1399, 807, 159, 204, 775, 1827, 500, 1352, 700, 1265, 1102, 149, 1440, 1258, 1738, 347, 690, 468, 1726, 1234, 1126, 868, 1501, 621, 585, 1523, 121, 1108, 846, 1167, 1405, 114, 474, 1406, 195, 1144, 586, 384, 1680, 298, 308, 529, 901, 475, 992, 1811, 1655, 914, 1598, 560, 1452, 385, 1032, 1895, 756, 1893, 485, 1293, 1876, 378, 206, 61, 1762, 1335, 1779, 1062, 111, 550, 1357, 284, 1074, 880, 592, 712, 1454, 1660, 1067, 946, 1011, 193, 1838, 1072, 1065, 1267, 1217, 591, 678, 792, 180, 1313, 69, 84, 1603, 1775, 201, 1415, 457, 1359, 400, 1759, 1081, 554, 471, 1841, 446, 1670, 688, 140, 1600, 871, 1093, 460, 1831, 818, 940, 1128, 614, 1000, 987, 1048, 72, 465, 804, 1804, 826, 1006, 1129, 270, 954, 86, 107, 1744, 751, 1143, 1554, 1750, 556, 1692, 664, 943, 907, 1713, 881, 1793, 849, 972, 264, 1431, 1040, 1391, 680, 1864, 724, 1549, 455, 600, 389, 1301, 1262, 1073, 1216, 613, 314, 15, 657, 896, 549, 575, 719, 545, 937, 1585, 165, 1252, 338, 970, 1366, 1247, 1024, 14, 855, 212, 887, 977, 1225, 776, 10, 1903, 1423, 596, 726, 431, 959, 1159, 1033, 1458, 1196, 1526, 317, 1358, 454, 1647, 976, 773, 1786, 1462, 488, 41, 571, 1464, 599, 979, 864, 18, 306, 1299, 797, 332, 1424, 1286, 66, 51, 1230, 1527, 1042, 762, 219, 487, 1026, 1282, 1285, 1503, 1597, 1573, 758, 999, 30, 1215, 1315, 1227, 387, 1867, 1421, 220, 932, 1829, 26, 1822, 290, 1088, 1902, 429, 463, 197, 1156, 1539, 1491, 1027, 1901, 733, 1879, 833, 278, 1251, 1899, 1642, 73, 272, 1019, 1084, 1346, 1803, 845, 568, 286, 76, 956, 1237, 48, 939, 1601, 481, 1187, 176, 1231, 1545, 1664, 1244, 87, 47, 194, 1586, 1316, 1125, 1649, 1077, 995, 1665, 1428, 1219, 1712, 1038, 542, 998, 70, 929, 1648, 476, 886, 1134, 1733, 854, 853, 1283, 1432, 1723, 1269, 281, 1174, 110, 1685, 1868, 777, 1522, 353, 798, 1773, 409, 768, 1273, 1490, 221, 1154, 1499, 71, 1637, 720, 1850, 1198, 1755, 1915, 716, 1900, 1835, 672, 319, 1536, 226, 1472, 1602, 969, 492, 428, 895, 814, 1133, 62, 656, 1722, 1621, 1142, 1087, 524, 1590, 1030, 650, 1451, 1913, 1259, 1917, 544, 377, 862, 1202, 1177, 1274, 1123, 617, 605, 1106, 1855, 422, 1769, 362, 1721, 1329, 1206, 1506, 135, 1320, 217, 120, 1120, 1836, 710, 717, 1799, 1557, 722, 1694, 405, 375, 1034, 260, 1496, 411, 1672, 28, 637, 373, 1808, 134, 1012, 536, 1752, 983, 1135, 1576, 483, 13, 404, 841, 1172, 1041, 1843, 161, 847, 1369, 1910, 1782, 1671, 1376, 1856, 498, 806, 635, 1212, 438, 835, 1849, 1109, 1349, 1043, 2, 466, 610, 1165, 885, 951, 344, 300, 1807, 1908, 287, 1877, 705, 1872, 1581, 985, 328, 708, 730, 350, 307, 146, 840, 1180, 494, 16, 555, 1368, 1780, 779, 1771, 1203, 1754, 744, 863, 1684, 639, 1919, 738, 938, 1053, 618, 91, 1886, 1028, 472, 1050, 138, 131, 89, 416, 991, 1254, 467, 227, 1765, 1634, 1789, 1622, 1205, 1874, 839, 1151, 654, 1182, 815, 470, 670, 150, 718, 352, 1579, 879, 443, 1690, 32, 435, 1383, 501, 882, 1085, 1176, 1382, 1171, 686, 1140, 1105, 800, 1516, 1485, 516, 1475, 1434, 1911, 889, 239, 652, 1535, 1639, 335, 1325, 1784, 765, 663, 1224, 448, 1815, 739, 1812, 1076, 747, 1467, 732, 1654, 1828, 502, 1319, 1425, 1160, 1468, 368, 1732, 1248, 143, 808, 674, 713, 129, 1599, 288, 1005, 1643, 1729, 1918, 1064, 279, 1741, 406, 867, 729, 604, 1220, 750, 304, 936, 215, 1626, 1778, 1031, 1756, 305, 1699, 412, 1387, 1640, 210, 188, 253, 645, 1279, 349, 1898, 262, 1082, 213, 255, 1514, 1375, 576, 698, 986, 1119, 508, 1753, 104, 1296, 1380, 128, 163, 693, 1524, 924, 842, 812, 1348, 199, 1386, 1628, 1435, 1772, 817, 931, 334, 1360, 390, 1413, 1783, 944, 905, 1271, 1132, 1857, 35, 340, 1461, 506, 1150, 1455, 594, 1020, 1178, 1770, 1389, 1276, 1355, 1228, 990, 1480, 1100, 1326, 282, 1321, 852, 200, 1146, 1253, 49, 1682, 1221, 1840, 1525, 1037, 1170, 1800, 648, 1243, 266, 926, 782, 1667, 984, 570, 1289, 1860, 893, 1630, 479, 339, 246, 866, 1631, 211, 684, 60, 125, 1513, 836, 43, 1450, 515, 1256, 244, 1063, 1693, 913, 966, 54, 432, 1869, 254, 1916, 577, 1096, 540, 1075, 1261, 1871, 1587, 381, 634, 205, 269, 489, 1890, 37, 746, 386, 551, 1414, 953, 1403, 709, 622, 1497, 1561, 1324, 158, 624, 426, 1466, 44, 267, 994, 318, 1398, 397, 95, 786, 81, 1332, 837, 289, 865, 965, 67, 1696, 816, 1044, 820, 229, 1400, 1362, 491, 1139, 1873, 1338, 559, 1016, 1021, 1436, 1002, 1797, 40, 224, 1615, 1385, 941, 1308, 978, 794, 231, 834, 1675, 1736, 31, 1181, 562, 831, 1272, 767, 372, 1825, 1669, 760, 380, 1343, 42, 1351, 1337, 1441, 268, 1644, 1015, 52, 1469, 1861, 1481, 22, 1605, 361, 1381, 410, 1333, 975, 1046, 1595, 348, 1768, 366, 1281, 772, 974, 495, 358, 590, 187, 631, 1695, 687, 1328, 572, 588, 1805, 620, 1577, 1449, 1433, 1659, 320, 418, 346, 602, 573, 1709, 1300, 113, 427, 1891, 1341, 236, 1001, 370, 723, 1092, 1560, 379, 662, 79, 850, 1704, 824, 627, 436, 666, 1103, 653, 945, 1370, 1232, 587, 234, 103, 1858, 934, 1420, 123, 1818, 1310, 499, 1739, 1493, 1847, 1553, 740, 124, 1260, 1378, 1842, 1777, 1816, 1543, 749, 608, 1563, 996, 25, 101, 90, 459, 337, 122, 580, 829, 533, 292, 452, 1614, 1183, 1322, 1278, 521, 1136, 1190, 96, 259, 1645, 1008, 1888, 342, 445, 1504, 162, 382, 1894, 784, 1404, 1531, 1312, 444, 1097, 1447, 1280, 872, 168, 50, 1687, 1593, 1610, 98, 1242, 769, 642, 1309, 888, 433, 302, 1263, 1169, 1656, 1295, 243, 921, 1438, 1161, 877, 640, 1541, 24, 703, 980, 1173, 935, 1519, 440, 1512, 1137, 822, 1014, 310, 511, 583, 1518, 458, 274, 109, 856, 522, 11, 462, 1236, 232, 633, 1567, 1241, 989, 1725, 280, 875, 1083, 1833, 324, 1566, 249, 172, 696, 1505, 1010, 1477, 1327, 910, 861, 88, 99, 357, 437, 80, 1292, 764, 175, 395, 1716, 699, 1483, 1717, 673, 623, 1697, 1479, 1060, 1651, 553, 981, 218, 1110, 185, 77, 900, 371, 904, 1390, 21, 1882, 595, 1718, 1476, 152, 420, 918, 192, 1679, 1484, 1863, 787, 567, 851, 441, 530, 517, 1419, 1388, 329, 301, 1330, 876, 478, 1530, 676, 1844, 403, 74, 647, 728, 230, 519, 256, 737, 235, 1796, 182, 858, 504, 1287, 1124, 1229, 294, 625, 894, 759, 1544, 330, 1711, 505, 903, 1055, 1238, 1397, 1686, 136, 1275, 1580, 1584, 59, 1112, 1636, 166, 655, 1520, 1540, 374, 496, 414, 1226, 154, 860, 531, 1465, 1345, 1662, 1284, 669, 1627, 1408, 36, 191, 1748, 7, 1498, 802, 325, 957, 208, 228, 1201, 950, 1318, 155, 948, 133, 920, 442, 225, 611, 1633, 796, 667, 1652, 1304, 1609, 1611, 527, 1427, 1354, 689, 930, 870, 925, 56, 1402, 100, 189, 1068, 1737, 322, 523, 247, 971, 1445, 55, 579, 1374, 1571, 1521, 890, 785, 58, 671, 1608, 1168, 1742, 899, 299, 778, 1542, 761, 566, 46, 1708, 1719, 351, 1392, 651, 1764, 811, 449, 922, 261, 1036, 694, 127, 1114, 707, 1487, 1852, 1802, 873, 174, 1865, 1710, 763, 164, 1632, 345, 539, 1141, 805, 919, 911, 184, 548, 1422, 1625, 1155, 399, 1795, 1845, 1889, 1565, 45, 603, 1444, 1517, 1823, 1246, 477, 64, 1164, 1411, 781, 8, 1635, 1583, 1200, 241, 151, 177, 333, 629, 1453, 293, 1760, 636, 1239, 1115, 727, 273, 1394, 1266, 1184, 1619, 1743, 313, 1904, 982, 1367, 153, 564, 1806, 331, 1862, 1848, 606, 1264, 57, 97, 1774, 1814, 1086, 1029, 393, 1488, 85, 1509, 1550, 725, 1638, 1846, 1342, 1728, 993, 421, 1781, 681, 473, 1604, 364, 1613, 679, 780, 1885, 581, 1130, 116, 823, 355, 736, 75, 398, 557, 1740, 1515, 1596, 1250, 641, 1683, 198, 1363, 589, 1223, 1209, 417, 209, 1810, 9, 535, 1500, 1881, 1208, 909, 0, 702, 1897, 598, 1189, 748, 675, 1691, 1152, 755, 4, 1416, 830, 439, 1222, 1340, 692, 1003, 34, 356, 170, 1761, 1657, 1578, 401, 795, 1507, 997, 644, 1166, 447, 518, 563, 336, 1820, 343, 597, 844, 1058, 497, 311, 1463, 754, 1218, 1191, 1148, 1612, 1022, 1344, 1776, 942, 906, 1409, 1098, 130, 1418, 1830, 190, 1303, 1749, 607, 825, 92, 677, 628, 326, 715, 949, 27, 1537, 1025, 1439, 1277, 396, 1270, 53, 558, 584, 616, 630, 1533, 532, 1113, 612, 1080, 173, 1090, 838, 17, 897, 1306, 1311, 1131, 388, 1118, 1528, 1426, 1257, 1460, 1714, 1407, 144, 1734, 258, 1731, 526, 367, 1834, 126, 1104, 638, 791, 265, 223, 461, 1457, 139, 456, 1905, 1663, 1412, 1568, 1763, 883, 1661, 1678, 493, 1606, 1813, 541, 1757, 276, 296, 1673, 222, 1707, 183, 257, 615, 1478, 742, 376, 810, 661, 365, 156, 1298, 1701, 1653, 202, 1334, 1197, 1482, 106, 323, 1448, 1558, 1179, 1854, 902, 1049, 297, 216, 1268, 277, 1336, 1393, 65, 1456, 1052, 5, 1735, 1495, 1175, 988, 117, 721, 1788, 315, 1819, 1305, 1794, 520, 543, 1214, 917, 731, 1091, 1147, 1070, 68, 892, 1486, 464, 783, 115, 1883, 1372, 752, 383, 1122, 582, 1039, 1213, 574, 1594, 1870, 1111, 1792, 706, 1674, 233, 1607, 691, 1417, 1071, 711, 1538, 252, 741, 1396, 1211, 1429, 1906, 513, 799, 1384, 1138, 1688, 1681, 1045, 961, 743, 1824, 619, 766, 1727, 147, 827, 1117, 1547, 1892, 39, 82, 1546, 963, 178, 658, 1592, 425, 484, 415, 1204, 1331, 1207, 561, 912, 451, 1548, 1494, 1210, 1676, 685, 1291, 793, 632, 1018], [1054, 207, 1715, 1233, 514, 238, 1377, 1677, 878, 1624, 1145, 1009, 469, 962, 1194, 93, 1556, 1851, 1569, 1089, 745, 423, 23, 821, 29, 1401, 789, 1791, 788, 1079, 1347, 503, 1199, 753, 848, 1294, 801, 682, 955, 112, 1188, 402, 1878, 1817, 1288, 1821, 1245, 1302, 1007, 1705, 271, 510, 1510, 327, 1127, 486, 1555, 1004, 1589, 1511, 1700, 1373, 1668, 341, 1489, 1790, 1492, 321, 659, 578, 303, 118, 960, 453, 160, 683, 1832, 434, 701, 928, 480, 1446, 1552, 704, 94, 1317, 1410, 394, 186, 771, 859, 1395, 1646, 1570, 1353, 714, 1297, 360, 1153, 1185, 1766, 1471, 1013, 1356, 1437, 78, 63, 1618, 537, 482, 3, 450, 1339, 490, 857, 251, 898, 916, 546, 1809, 1689, 1078, 1069, 1, 1035, 1534, 1158, 203, 1837, 1095, 1235, 295, 933, 1474, 1559, 240, 105, 419, 1751, 1061, 1896, 1162, 1508, 1195, 237, 509, 1875, 6, 1564, 1698, 1907, 20, 1023, 1157, 1724, 132, 1912, 108, 1839, 734, 413, 316, 1249, 1880, 430, 915, 952, 813, 1532, 1116, 1859, 137, 1703, 141, 1785, 1582, 643, 119, 12, 968, 1193, 408, 214, 601, 967, 803, 1551, 363, 424, 958, 1826, 196]]
Resuming from epoch 65: /Users/suraj/Downloads/outputs/wall_single/checkpoints/model_latest.pth
num_action_repeat: 1
num_proprio_repeat: 1
proprio encoder: ProprioceptiveEmbedding(
  (patch_embed): Conv1d(2, 10, kernel_size=(1,), stride=(1,))
)
action encoder: ProprioceptiveEmbedding(
  (patch_embed): Conv1d(10, 10, kernel_size=(1,), stride=(1,))
)
proprio_dim: 10, after repeat: 10
action_dim: 10, after repeat: 10
emb_dim: 404
Model emb_dim:  404
eval_seed:  [21, 22, 23, 24, 25, 26, 27, 28, 29, 30]
Dumped plan targets to /Users/suraj/Desktop/EAI_DINO/results/paired_targets/transition_run_v2/budget_bB/seed_2/plan_targets.pkl
Success rate:  0.0
{'success': array([False, False, False, False, False, False, False, False, False,
       False]), 'state_dist': array([32.83438634, 26.58990249, 27.60089141, 28.87458307, 12.44029677,
       19.79653265, 20.49937485, 16.28694276, 21.52546179, 18.43474025])}
MPC iter 0 Eval ------- 
Success rate:  0.0
{'success': array([False, False, False, False, False, False, False, False, False,
       False]), 'state_dist': array([32.83438634, 26.58990249, 27.60089141, 28.87458307, 12.44029677,
       19.79653265, 20.49937485, 16.28694276, 21.52546179, 18.43474025])}
self.is_success:  [False False False False False False False False False False]
Success rate:  0.0
{'success': array([False, False, False, False, False, False, False, False, False,
       False]), 'state_dist': array([32.83438634, 26.58990249, 27.60089141, 28.87458307, 12.44029677,
       19.79653265, 20.49937485, 16.28694276, 21.52546179, 18.43474025])}
[ok] budget=bB seed=2 targets=/Users/suraj/Desktop/EAI_DINO/results/paired_targets/transition_run_v2/budget_bB/seed_2/plan_targets.pkl
Wrote /Users/suraj/Desktop/EAI_DINO/results/paired_targets/transition_run_v2/paired_targets_manifest.json
[stage] Optional sanity build for variants
Gym has been unmaintained since 2022 and does not support NumPy 2.0 amongst other critical functionality.
Please upgrade to Gymnasium, the maintained drop-in replacement of Gym, or contact the authors of your software and request that they upgrade.
See the migration guide at https://gymnasium.farama.org/introduction/migration_guide/ for additional information.
/Users/suraj/Desktop/EAI_DINO/third_party_dino_wm/custom_resolvers.py:4: UserWarning: 
The version_base parameter is not specified.
Please specify a compatability version level, or None.
Will assume defaults for version 1.1
  @hydra.main(config_path=None)
Using cache found in /Users/suraj/.cache/torch/hub/facebookresearch_dinov2_main
Planning device: mps
Loading wall dataset...
Loaded 1920 rollouts
[[102, 33, 1056, 1591, 354, 245, 790, 1323, 142, 1745, 1588, 1473, 38, 1192, 735, 832, 547, 1186, 843, 660, 869, 83, 695, 1629, 179, 1658, 157, 1758, 1747, 250, 312, 1361, 1163, 1798, 275, 1099, 1787, 964, 1066, 609, 1666, 774, 181, 1502, 407, 668, 593, 1623, 1101, 565, 1350, 1572, 1094, 512, 148, 809, 263, 1853, 908, 927, 626, 569, 1730, 757, 1574, 1866, 1107, 1706, 391, 1255, 947, 828, 1720, 1057, 19, 1364, 1575, 1914, 1562, 1909, 534, 973, 538, 1017, 646, 285, 309, 1884, 1059, 552, 697, 1702, 145, 819, 649, 665, 169, 1051, 171, 1529, 1470, 291, 1371, 1240, 1641, 1746, 1443, 1307, 1801, 369, 1365, 525, 167, 1121, 1430, 874, 528, 1459, 1617, 770, 359, 923, 507, 884, 1616, 1314, 1149, 1379, 891, 1442, 1047, 1887, 248, 1767, 1620, 283, 392, 1290, 1650, 242, 1399, 807, 159, 204, 775, 1827, 500, 1352, 700, 1265, 1102, 149, 1440, 1258, 1738, 347, 690, 468, 1726, 1234, 1126, 868, 1501, 621, 585, 1523, 121, 1108, 846, 1167, 1405, 114, 474, 1406, 195, 1144, 586, 384, 1680, 298, 308, 529, 901, 475, 992, 1811, 1655, 914, 1598, 560, 1452, 385, 1032, 1895, 756, 1893, 485, 1293, 1876, 378, 206, 61, 1762, 1335, 1779, 1062, 111, 550, 1357, 284, 1074, 880, 592, 712, 1454, 1660, 1067, 946, 1011, 193, 1838, 1072, 1065, 1267, 1217, 591, 678, 792, 180, 1313, 69, 84, 1603, 1775, 201, 1415, 457, 1359, 400, 1759, 1081, 554, 471, 1841, 446, 1670, 688, 140, 1600, 871, 1093, 460, 1831, 818, 940, 1128, 614, 1000, 987, 1048, 72, 465, 804, 1804, 826, 1006, 1129, 270, 954, 86, 107, 1744, 751, 1143, 1554, 1750, 556, 1692, 664, 943, 907, 1713, 881, 1793, 849, 972, 264, 1431, 1040, 1391, 680, 1864, 724, 1549, 455, 600, 389, 1301, 1262, 1073, 1216, 613, 314, 15, 657, 896, 549, 575, 719, 545, 937, 1585, 165, 1252, 338, 970, 1366, 1247, 1024, 14, 855, 212, 887, 977, 1225, 776, 10, 1903, 1423, 596, 726, 431, 959, 1159, 1033, 1458, 1196, 1526, 317, 1358, 454, 1647, 976, 773, 1786, 1462, 488, 41, 571, 1464, 599, 979, 864, 18, 306, 1299, 797, 332, 1424, 1286, 66, 51, 1230, 1527, 1042, 762, 219, 487, 1026, 1282, 1285, 1503, 1597, 1573, 758, 999, 30, 1215, 1315, 1227, 387, 1867, 1421, 220, 932, 1829, 26, 1822, 290, 1088, 1902, 429, 463, 197, 1156, 1539, 1491, 1027, 1901, 733, 1879, 833, 278, 1251, 1899, 1642, 73, 272, 1019, 1084, 1346, 1803, 845, 568, 286, 76, 956, 1237, 48, 939, 1601, 481, 1187, 176, 1231, 1545, 1664, 1244, 87, 47, 194, 1586, 1316, 1125, 1649, 1077, 995, 1665, 1428, 1219, 1712, 1038, 542, 998, 70, 929, 1648, 476, 886, 1134, 1733, 854, 853, 1283, 1432, 1723, 1269, 281, 1174, 110, 1685, 1868, 777, 1522, 353, 798, 1773, 409, 768, 1273, 1490, 221, 1154, 1499, 71, 1637, 720, 1850, 1198, 1755, 1915, 716, 1900, 1835, 672, 319, 1536, 226, 1472, 1602, 969, 492, 428, 895, 814, 1133, 62, 656, 1722, 1621, 1142, 1087, 524, 1590, 1030, 650, 1451, 1913, 1259, 1917, 544, 377, 862, 1202, 1177, 1274, 1123, 617, 605, 1106, 1855, 422, 1769, 362, 1721, 1329, 1206, 1506, 135, 1320, 217, 120, 1120, 1836, 710, 717, 1799, 1557, 722, 1694, 405, 375, 1034, 260, 1496, 411, 1672, 28, 637, 373, 1808, 134, 1012, 536, 1752, 983, 1135, 1576, 483, 13, 404, 841, 1172, 1041, 1843, 161, 847, 1369, 1910, 1782, 1671, 1376, 1856, 498, 806, 635, 1212, 438, 835, 1849, 1109, 1349, 1043, 2, 466, 610, 1165, 885, 951, 344, 300, 1807, 1908, 287, 1877, 705, 1872, 1581, 985, 328, 708, 730, 350, 307, 146, 840, 1180, 494, 16, 555, 1368, 1780, 779, 1771, 1203, 1754, 744, 863, 1684, 639, 1919, 738, 938, 1053, 618, 91, 1886, 1028, 472, 1050, 138, 131, 89, 416, 991, 1254, 467, 227, 1765, 1634, 1789, 1622, 1205, 1874, 839, 1151, 654, 1182, 815, 470, 670, 150, 718, 352, 1579, 879, 443, 1690, 32, 435, 1383, 501, 882, 1085, 1176, 1382, 1171, 686, 1140, 1105, 800, 1516, 1485, 516, 1475, 1434, 1911, 889, 239, 652, 1535, 1639, 335, 1325, 1784, 765, 663, 1224, 448, 1815, 739, 1812, 1076, 747, 1467, 732, 1654, 1828, 502, 1319, 1425, 1160, 1468, 368, 1732, 1248, 143, 808, 674, 713, 129, 1599, 288, 1005, 1643, 1729, 1918, 1064, 279, 1741, 406, 867, 729, 604, 1220, 750, 304, 936, 215, 1626, 1778, 1031, 1756, 305, 1699, 412, 1387, 1640, 210, 188, 253, 645, 1279, 349, 1898, 262, 1082, 213, 255, 1514, 1375, 576, 698, 986, 1119, 508, 1753, 104, 1296, 1380, 128, 163, 693, 1524, 924, 842, 812, 1348, 199, 1386, 1628, 1435, 1772, 817, 931, 334, 1360, 390, 1413, 1783, 944, 905, 1271, 1132, 1857, 35, 340, 1461, 506, 1150, 1455, 594, 1020, 1178, 1770, 1389, 1276, 1355, 1228, 990, 1480, 1100, 1326, 282, 1321, 852, 200, 1146, 1253, 49, 1682, 1221, 1840, 1525, 1037, 1170, 1800, 648, 1243, 266, 926, 782, 1667, 984, 570, 1289, 1860, 893, 1630, 479, 339, 246, 866, 1631, 211, 684, 60, 125, 1513, 836, 43, 1450, 515, 1256, 244, 1063, 1693, 913, 966, 54, 432, 1869, 254, 1916, 577, 1096, 540, 1075, 1261, 1871, 1587, 381, 634, 205, 269, 489, 1890, 37, 746, 386, 551, 1414, 953, 1403, 709, 622, 1497, 1561, 1324, 158, 624, 426, 1466, 44, 267, 994, 318, 1398, 397, 95, 786, 81, 1332, 837, 289, 865, 965, 67, 1696, 816, 1044, 820, 229, 1400, 1362, 491, 1139, 1873, 1338, 559, 1016, 1021, 1436, 1002, 1797, 40, 224, 1615, 1385, 941, 1308, 978, 794, 231, 834, 1675, 1736, 31, 1181, 562, 831, 1272, 767, 372, 1825, 1669, 760, 380, 1343, 42, 1351, 1337, 1441, 268, 1644, 1015, 52, 1469, 1861, 1481, 22, 1605, 361, 1381, 410, 1333, 975, 1046, 1595, 348, 1768, 366, 1281, 772, 974, 495, 358, 590, 187, 631, 1695, 687, 1328, 572, 588, 1805, 620, 1577, 1449, 1433, 1659, 320, 418, 346, 602, 573, 1709, 1300, 113, 427, 1891, 1341, 236, 1001, 370, 723, 1092, 1560, 379, 662, 79, 850, 1704, 824, 627, 436, 666, 1103, 653, 945, 1370, 1232, 587, 234, 103, 1858, 934, 1420, 123, 1818, 1310, 499, 1739, 1493, 1847, 1553, 740, 124, 1260, 1378, 1842, 1777, 1816, 1543, 749, 608, 1563, 996, 25, 101, 90, 459, 337, 122, 580, 829, 533, 292, 452, 1614, 1183, 1322, 1278, 521, 1136, 1190, 96, 259, 1645, 1008, 1888, 342, 445, 1504, 162, 382, 1894, 784, 1404, 1531, 1312, 444, 1097, 1447, 1280, 872, 168, 50, 1687, 1593, 1610, 98, 1242, 769, 642, 1309, 888, 433, 302, 1263, 1169, 1656, 1295, 243, 921, 1438, 1161, 877, 640, 1541, 24, 703, 980, 1173, 935, 1519, 440, 1512, 1137, 822, 1014, 310, 511, 583, 1518, 458, 274, 109, 856, 522, 11, 462, 1236, 232, 633, 1567, 1241, 989, 1725, 280, 875, 1083, 1833, 324, 1566, 249, 172, 696, 1505, 1010, 1477, 1327, 910, 861, 88, 99, 357, 437, 80, 1292, 764, 175, 395, 1716, 699, 1483, 1717, 673, 623, 1697, 1479, 1060, 1651, 553, 981, 218, 1110, 185, 77, 900, 371, 904, 1390, 21, 1882, 595, 1718, 1476, 152, 420, 918, 192, 1679, 1484, 1863, 787, 567, 851, 441, 530, 517, 1419, 1388, 329, 301, 1330, 876, 478, 1530, 676, 1844, 403, 74, 647, 728, 230, 519, 256, 737, 235, 1796, 182, 858, 504, 1287, 1124, 1229, 294, 625, 894, 759, 1544, 330, 1711, 505, 903, 1055, 1238, 1397, 1686, 136, 1275, 1580, 1584, 59, 1112, 1636, 166, 655, 1520, 1540, 374, 496, 414, 1226, 154, 860, 531, 1465, 1345, 1662, 1284, 669, 1627, 1408, 36, 191, 1748, 7, 1498, 802, 325, 957, 208, 228, 1201, 950, 1318, 155, 948, 133, 920, 442, 225, 611, 1633, 796, 667, 1652, 1304, 1609, 1611, 527, 1427, 1354, 689, 930, 870, 925, 56, 1402, 100, 189, 1068, 1737, 322, 523, 247, 971, 1445, 55, 579, 1374, 1571, 1521, 890, 785, 58, 671, 1608, 1168, 1742, 899, 299, 778, 1542, 761, 566, 46, 1708, 1719, 351, 1392, 651, 1764, 811, 449, 922, 261, 1036, 694, 127, 1114, 707, 1487, 1852, 1802, 873, 174, 1865, 1710, 763, 164, 1632, 345, 539, 1141, 805, 919, 911, 184, 548, 1422, 1625, 1155, 399, 1795, 1845, 1889, 1565, 45, 603, 1444, 1517, 1823, 1246, 477, 64, 1164, 1411, 781, 8, 1635, 1583, 1200, 241, 151, 177, 333, 629, 1453, 293, 1760, 636, 1239, 1115, 727, 273, 1394, 1266, 1184, 1619, 1743, 313, 1904, 982, 1367, 153, 564, 1806, 331, 1862, 1848, 606, 1264, 57, 97, 1774, 1814, 1086, 1029, 393, 1488, 85, 1509, 1550, 725, 1638, 1846, 1342, 1728, 993, 421, 1781, 681, 473, 1604, 364, 1613, 679, 780, 1885, 581, 1130, 116, 823, 355, 736, 75, 398, 557, 1740, 1515, 1596, 1250, 641, 1683, 198, 1363, 589, 1223, 1209, 417, 209, 1810, 9, 535, 1500, 1881, 1208, 909, 0, 702, 1897, 598, 1189, 748, 675, 1691, 1152, 755, 4, 1416, 830, 439, 1222, 1340, 692, 1003, 34, 356, 170, 1761, 1657, 1578, 401, 795, 1507, 997, 644, 1166, 447, 518, 563, 336, 1820, 343, 597, 844, 1058, 497, 311, 1463, 754, 1218, 1191, 1148, 1612, 1022, 1344, 1776, 942, 906, 1409, 1098, 130, 1418, 1830, 190, 1303, 1749, 607, 825, 92, 677, 628, 326, 715, 949, 27, 1537, 1025, 1439, 1277, 396, 1270, 53, 558, 584, 616, 630, 1533, 532, 1113, 612, 1080, 173, 1090, 838, 17, 897, 1306, 1311, 1131, 388, 1118, 1528, 1426, 1257, 1460, 1714, 1407, 144, 1734, 258, 1731, 526, 367, 1834, 126, 1104, 638, 791, 265, 223, 461, 1457, 139, 456, 1905, 1663, 1412, 1568, 1763, 883, 1661, 1678, 493, 1606, 1813, 541, 1757, 276, 296, 1673, 222, 1707, 183, 257, 615, 1478, 742, 376, 810, 661, 365, 156, 1298, 1701, 1653, 202, 1334, 1197, 1482, 106, 323, 1448, 1558, 1179, 1854, 902, 1049, 297, 216, 1268, 277, 1336, 1393, 65, 1456, 1052, 5, 1735, 1495, 1175, 988, 117, 721, 1788, 315, 1819, 1305, 1794, 520, 543, 1214, 917, 731, 1091, 1147, 1070, 68, 892, 1486, 464, 783, 115, 1883, 1372, 752, 383, 1122, 582, 1039, 1213, 574, 1594, 1870, 1111, 1792, 706, 1674, 233, 1607, 691, 1417, 1071, 711, 1538, 252, 741, 1396, 1211, 1429, 1906, 513, 799, 1384, 1138, 1688, 1681, 1045, 961, 743, 1824, 619, 766, 1727, 147, 827, 1117, 1547, 1892, 39, 82, 1546, 963, 178, 658, 1592, 425, 484, 415, 1204, 1331, 1207, 561, 912, 451, 1548, 1494, 1210, 1676, 685, 1291, 793, 632, 1018], [1054, 207, 1715, 1233, 514, 238, 1377, 1677, 878, 1624, 1145, 1009, 469, 962, 1194, 93, 1556, 1851, 1569, 1089, 745, 423, 23, 821, 29, 1401, 789, 1791, 788, 1079, 1347, 503, 1199, 753, 848, 1294, 801, 682, 955, 112, 1188, 402, 1878, 1817, 1288, 1821, 1245, 1302, 1007, 1705, 271, 510, 1510, 327, 1127, 486, 1555, 1004, 1589, 1511, 1700, 1373, 1668, 341, 1489, 1790, 1492, 321, 659, 578, 303, 118, 960, 453, 160, 683, 1832, 434, 701, 928, 480, 1446, 1552, 704, 94, 1317, 1410, 394, 186, 771, 859, 1395, 1646, 1570, 1353, 714, 1297, 360, 1153, 1185, 1766, 1471, 1013, 1356, 1437, 78, 63, 1618, 537, 482, 3, 450, 1339, 490, 857, 251, 898, 916, 546, 1809, 1689, 1078, 1069, 1, 1035, 1534, 1158, 203, 1837, 1095, 1235, 295, 933, 1474, 1559, 240, 105, 419, 1751, 1061, 1896, 1162, 1508, 1195, 237, 509, 1875, 6, 1564, 1698, 1907, 20, 1023, 1157, 1724, 132, 1912, 108, 1839, 734, 413, 316, 1249, 1880, 430, 915, 952, 813, 1532, 1116, 1859, 137, 1703, 141, 1785, 1582, 643, 119, 12, 968, 1193, 408, 214, 601, 967, 803, 1551, 363, 424, 958, 1826, 196]]
Resuming from epoch 65: /Users/suraj/Downloads/outputs/wall_single/checkpoints/model_latest.pth
num_action_repeat: 1
num_proprio_repeat: 1
proprio encoder: ProprioceptiveEmbedding(
  (patch_embed): Conv1d(2, 10, kernel_size=(1,), stride=(1,))
)
action encoder: ProprioceptiveEmbedding(
  (patch_embed): Conv1d(10, 10, kernel_size=(1,), stride=(1,))
)
proprio_dim: 10, after repeat: 10
action_dim: 10, after repeat: 10
emb_dim: 404
Model emb_dim:  404
eval_seed:  [2]
Dumped plan targets to /Users/suraj/Desktop/EAI_DINO/results/variants_transition/transition_run_v2/fp16/sanity/plan_targets.pkl
Success rate:  0.0
{'success': array([False]), 'state_dist': array([14.2670811])}
Success rate:  1.0
{'success': array([ True]), 'state_dist': array([2.96556336])}
MPC iter 0 Eval ------- 
Success rate:  1.0
{'success': array([ True]), 'state_dist': array([2.96556336])}
self.is_success:  [ True]
Success rate:  1.0
{'success': array([ True]), 'state_dist': array([2.96556336])}
[ok] fp16: success_rate=1.0000 run_dir=/Users/suraj/Desktop/EAI_DINO/results/variants_transition/transition_run_v2/fp16/sanity
Planning device: mps
Loading wall dataset...
Loaded 1920 rollouts
Using cache found in /Users/suraj/.cache/torch/hub/facebookresearch_dinov2_main
[[102, 33, 1056, 1591, 354, 245, 790, 1323, 142, 1745, 1588, 1473, 38, 1192, 735, 832, 547, 1186, 843, 660, 869, 83, 695, 1629, 179, 1658, 157, 1758, 1747, 250, 312, 1361, 1163, 1798, 275, 1099, 1787, 964, 1066, 609, 1666, 774, 181, 1502, 407, 668, 593, 1623, 1101, 565, 1350, 1572, 1094, 512, 148, 809, 263, 1853, 908, 927, 626, 569, 1730, 757, 1574, 1866, 1107, 1706, 391, 1255, 947, 828, 1720, 1057, 19, 1364, 1575, 1914, 1562, 1909, 534, 973, 538, 1017, 646, 285, 309, 1884, 1059, 552, 697, 1702, 145, 819, 649, 665, 169, 1051, 171, 1529, 1470, 291, 1371, 1240, 1641, 1746, 1443, 1307, 1801, 369, 1365, 525, 167, 1121, 1430, 874, 528, 1459, 1617, 770, 359, 923, 507, 884, 1616, 1314, 1149, 1379, 891, 1442, 1047, 1887, 248, 1767, 1620, 283, 392, 1290, 1650, 242, 1399, 807, 159, 204, 775, 1827, 500, 1352, 700, 1265, 1102, 149, 1440, 1258, 1738, 347, 690, 468, 1726, 1234, 1126, 868, 1501, 621, 585, 1523, 121, 1108, 846, 1167, 1405, 114, 474, 1406, 195, 1144, 586, 384, 1680, 298, 308, 529, 901, 475, 992, 1811, 1655, 914, 1598, 560, 1452, 385, 1032, 1895, 756, 1893, 485, 1293, 1876, 378, 206, 61, 1762, 1335, 1779, 1062, 111, 550, 1357, 284, 1074, 880, 592, 712, 1454, 1660, 1067, 946, 1011, 193, 1838, 1072, 1065, 1267, 1217, 591, 678, 792, 180, 1313, 69, 84, 1603, 1775, 201, 1415, 457, 1359, 400, 1759, 1081, 554, 471, 1841, 446, 1670, 688, 140, 1600, 871, 1093, 460, 1831, 818, 940, 1128, 614, 1000, 987, 1048, 72, 465, 804, 1804, 826, 1006, 1129, 270, 954, 86, 107, 1744, 751, 1143, 1554, 1750, 556, 1692, 664, 943, 907, 1713, 881, 1793, 849, 972, 264, 1431, 1040, 1391, 680, 1864, 724, 1549, 455, 600, 389, 1301, 1262, 1073, 1216, 613, 314, 15, 657, 896, 549, 575, 719, 545, 937, 1585, 165, 1252, 338, 970, 1366, 1247, 1024, 14, 855, 212, 887, 977, 1225, 776, 10, 1903, 1423, 596, 726, 431, 959, 1159, 1033, 1458, 1196, 1526, 317, 1358, 454, 1647, 976, 773, 1786, 1462, 488, 41, 571, 1464, 599, 979, 864, 18, 306, 1299, 797, 332, 1424, 1286, 66, 51, 1230, 1527, 1042, 762, 219, 487, 1026, 1282, 1285, 1503, 1597, 1573, 758, 999, 30, 1215, 1315, 1227, 387, 1867, 1421, 220, 932, 1829, 26, 1822, 290, 1088, 1902, 429, 463, 197, 1156, 1539, 1491, 1027, 1901, 733, 1879, 833, 278, 1251, 1899, 1642, 73, 272, 1019, 1084, 1346, 1803, 845, 568, 286, 76, 956, 1237, 48, 939, 1601, 481, 1187, 176, 1231, 1545, 1664, 1244, 87, 47, 194, 1586, 1316, 1125, 1649, 1077, 995, 1665, 1428, 1219, 1712, 1038, 542, 998, 70, 929, 1648, 476, 886, 1134, 1733, 854, 853, 1283, 1432, 1723, 1269, 281, 1174, 110, 1685, 1868, 777, 1522, 353, 798, 1773, 409, 768, 1273, 1490, 221, 1154, 1499, 71, 1637, 720, 1850, 1198, 1755, 1915, 716, 1900, 1835, 672, 319, 1536, 226, 1472, 1602, 969, 492, 428, 895, 814, 1133, 62, 656, 1722, 1621, 1142, 1087, 524, 1590, 1030, 650, 1451, 1913, 1259, 1917, 544, 377, 862, 1202, 1177, 1274, 1123, 617, 605, 1106, 1855, 422, 1769, 362, 1721, 1329, 1206, 1506, 135, 1320, 217, 120, 1120, 1836, 710, 717, 1799, 1557, 722, 1694, 405, 375, 1034, 260, 1496, 411, 1672, 28, 637, 373, 1808, 134, 1012, 536, 1752, 983, 1135, 1576, 483, 13, 404, 841, 1172, 1041, 1843, 161, 847, 1369, 1910, 1782, 1671, 1376, 1856, 498, 806, 635, 1212, 438, 835, 1849, 1109, 1349, 1043, 2, 466, 610, 1165, 885, 951, 344, 300, 1807, 1908, 287, 1877, 705, 1872, 1581, 985, 328, 708, 730, 350, 307, 146, 840, 1180, 494, 16, 555, 1368, 1780, 779, 1771, 1203, 1754, 744, 863, 1684, 639, 1919, 738, 938, 1053, 618, 91, 1886, 1028, 472, 1050, 138, 131, 89, 416, 991, 1254, 467, 227, 1765, 1634, 1789, 1622, 1205, 1874, 839, 1151, 654, 1182, 815, 470, 670, 150, 718, 352, 1579, 879, 443, 1690, 32, 435, 1383, 501, 882, 1085, 1176, 1382, 1171, 686, 1140, 1105, 800, 1516, 1485, 516, 1475, 1434, 1911, 889, 239, 652, 1535, 1639, 335, 1325, 1784, 765, 663, 1224, 448, 1815, 739, 1812, 1076, 747, 1467, 732, 1654, 1828, 502, 1319, 1425, 1160, 1468, 368, 1732, 1248, 143, 808, 674, 713, 129, 1599, 288, 1005, 1643, 1729, 1918, 1064, 279, 1741, 406, 867, 729, 604, 1220, 750, 304, 936, 215, 1626, 1778, 1031, 1756, 305, 1699, 412, 1387, 1640, 210, 188, 253, 645, 1279, 349, 1898, 262, 1082, 213, 255, 1514, 1375, 576, 698, 986, 1119, 508, 1753, 104, 1296, 1380, 128, 163, 693, 1524, 924, 842, 812, 1348, 199, 1386, 1628, 1435, 1772, 817, 931, 334, 1360, 390, 1413, 1783, 944, 905, 1271, 1132, 1857, 35, 340, 1461, 506, 1150, 1455, 594, 1020, 1178, 1770, 1389, 1276, 1355, 1228, 990, 1480, 1100, 1326, 282, 1321, 852, 200, 1146, 1253, 49, 1682, 1221, 1840, 1525, 1037, 1170, 1800, 648, 1243, 266, 926, 782, 1667, 984, 570, 1289, 1860, 893, 1630, 479, 339, 246, 866, 1631, 211, 684, 60, 125, 1513, 836, 43, 1450, 515, 1256, 244, 1063, 1693, 913, 966, 54, 432, 1869, 254, 1916, 577, 1096, 540, 1075, 1261, 1871, 1587, 381, 634, 205, 269, 489, 1890, 37, 746, 386, 551, 1414, 953, 1403, 709, 622, 1497, 1561, 1324, 158, 624, 426, 1466, 44, 267, 994, 318, 1398, 397, 95, 786, 81, 1332, 837, 289, 865, 965, 67, 1696, 816, 1044, 820, 229, 1400, 1362, 491, 1139, 1873, 1338, 559, 1016, 1021, 1436, 1002, 1797, 40, 224, 1615, 1385, 941, 1308, 978, 794, 231, 834, 1675, 1736, 31, 1181, 562, 831, 1272, 767, 372, 1825, 1669, 760, 380, 1343, 42, 1351, 1337, 1441, 268, 1644, 1015, 52, 1469, 1861, 1481, 22, 1605, 361, 1381, 410, 1333, 975, 1046, 1595, 348, 1768, 366, 1281, 772, 974, 495, 358, 590, 187, 631, 1695, 687, 1328, 572, 588, 1805, 620, 1577, 1449, 1433, 1659, 320, 418, 346, 602, 573, 1709, 1300, 113, 427, 1891, 1341, 236, 1001, 370, 723, 1092, 1560, 379, 662, 79, 850, 1704, 824, 627, 436, 666, 1103, 653, 945, 1370, 1232, 587, 234, 103, 1858, 934, 1420, 123, 1818, 1310, 499, 1739, 1493, 1847, 1553, 740, 124, 1260, 1378, 1842, 1777, 1816, 1543, 749, 608, 1563, 996, 25, 101, 90, 459, 337, 122, 580, 829, 533, 292, 452, 1614, 1183, 1322, 1278, 521, 1136, 1190, 96, 259, 1645, 1008, 1888, 342, 445, 1504, 162, 382, 1894, 784, 1404, 1531, 1312, 444, 1097, 1447, 1280, 872, 168, 50, 1687, 1593, 1610, 98, 1242, 769, 642, 1309, 888, 433, 302, 1263, 1169, 1656, 1295, 243, 921, 1438, 1161, 877, 640, 1541, 24, 703, 980, 1173, 935, 1519, 440, 1512, 1137, 822, 1014, 310, 511, 583, 1518, 458, 274, 109, 856, 522, 11, 462, 1236, 232, 633, 1567, 1241, 989, 1725, 280, 875, 1083, 1833, 324, 1566, 249, 172, 696, 1505, 1010, 1477, 1327, 910, 861, 88, 99, 357, 437, 80, 1292, 764, 175, 395, 1716, 699, 1483, 1717, 673, 623, 1697, 1479, 1060, 1651, 553, 981, 218, 1110, 185, 77, 900, 371, 904, 1390, 21, 1882, 595, 1718, 1476, 152, 420, 918, 192, 1679, 1484, 1863, 787, 567, 851, 441, 530, 517, 1419, 1388, 329, 301, 1330, 876, 478, 1530, 676, 1844, 403, 74, 647, 728, 230, 519, 256, 737, 235, 1796, 182, 858, 504, 1287, 1124, 1229, 294, 625, 894, 759, 1544, 330, 1711, 505, 903, 1055, 1238, 1397, 1686, 136, 1275, 1580, 1584, 59, 1112, 1636, 166, 655, 1520, 1540, 374, 496, 414, 1226, 154, 860, 531, 1465, 1345, 1662, 1284, 669, 1627, 1408, 36, 191, 1748, 7, 1498, 802, 325, 957, 208, 228, 1201, 950, 1318, 155, 948, 133, 920, 442, 225, 611, 1633, 796, 667, 1652, 1304, 1609, 1611, 527, 1427, 1354, 689, 930, 870, 925, 56, 1402, 100, 189, 1068, 1737, 322, 523, 247, 971, 1445, 55, 579, 1374, 1571, 1521, 890, 785, 58, 671, 1608, 1168, 1742, 899, 299, 778, 1542, 761, 566, 46, 1708, 1719, 351, 1392, 651, 1764, 811, 449, 922, 261, 1036, 694, 127, 1114, 707, 1487, 1852, 1802, 873, 174, 1865, 1710, 763, 164, 1632, 345, 539, 1141, 805, 919, 911, 184, 548, 1422, 1625, 1155, 399, 1795, 1845, 1889, 1565, 45, 603, 1444, 1517, 1823, 1246, 477, 64, 1164, 1411, 781, 8, 1635, 1583, 1200, 241, 151, 177, 333, 629, 1453, 293, 1760, 636, 1239, 1115, 727, 273, 1394, 1266, 1184, 1619, 1743, 313, 1904, 982, 1367, 153, 564, 1806, 331, 1862, 1848, 606, 1264, 57, 97, 1774, 1814, 1086, 1029, 393, 1488, 85, 1509, 1550, 725, 1638, 1846, 1342, 1728, 993, 421, 1781, 681, 473, 1604, 364, 1613, 679, 780, 1885, 581, 1130, 116, 823, 355, 736, 75, 398, 557, 1740, 1515, 1596, 1250, 641, 1683, 198, 1363, 589, 1223, 1209, 417, 209, 1810, 9, 535, 1500, 1881, 1208, 909, 0, 702, 1897, 598, 1189, 748, 675, 1691, 1152, 755, 4, 1416, 830, 439, 1222, 1340, 692, 1003, 34, 356, 170, 1761, 1657, 1578, 401, 795, 1507, 997, 644, 1166, 447, 518, 563, 336, 1820, 343, 597, 844, 1058, 497, 311, 1463, 754, 1218, 1191, 1148, 1612, 1022, 1344, 1776, 942, 906, 1409, 1098, 130, 1418, 1830, 190, 1303, 1749, 607, 825, 92, 677, 628, 326, 715, 949, 27, 1537, 1025, 1439, 1277, 396, 1270, 53, 558, 584, 616, 630, 1533, 532, 1113, 612, 1080, 173, 1090, 838, 17, 897, 1306, 1311, 1131, 388, 1118, 1528, 1426, 1257, 1460, 1714, 1407, 144, 1734, 258, 1731, 526, 367, 1834, 126, 1104, 638, 791, 265, 223, 461, 1457, 139, 456, 1905, 1663, 1412, 1568, 1763, 883, 1661, 1678, 493, 1606, 1813, 541, 1757, 276, 296, 1673, 222, 1707, 183, 257, 615, 1478, 742, 376, 810, 661, 365, 156, 1298, 1701, 1653, 202, 1334, 1197, 1482, 106, 323, 1448, 1558, 1179, 1854, 902, 1049, 297, 216, 1268, 277, 1336, 1393, 65, 1456, 1052, 5, 1735, 1495, 1175, 988, 117, 721, 1788, 315, 1819, 1305, 1794, 520, 543, 1214, 917, 731, 1091, 1147, 1070, 68, 892, 1486, 464, 783, 115, 1883, 1372, 752, 383, 1122, 582, 1039, 1213, 574, 1594, 1870, 1111, 1792, 706, 1674, 233, 1607, 691, 1417, 1071, 711, 1538, 252, 741, 1396, 1211, 1429, 1906, 513, 799, 1384, 1138, 1688, 1681, 1045, 961, 743, 1824, 619, 766, 1727, 147, 827, 1117, 1547, 1892, 39, 82, 1546, 963, 178, 658, 1592, 425, 484, 415, 1204, 1331, 1207, 561, 912, 451, 1548, 1494, 1210, 1676, 685, 1291, 793, 632, 1018], [1054, 207, 1715, 1233, 514, 238, 1377, 1677, 878, 1624, 1145, 1009, 469, 962, 1194, 93, 1556, 1851, 1569, 1089, 745, 423, 23, 821, 29, 1401, 789, 1791, 788, 1079, 1347, 503, 1199, 753, 848, 1294, 801, 682, 955, 112, 1188, 402, 1878, 1817, 1288, 1821, 1245, 1302, 1007, 1705, 271, 510, 1510, 327, 1127, 486, 1555, 1004, 1589, 1511, 1700, 1373, 1668, 341, 1489, 1790, 1492, 321, 659, 578, 303, 118, 960, 453, 160, 683, 1832, 434, 701, 928, 480, 1446, 1552, 704, 94, 1317, 1410, 394, 186, 771, 859, 1395, 1646, 1570, 1353, 714, 1297, 360, 1153, 1185, 1766, 1471, 1013, 1356, 1437, 78, 63, 1618, 537, 482, 3, 450, 1339, 490, 857, 251, 898, 916, 546, 1809, 1689, 1078, 1069, 1, 1035, 1534, 1158, 203, 1837, 1095, 1235, 295, 933, 1474, 1559, 240, 105, 419, 1751, 1061, 1896, 1162, 1508, 1195, 237, 509, 1875, 6, 1564, 1698, 1907, 20, 1023, 1157, 1724, 132, 1912, 108, 1839, 734, 413, 316, 1249, 1880, 430, 915, 952, 813, 1532, 1116, 1859, 137, 1703, 141, 1785, 1582, 643, 119, 12, 968, 1193, 408, 214, 601, 967, 803, 1551, 363, 424, 958, 1826, 196]]
Resuming from epoch 65: /Users/suraj/Downloads/outputs/wall_single/checkpoints/model_latest.pth
num_action_repeat: 1
num_proprio_repeat: 1
proprio encoder: ProprioceptiveEmbedding(
  (patch_embed): Conv1d(2, 10, kernel_size=(1,), stride=(1,))
)
action encoder: ProprioceptiveEmbedding(
  (patch_embed): Conv1d(10, 10, kernel_size=(1,), stride=(1,))
)
proprio_dim: 10, after repeat: 10
action_dim: 10, after repeat: 10
emb_dim: 404
Model emb_dim:  404
eval_seed:  [2]
Dumped plan targets to /Users/suraj/Desktop/EAI_DINO/results/variants_transition/transition_run_v2/uniform_int8/sanity/plan_targets.pkl
Success rate:  0.0
{'success': array([False]), 'state_dist': array([14.34597333])}
Success rate:  1.0
{'success': array([ True]), 'state_dist': array([3.50042408])}
MPC iter 0 Eval ------- 
Success rate:  1.0
{'success': array([ True]), 'state_dist': array([3.50042408])}
self.is_success:  [ True]
Success rate:  1.0
{'success': array([ True]), 'state_dist': array([3.50042408])}
[ok] uniform_int8: success_rate=1.0000 run_dir=/Users/suraj/Desktop/EAI_DINO/results/variants_transition/transition_run_v2/uniform_int8/sanity
Planning device: mps
Loading wall dataset...
Loaded 1920 rollouts
Using cache found in /Users/suraj/.cache/torch/hub/facebookresearch_dinov2_main
[[102, 33, 1056, 1591, 354, 245, 790, 1323, 142, 1745, 1588, 1473, 38, 1192, 735, 832, 547, 1186, 843, 660, 869, 83, 695, 1629, 179, 1658, 157, 1758, 1747, 250, 312, 1361, 1163, 1798, 275, 1099, 1787, 964, 1066, 609, 1666, 774, 181, 1502, 407, 668, 593, 1623, 1101, 565, 1350, 1572, 1094, 512, 148, 809, 263, 1853, 908, 927, 626, 569, 1730, 757, 1574, 1866, 1107, 1706, 391, 1255, 947, 828, 1720, 1057, 19, 1364, 1575, 1914, 1562, 1909, 534, 973, 538, 1017, 646, 285, 309, 1884, 1059, 552, 697, 1702, 145, 819, 649, 665, 169, 1051, 171, 1529, 1470, 291, 1371, 1240, 1641, 1746, 1443, 1307, 1801, 369, 1365, 525, 167, 1121, 1430, 874, 528, 1459, 1617, 770, 359, 923, 507, 884, 1616, 1314, 1149, 1379, 891, 1442, 1047, 1887, 248, 1767, 1620, 283, 392, 1290, 1650, 242, 1399, 807, 159, 204, 775, 1827, 500, 1352, 700, 1265, 1102, 149, 1440, 1258, 1738, 347, 690, 468, 1726, 1234, 1126, 868, 1501, 621, 585, 1523, 121, 1108, 846, 1167, 1405, 114, 474, 1406, 195, 1144, 586, 384, 1680, 298, 308, 529, 901, 475, 992, 1811, 1655, 914, 1598, 560, 1452, 385, 1032, 1895, 756, 1893, 485, 1293, 1876, 378, 206, 61, 1762, 1335, 1779, 1062, 111, 550, 1357, 284, 1074, 880, 592, 712, 1454, 1660, 1067, 946, 1011, 193, 1838, 1072, 1065, 1267, 1217, 591, 678, 792, 180, 1313, 69, 84, 1603, 1775, 201, 1415, 457, 1359, 400, 1759, 1081, 554, 471, 1841, 446, 1670, 688, 140, 1600, 871, 1093, 460, 1831, 818, 940, 1128, 614, 1000, 987, 1048, 72, 465, 804, 1804, 826, 1006, 1129, 270, 954, 86, 107, 1744, 751, 1143, 1554, 1750, 556, 1692, 664, 943, 907, 1713, 881, 1793, 849, 972, 264, 1431, 1040, 1391, 680, 1864, 724, 1549, 455, 600, 389, 1301, 1262, 1073, 1216, 613, 314, 15, 657, 896, 549, 575, 719, 545, 937, 1585, 165, 1252, 338, 970, 1366, 1247, 1024, 14, 855, 212, 887, 977, 1225, 776, 10, 1903, 1423, 596, 726, 431, 959, 1159, 1033, 1458, 1196, 1526, 317, 1358, 454, 1647, 976, 773, 1786, 1462, 488, 41, 571, 1464, 599, 979, 864, 18, 306, 1299, 797, 332, 1424, 1286, 66, 51, 1230, 1527, 1042, 762, 219, 487, 1026, 1282, 1285, 1503, 1597, 1573, 758, 999, 30, 1215, 1315, 1227, 387, 1867, 1421, 220, 932, 1829, 26, 1822, 290, 1088, 1902, 429, 463, 197, 1156, 1539, 1491, 1027, 1901, 733, 1879, 833, 278, 1251, 1899, 1642, 73, 272, 1019, 1084, 1346, 1803, 845, 568, 286, 76, 956, 1237, 48, 939, 1601, 481, 1187, 176, 1231, 1545, 1664, 1244, 87, 47, 194, 1586, 1316, 1125, 1649, 1077, 995, 1665, 1428, 1219, 1712, 1038, 542, 998, 70, 929, 1648, 476, 886, 1134, 1733, 854, 853, 1283, 1432, 1723, 1269, 281, 1174, 110, 1685, 1868, 777, 1522, 353, 798, 1773, 409, 768, 1273, 1490, 221, 1154, 1499, 71, 1637, 720, 1850, 1198, 1755, 1915, 716, 1900, 1835, 672, 319, 1536, 226, 1472, 1602, 969, 492, 428, 895, 814, 1133, 62, 656, 1722, 1621, 1142, 1087, 524, 1590, 1030, 650, 1451, 1913, 1259, 1917, 544, 377, 862, 1202, 1177, 1274, 1123, 617, 605, 1106, 1855, 422, 1769, 362, 1721, 1329, 1206, 1506, 135, 1320, 217, 120, 1120, 1836, 710, 717, 1799, 1557, 722, 1694, 405, 375, 1034, 260, 1496, 411, 1672, 28, 637, 373, 1808, 134, 1012, 536, 1752, 983, 1135, 1576, 483, 13, 404, 841, 1172, 1041, 1843, 161, 847, 1369, 1910, 1782, 1671, 1376, 1856, 498, 806, 635, 1212, 438, 835, 1849, 1109, 1349, 1043, 2, 466, 610, 1165, 885, 951, 344, 300, 1807, 1908, 287, 1877, 705, 1872, 1581, 985, 328, 708, 730, 350, 307, 146, 840, 1180, 494, 16, 555, 1368, 1780, 779, 1771, 1203, 1754, 744, 863, 1684, 639, 1919, 738, 938, 1053, 618, 91, 1886, 1028, 472, 1050, 138, 131, 89, 416, 991, 1254, 467, 227, 1765, 1634, 1789, 1622, 1205, 1874, 839, 1151, 654, 1182, 815, 470, 670, 150, 718, 352, 1579, 879, 443, 1690, 32, 435, 1383, 501, 882, 1085, 1176, 1382, 1171, 686, 1140, 1105, 800, 1516, 1485, 516, 1475, 1434, 1911, 889, 239, 652, 1535, 1639, 335, 1325, 1784, 765, 663, 1224, 448, 1815, 739, 1812, 1076, 747, 1467, 732, 1654, 1828, 502, 1319, 1425, 1160, 1468, 368, 1732, 1248, 143, 808, 674, 713, 129, 1599, 288, 1005, 1643, 1729, 1918, 1064, 279, 1741, 406, 867, 729, 604, 1220, 750, 304, 936, 215, 1626, 1778, 1031, 1756, 305, 1699, 412, 1387, 1640, 210, 188, 253, 645, 1279, 349, 1898, 262, 1082, 213, 255, 1514, 1375, 576, 698, 986, 1119, 508, 1753, 104, 1296, 1380, 128, 163, 693, 1524, 924, 842, 812, 1348, 199, 1386, 1628, 1435, 1772, 817, 931, 334, 1360, 390, 1413, 1783, 944, 905, 1271, 1132, 1857, 35, 340, 1461, 506, 1150, 1455, 594, 1020, 1178, 1770, 1389, 1276, 1355, 1228, 990, 1480, 1100, 1326, 282, 1321, 852, 200, 1146, 1253, 49, 1682, 1221, 1840, 1525, 1037, 1170, 1800, 648, 1243, 266, 926, 782, 1667, 984, 570, 1289, 1860, 893, 1630, 479, 339, 246, 866, 1631, 211, 684, 60, 125, 1513, 836, 43, 1450, 515, 1256, 244, 1063, 1693, 913, 966, 54, 432, 1869, 254, 1916, 577, 1096, 540, 1075, 1261, 1871, 1587, 381, 634, 205, 269, 489, 1890, 37, 746, 386, 551, 1414, 953, 1403, 709, 622, 1497, 1561, 1324, 158, 624, 426, 1466, 44, 267, 994, 318, 1398, 397, 95, 786, 81, 1332, 837, 289, 865, 965, 67, 1696, 816, 1044, 820, 229, 1400, 1362, 491, 1139, 1873, 1338, 559, 1016, 1021, 1436, 1002, 1797, 40, 224, 1615, 1385, 941, 1308, 978, 794, 231, 834, 1675, 1736, 31, 1181, 562, 831, 1272, 767, 372, 1825, 1669, 760, 380, 1343, 42, 1351, 1337, 1441, 268, 1644, 1015, 52, 1469, 1861, 1481, 22, 1605, 361, 1381, 410, 1333, 975, 1046, 1595, 348, 1768, 366, 1281, 772, 974, 495, 358, 590, 187, 631, 1695, 687, 1328, 572, 588, 1805, 620, 1577, 1449, 1433, 1659, 320, 418, 346, 602, 573, 1709, 1300, 113, 427, 1891, 1341, 236, 1001, 370, 723, 1092, 1560, 379, 662, 79, 850, 1704, 824, 627, 436, 666, 1103, 653, 945, 1370, 1232, 587, 234, 103, 1858, 934, 1420, 123, 1818, 1310, 499, 1739, 1493, 1847, 1553, 740, 124, 1260, 1378, 1842, 1777, 1816, 1543, 749, 608, 1563, 996, 25, 101, 90, 459, 337, 122, 580, 829, 533, 292, 452, 1614, 1183, 1322, 1278, 521, 1136, 1190, 96, 259, 1645, 1008, 1888, 342, 445, 1504, 162, 382, 1894, 784, 1404, 1531, 1312, 444, 1097, 1447, 1280, 872, 168, 50, 1687, 1593, 1610, 98, 1242, 769, 642, 1309, 888, 433, 302, 1263, 1169, 1656, 1295, 243, 921, 1438, 1161, 877, 640, 1541, 24, 703, 980, 1173, 935, 1519, 440, 1512, 1137, 822, 1014, 310, 511, 583, 1518, 458, 274, 109, 856, 522, 11, 462, 1236, 232, 633, 1567, 1241, 989, 1725, 280, 875, 1083, 1833, 324, 1566, 249, 172, 696, 1505, 1010, 1477, 1327, 910, 861, 88, 99, 357, 437, 80, 1292, 764, 175, 395, 1716, 699, 1483, 1717, 673, 623, 1697, 1479, 1060, 1651, 553, 981, 218, 1110, 185, 77, 900, 371, 904, 1390, 21, 1882, 595, 1718, 1476, 152, 420, 918, 192, 1679, 1484, 1863, 787, 567, 851, 441, 530, 517, 1419, 1388, 329, 301, 1330, 876, 478, 1530, 676, 1844, 403, 74, 647, 728, 230, 519, 256, 737, 235, 1796, 182, 858, 504, 1287, 1124, 1229, 294, 625, 894, 759, 1544, 330, 1711, 505, 903, 1055, 1238, 1397, 1686, 136, 1275, 1580, 1584, 59, 1112, 1636, 166, 655, 1520, 1540, 374, 496, 414, 1226, 154, 860, 531, 1465, 1345, 1662, 1284, 669, 1627, 1408, 36, 191, 1748, 7, 1498, 802, 325, 957, 208, 228, 1201, 950, 1318, 155, 948, 133, 920, 442, 225, 611, 1633, 796, 667, 1652, 1304, 1609, 1611, 527, 1427, 1354, 689, 930, 870, 925, 56, 1402, 100, 189, 1068, 1737, 322, 523, 247, 971, 1445, 55, 579, 1374, 1571, 1521, 890, 785, 58, 671, 1608, 1168, 1742, 899, 299, 778, 1542, 761, 566, 46, 1708, 1719, 351, 1392, 651, 1764, 811, 449, 922, 261, 1036, 694, 127, 1114, 707, 1487, 1852, 1802, 873, 174, 1865, 1710, 763, 164, 1632, 345, 539, 1141, 805, 919, 911, 184, 548, 1422, 1625, 1155, 399, 1795, 1845, 1889, 1565, 45, 603, 1444, 1517, 1823, 1246, 477, 64, 1164, 1411, 781, 8, 1635, 1583, 1200, 241, 151, 177, 333, 629, 1453, 293, 1760, 636, 1239, 1115, 727, 273, 1394, 1266, 1184, 1619, 1743, 313, 1904, 982, 1367, 153, 564, 1806, 331, 1862, 1848, 606, 1264, 57, 97, 1774, 1814, 1086, 1029, 393, 1488, 85, 1509, 1550, 725, 1638, 1846, 1342, 1728, 993, 421, 1781, 681, 473, 1604, 364, 1613, 679, 780, 1885, 581, 1130, 116, 823, 355, 736, 75, 398, 557, 1740, 1515, 1596, 1250, 641, 1683, 198, 1363, 589, 1223, 1209, 417, 209, 1810, 9, 535, 1500, 1881, 1208, 909, 0, 702, 1897, 598, 1189, 748, 675, 1691, 1152, 755, 4, 1416, 830, 439, 1222, 1340, 692, 1003, 34, 356, 170, 1761, 1657, 1578, 401, 795, 1507, 997, 644, 1166, 447, 518, 563, 336, 1820, 343, 597, 844, 1058, 497, 311, 1463, 754, 1218, 1191, 1148, 1612, 1022, 1344, 1776, 942, 906, 1409, 1098, 130, 1418, 1830, 190, 1303, 1749, 607, 825, 92, 677, 628, 326, 715, 949, 27, 1537, 1025, 1439, 1277, 396, 1270, 53, 558, 584, 616, 630, 1533, 532, 1113, 612, 1080, 173, 1090, 838, 17, 897, 1306, 1311, 1131, 388, 1118, 1528, 1426, 1257, 1460, 1714, 1407, 144, 1734, 258, 1731, 526, 367, 1834, 126, 1104, 638, 791, 265, 223, 461, 1457, 139, 456, 1905, 1663, 1412, 1568, 1763, 883, 1661, 1678, 493, 1606, 1813, 541, 1757, 276, 296, 1673, 222, 1707, 183, 257, 615, 1478, 742, 376, 810, 661, 365, 156, 1298, 1701, 1653, 202, 1334, 1197, 1482, 106, 323, 1448, 1558, 1179, 1854, 902, 1049, 297, 216, 1268, 277, 1336, 1393, 65, 1456, 1052, 5, 1735, 1495, 1175, 988, 117, 721, 1788, 315, 1819, 1305, 1794, 520, 543, 1214, 917, 731, 1091, 1147, 1070, 68, 892, 1486, 464, 783, 115, 1883, 1372, 752, 383, 1122, 582, 1039, 1213, 574, 1594, 1870, 1111, 1792, 706, 1674, 233, 1607, 691, 1417, 1071, 711, 1538, 252, 741, 1396, 1211, 1429, 1906, 513, 799, 1384, 1138, 1688, 1681, 1045, 961, 743, 1824, 619, 766, 1727, 147, 827, 1117, 1547, 1892, 39, 82, 1546, 963, 178, 658, 1592, 425, 484, 415, 1204, 1331, 1207, 561, 912, 451, 1548, 1494, 1210, 1676, 685, 1291, 793, 632, 1018], [1054, 207, 1715, 1233, 514, 238, 1377, 1677, 878, 1624, 1145, 1009, 469, 962, 1194, 93, 1556, 1851, 1569, 1089, 745, 423, 23, 821, 29, 1401, 789, 1791, 788, 1079, 1347, 503, 1199, 753, 848, 1294, 801, 682, 955, 112, 1188, 402, 1878, 1817, 1288, 1821, 1245, 1302, 1007, 1705, 271, 510, 1510, 327, 1127, 486, 1555, 1004, 1589, 1511, 1700, 1373, 1668, 341, 1489, 1790, 1492, 321, 659, 578, 303, 118, 960, 453, 160, 683, 1832, 434, 701, 928, 480, 1446, 1552, 704, 94, 1317, 1410, 394, 186, 771, 859, 1395, 1646, 1570, 1353, 714, 1297, 360, 1153, 1185, 1766, 1471, 1013, 1356, 1437, 78, 63, 1618, 537, 482, 3, 450, 1339, 490, 857, 251, 898, 916, 546, 1809, 1689, 1078, 1069, 1, 1035, 1534, 1158, 203, 1837, 1095, 1235, 295, 933, 1474, 1559, 240, 105, 419, 1751, 1061, 1896, 1162, 1508, 1195, 237, 509, 1875, 6, 1564, 1698, 1907, 20, 1023, 1157, 1724, 132, 1912, 108, 1839, 734, 413, 316, 1249, 1880, 430, 915, 952, 813, 1532, 1116, 1859, 137, 1703, 141, 1785, 1582, 643, 119, 12, 968, 1193, 408, 214, 601, 967, 803, 1551, 363, 424, 958, 1826, 196]]
Resuming from epoch 65: /Users/suraj/Downloads/outputs/wall_single/checkpoints/model_latest.pth
num_action_repeat: 1
num_proprio_repeat: 1
proprio encoder: ProprioceptiveEmbedding(
  (patch_embed): Conv1d(2, 10, kernel_size=(1,), stride=(1,))
)
action encoder: ProprioceptiveEmbedding(
  (patch_embed): Conv1d(10, 10, kernel_size=(1,), stride=(1,))
)
proprio_dim: 10, after repeat: 10
action_dim: 10, after repeat: 10
emb_dim: 404
Model emb_dim:  404
eval_seed:  [2]
Dumped plan targets to /Users/suraj/Desktop/EAI_DINO/results/variants_transition/transition_run_v2/mixed_int8/sanity/plan_targets.pkl
Success rate:  0.0
{'success': array([False]), 'state_dist': array([14.73386539])}
Success rate:  1.0
{'success': array([ True]), 'state_dist': array([3.27527995])}
MPC iter 0 Eval ------- 
Success rate:  1.0
{'success': array([ True]), 'state_dist': array([3.27527995])}
self.is_success:  [ True]
Success rate:  1.0
{'success': array([ True]), 'state_dist': array([3.27527995])}
[ok] mixed_int8: success_rate=1.0000 run_dir=/Users/suraj/Desktop/EAI_DINO/results/variants_transition/transition_run_v2/mixed_int8/sanity
Planning device: mps
Loading wall dataset...
Loaded 1920 rollouts
Using cache found in /Users/suraj/.cache/torch/hub/facebookresearch_dinov2_main
[[102, 33, 1056, 1591, 354, 245, 790, 1323, 142, 1745, 1588, 1473, 38, 1192, 735, 832, 547, 1186, 843, 660, 869, 83, 695, 1629, 179, 1658, 157, 1758, 1747, 250, 312, 1361, 1163, 1798, 275, 1099, 1787, 964, 1066, 609, 1666, 774, 181, 1502, 407, 668, 593, 1623, 1101, 565, 1350, 1572, 1094, 512, 148, 809, 263, 1853, 908, 927, 626, 569, 1730, 757, 1574, 1866, 1107, 1706, 391, 1255, 947, 828, 1720, 1057, 19, 1364, 1575, 1914, 1562, 1909, 534, 973, 538, 1017, 646, 285, 309, 1884, 1059, 552, 697, 1702, 145, 819, 649, 665, 169, 1051, 171, 1529, 1470, 291, 1371, 1240, 1641, 1746, 1443, 1307, 1801, 369, 1365, 525, 167, 1121, 1430, 874, 528, 1459, 1617, 770, 359, 923, 507, 884, 1616, 1314, 1149, 1379, 891, 1442, 1047, 1887, 248, 1767, 1620, 283, 392, 1290, 1650, 242, 1399, 807, 159, 204, 775, 1827, 500, 1352, 700, 1265, 1102, 149, 1440, 1258, 1738, 347, 690, 468, 1726, 1234, 1126, 868, 1501, 621, 585, 1523, 121, 1108, 846, 1167, 1405, 114, 474, 1406, 195, 1144, 586, 384, 1680, 298, 308, 529, 901, 475, 992, 1811, 1655, 914, 1598, 560, 1452, 385, 1032, 1895, 756, 1893, 485, 1293, 1876, 378, 206, 61, 1762, 1335, 1779, 1062, 111, 550, 1357, 284, 1074, 880, 592, 712, 1454, 1660, 1067, 946, 1011, 193, 1838, 1072, 1065, 1267, 1217, 591, 678, 792, 180, 1313, 69, 84, 1603, 1775, 201, 1415, 457, 1359, 400, 1759, 1081, 554, 471, 1841, 446, 1670, 688, 140, 1600, 871, 1093, 460, 1831, 818, 940, 1128, 614, 1000, 987, 1048, 72, 465, 804, 1804, 826, 1006, 1129, 270, 954, 86, 107, 1744, 751, 1143, 1554, 1750, 556, 1692, 664, 943, 907, 1713, 881, 1793, 849, 972, 264, 1431, 1040, 1391, 680, 1864, 724, 1549, 455, 600, 389, 1301, 1262, 1073, 1216, 613, 314, 15, 657, 896, 549, 575, 719, 545, 937, 1585, 165, 1252, 338, 970, 1366, 1247, 1024, 14, 855, 212, 887, 977, 1225, 776, 10, 1903, 1423, 596, 726, 431, 959, 1159, 1033, 1458, 1196, 1526, 317, 1358, 454, 1647, 976, 773, 1786, 1462, 488, 41, 571, 1464, 599, 979, 864, 18, 306, 1299, 797, 332, 1424, 1286, 66, 51, 1230, 1527, 1042, 762, 219, 487, 1026, 1282, 1285, 1503, 1597, 1573, 758, 999, 30, 1215, 1315, 1227, 387, 1867, 1421, 220, 932, 1829, 26, 1822, 290, 1088, 1902, 429, 463, 197, 1156, 1539, 1491, 1027, 1901, 733, 1879, 833, 278, 1251, 1899, 1642, 73, 272, 1019, 1084, 1346, 1803, 845, 568, 286, 76, 956, 1237, 48, 939, 1601, 481, 1187, 176, 1231, 1545, 1664, 1244, 87, 47, 194, 1586, 1316, 1125, 1649, 1077, 995, 1665, 1428, 1219, 1712, 1038, 542, 998, 70, 929, 1648, 476, 886, 1134, 1733, 854, 853, 1283, 1432, 1723, 1269, 281, 1174, 110, 1685, 1868, 777, 1522, 353, 798, 1773, 409, 768, 1273, 1490, 221, 1154, 1499, 71, 1637, 720, 1850, 1198, 1755, 1915, 716, 1900, 1835, 672, 319, 1536, 226, 1472, 1602, 969, 492, 428, 895, 814, 1133, 62, 656, 1722, 1621, 1142, 1087, 524, 1590, 1030, 650, 1451, 1913, 1259, 1917, 544, 377, 862, 1202, 1177, 1274, 1123, 617, 605, 1106, 1855, 422, 1769, 362, 1721, 1329, 1206, 1506, 135, 1320, 217, 120, 1120, 1836, 710, 717, 1799, 1557, 722, 1694, 405, 375, 1034, 260, 1496, 411, 1672, 28, 637, 373, 1808, 134, 1012, 536, 1752, 983, 1135, 1576, 483, 13, 404, 841, 1172, 1041, 1843, 161, 847, 1369, 1910, 1782, 1671, 1376, 1856, 498, 806, 635, 1212, 438, 835, 1849, 1109, 1349, 1043, 2, 466, 610, 1165, 885, 951, 344, 300, 1807, 1908, 287, 1877, 705, 1872, 1581, 985, 328, 708, 730, 350, 307, 146, 840, 1180, 494, 16, 555, 1368, 1780, 779, 1771, 1203, 1754, 744, 863, 1684, 639, 1919, 738, 938, 1053, 618, 91, 1886, 1028, 472, 1050, 138, 131, 89, 416, 991, 1254, 467, 227, 1765, 1634, 1789, 1622, 1205, 1874, 839, 1151, 654, 1182, 815, 470, 670, 150, 718, 352, 1579, 879, 443, 1690, 32, 435, 1383, 501, 882, 1085, 1176, 1382, 1171, 686, 1140, 1105, 800, 1516, 1485, 516, 1475, 1434, 1911, 889, 239, 652, 1535, 1639, 335, 1325, 1784, 765, 663, 1224, 448, 1815, 739, 1812, 1076, 747, 1467, 732, 1654, 1828, 502, 1319, 1425, 1160, 1468, 368, 1732, 1248, 143, 808, 674, 713, 129, 1599, 288, 1005, 1643, 1729, 1918, 1064, 279, 1741, 406, 867, 729, 604, 1220, 750, 304, 936, 215, 1626, 1778, 1031, 1756, 305, 1699, 412, 1387, 1640, 210, 188, 253, 645, 1279, 349, 1898, 262, 1082, 213, 255, 1514, 1375, 576, 698, 986, 1119, 508, 1753, 104, 1296, 1380, 128, 163, 693, 1524, 924, 842, 812, 1348, 199, 1386, 1628, 1435, 1772, 817, 931, 334, 1360, 390, 1413, 1783, 944, 905, 1271, 1132, 1857, 35, 340, 1461, 506, 1150, 1455, 594, 1020, 1178, 1770, 1389, 1276, 1355, 1228, 990, 1480, 1100, 1326, 282, 1321, 852, 200, 1146, 1253, 49, 1682, 1221, 1840, 1525, 1037, 1170, 1800, 648, 1243, 266, 926, 782, 1667, 984, 570, 1289, 1860, 893, 1630, 479, 339, 246, 866, 1631, 211, 684, 60, 125, 1513, 836, 43, 1450, 515, 1256, 244, 1063, 1693, 913, 966, 54, 432, 1869, 254, 1916, 577, 1096, 540, 1075, 1261, 1871, 1587, 381, 634, 205, 269, 489, 1890, 37, 746, 386, 551, 1414, 953, 1403, 709, 622, 1497, 1561, 1324, 158, 624, 426, 1466, 44, 267, 994, 318, 1398, 397, 95, 786, 81, 1332, 837, 289, 865, 965, 67, 1696, 816, 1044, 820, 229, 1400, 1362, 491, 1139, 1873, 1338, 559, 1016, 1021, 1436, 1002, 1797, 40, 224, 1615, 1385, 941, 1308, 978, 794, 231, 834, 1675, 1736, 31, 1181, 562, 831, 1272, 767, 372, 1825, 1669, 760, 380, 1343, 42, 1351, 1337, 1441, 268, 1644, 1015, 52, 1469, 1861, 1481, 22, 1605, 361, 1381, 410, 1333, 975, 1046, 1595, 348, 1768, 366, 1281, 772, 974, 495, 358, 590, 187, 631, 1695, 687, 1328, 572, 588, 1805, 620, 1577, 1449, 1433, 1659, 320, 418, 346, 602, 573, 1709, 1300, 113, 427, 1891, 1341, 236, 1001, 370, 723, 1092, 1560, 379, 662, 79, 850, 1704, 824, 627, 436, 666, 1103, 653, 945, 1370, 1232, 587, 234, 103, 1858, 934, 1420, 123, 1818, 1310, 499, 1739, 1493, 1847, 1553, 740, 124, 1260, 1378, 1842, 1777, 1816, 1543, 749, 608, 1563, 996, 25, 101, 90, 459, 337, 122, 580, 829, 533, 292, 452, 1614, 1183, 1322, 1278, 521, 1136, 1190, 96, 259, 1645, 1008, 1888, 342, 445, 1504, 162, 382, 1894, 784, 1404, 1531, 1312, 444, 1097, 1447, 1280, 872, 168, 50, 1687, 1593, 1610, 98, 1242, 769, 642, 1309, 888, 433, 302, 1263, 1169, 1656, 1295, 243, 921, 1438, 1161, 877, 640, 1541, 24, 703, 980, 1173, 935, 1519, 440, 1512, 1137, 822, 1014, 310, 511, 583, 1518, 458, 274, 109, 856, 522, 11, 462, 1236, 232, 633, 1567, 1241, 989, 1725, 280, 875, 1083, 1833, 324, 1566, 249, 172, 696, 1505, 1010, 1477, 1327, 910, 861, 88, 99, 357, 437, 80, 1292, 764, 175, 395, 1716, 699, 1483, 1717, 673, 623, 1697, 1479, 1060, 1651, 553, 981, 218, 1110, 185, 77, 900, 371, 904, 1390, 21, 1882, 595, 1718, 1476, 152, 420, 918, 192, 1679, 1484, 1863, 787, 567, 851, 441, 530, 517, 1419, 1388, 329, 301, 1330, 876, 478, 1530, 676, 1844, 403, 74, 647, 728, 230, 519, 256, 737, 235, 1796, 182, 858, 504, 1287, 1124, 1229, 294, 625, 894, 759, 1544, 330, 1711, 505, 903, 1055, 1238, 1397, 1686, 136, 1275, 1580, 1584, 59, 1112, 1636, 166, 655, 1520, 1540, 374, 496, 414, 1226, 154, 860, 531, 1465, 1345, 1662, 1284, 669, 1627, 1408, 36, 191, 1748, 7, 1498, 802, 325, 957, 208, 228, 1201, 950, 1318, 155, 948, 133, 920, 442, 225, 611, 1633, 796, 667, 1652, 1304, 1609, 1611, 527, 1427, 1354, 689, 930, 870, 925, 56, 1402, 100, 189, 1068, 1737, 322, 523, 247, 971, 1445, 55, 579, 1374, 1571, 1521, 890, 785, 58, 671, 1608, 1168, 1742, 899, 299, 778, 1542, 761, 566, 46, 1708, 1719, 351, 1392, 651, 1764, 811, 449, 922, 261, 1036, 694, 127, 1114, 707, 1487, 1852, 1802, 873, 174, 1865, 1710, 763, 164, 1632, 345, 539, 1141, 805, 919, 911, 184, 548, 1422, 1625, 1155, 399, 1795, 1845, 1889, 1565, 45, 603, 1444, 1517, 1823, 1246, 477, 64, 1164, 1411, 781, 8, 1635, 1583, 1200, 241, 151, 177, 333, 629, 1453, 293, 1760, 636, 1239, 1115, 727, 273, 1394, 1266, 1184, 1619, 1743, 313, 1904, 982, 1367, 153, 564, 1806, 331, 1862, 1848, 606, 1264, 57, 97, 1774, 1814, 1086, 1029, 393, 1488, 85, 1509, 1550, 725, 1638, 1846, 1342, 1728, 993, 421, 1781, 681, 473, 1604, 364, 1613, 679, 780, 1885, 581, 1130, 116, 823, 355, 736, 75, 398, 557, 1740, 1515, 1596, 1250, 641, 1683, 198, 1363, 589, 1223, 1209, 417, 209, 1810, 9, 535, 1500, 1881, 1208, 909, 0, 702, 1897, 598, 1189, 748, 675, 1691, 1152, 755, 4, 1416, 830, 439, 1222, 1340, 692, 1003, 34, 356, 170, 1761, 1657, 1578, 401, 795, 1507, 997, 644, 1166, 447, 518, 563, 336, 1820, 343, 597, 844, 1058, 497, 311, 1463, 754, 1218, 1191, 1148, 1612, 1022, 1344, 1776, 942, 906, 1409, 1098, 130, 1418, 1830, 190, 1303, 1749, 607, 825, 92, 677, 628, 326, 715, 949, 27, 1537, 1025, 1439, 1277, 396, 1270, 53, 558, 584, 616, 630, 1533, 532, 1113, 612, 1080, 173, 1090, 838, 17, 897, 1306, 1311, 1131, 388, 1118, 1528, 1426, 1257, 1460, 1714, 1407, 144, 1734, 258, 1731, 526, 367, 1834, 126, 1104, 638, 791, 265, 223, 461, 1457, 139, 456, 1905, 1663, 1412, 1568, 1763, 883, 1661, 1678, 493, 1606, 1813, 541, 1757, 276, 296, 1673, 222, 1707, 183, 257, 615, 1478, 742, 376, 810, 661, 365, 156, 1298, 1701, 1653, 202, 1334, 1197, 1482, 106, 323, 1448, 1558, 1179, 1854, 902, 1049, 297, 216, 1268, 277, 1336, 1393, 65, 1456, 1052, 5, 1735, 1495, 1175, 988, 117, 721, 1788, 315, 1819, 1305, 1794, 520, 543, 1214, 917, 731, 1091, 1147, 1070, 68, 892, 1486, 464, 783, 115, 1883, 1372, 752, 383, 1122, 582, 1039, 1213, 574, 1594, 1870, 1111, 1792, 706, 1674, 233, 1607, 691, 1417, 1071, 711, 1538, 252, 741, 1396, 1211, 1429, 1906, 513, 799, 1384, 1138, 1688, 1681, 1045, 961, 743, 1824, 619, 766, 1727, 147, 827, 1117, 1547, 1892, 39, 82, 1546, 963, 178, 658, 1592, 425, 484, 415, 1204, 1331, 1207, 561, 912, 451, 1548, 1494, 1210, 1676, 685, 1291, 793, 632, 1018], [1054, 207, 1715, 1233, 514, 238, 1377, 1677, 878, 1624, 1145, 1009, 469, 962, 1194, 93, 1556, 1851, 1569, 1089, 745, 423, 23, 821, 29, 1401, 789, 1791, 788, 1079, 1347, 503, 1199, 753, 848, 1294, 801, 682, 955, 112, 1188, 402, 1878, 1817, 1288, 1821, 1245, 1302, 1007, 1705, 271, 510, 1510, 327, 1127, 486, 1555, 1004, 1589, 1511, 1700, 1373, 1668, 341, 1489, 1790, 1492, 321, 659, 578, 303, 118, 960, 453, 160, 683, 1832, 434, 701, 928, 480, 1446, 1552, 704, 94, 1317, 1410, 394, 186, 771, 859, 1395, 1646, 1570, 1353, 714, 1297, 360, 1153, 1185, 1766, 1471, 1013, 1356, 1437, 78, 63, 1618, 537, 482, 3, 450, 1339, 490, 857, 251, 898, 916, 546, 1809, 1689, 1078, 1069, 1, 1035, 1534, 1158, 203, 1837, 1095, 1235, 295, 933, 1474, 1559, 240, 105, 419, 1751, 1061, 1896, 1162, 1508, 1195, 237, 509, 1875, 6, 1564, 1698, 1907, 20, 1023, 1157, 1724, 132, 1912, 108, 1839, 734, 413, 316, 1249, 1880, 430, 915, 952, 813, 1532, 1116, 1859, 137, 1703, 141, 1785, 1582, 643, 119, 12, 968, 1193, 408, 214, 601, 967, 803, 1551, 363, 424, 958, 1826, 196]]
Resuming from epoch 65: /Users/suraj/Downloads/outputs/wall_single/checkpoints/model_latest.pth
num_action_repeat: 1
num_proprio_repeat: 1
proprio encoder: ProprioceptiveEmbedding(
  (patch_embed): Conv1d(2, 10, kernel_size=(1,), stride=(1,))
)
action encoder: ProprioceptiveEmbedding(
  (patch_embed): Conv1d(10, 10, kernel_size=(1,), stride=(1,))
)
proprio_dim: 10, after repeat: 10
action_dim: 10, after repeat: 10
emb_dim: 404
Model emb_dim:  404
eval_seed:  [2]
Dumped plan targets to /Users/suraj/Desktop/EAI_DINO/results/variants_transition/transition_run_v2/uniform_int4/sanity/plan_targets.pkl
Success rate:  0.0
{'success': array([False]), 'state_dist': array([14.91844348])}
Success rate:  0.0
{'success': array([False]), 'state_dist': array([7.07175586])}
MPC iter 0 Eval ------- 
Success rate:  0.0
{'success': array([False]), 'state_dist': array([7.07175586])}
self.is_success:  [False]
Success rate:  0.0
{'success': array([False]), 'state_dist': array([7.70945073])}
Success rate:  0.0
{'success': array([False]), 'state_dist': array([7.88147504])}
MPC iter 1 Eval ------- 
Success rate:  0.0
{'success': array([False]), 'state_dist': array([7.88147504])}
self.is_success:  [False]
Success rate:  0.0
{'success': array([False]), 'state_dist': array([7.88147504])}
[ok] uniform_int4: success_rate=0.0000 run_dir=/Users/suraj/Desktop/EAI_DINO/results/variants_transition/transition_run_v2/uniform_int4/sanity
Planning device: mps
Loading wall dataset...
Loaded 1920 rollouts
Using cache found in /Users/suraj/.cache/torch/hub/facebookresearch_dinov2_main
[[102, 33, 1056, 1591, 354, 245, 790, 1323, 142, 1745, 1588, 1473, 38, 1192, 735, 832, 547, 1186, 843, 660, 869, 83, 695, 1629, 179, 1658, 157, 1758, 1747, 250, 312, 1361, 1163, 1798, 275, 1099, 1787, 964, 1066, 609, 1666, 774, 181, 1502, 407, 668, 593, 1623, 1101, 565, 1350, 1572, 1094, 512, 148, 809, 263, 1853, 908, 927, 626, 569, 1730, 757, 1574, 1866, 1107, 1706, 391, 1255, 947, 828, 1720, 1057, 19, 1364, 1575, 1914, 1562, 1909, 534, 973, 538, 1017, 646, 285, 309, 1884, 1059, 552, 697, 1702, 145, 819, 649, 665, 169, 1051, 171, 1529, 1470, 291, 1371, 1240, 1641, 1746, 1443, 1307, 1801, 369, 1365, 525, 167, 1121, 1430, 874, 528, 1459, 1617, 770, 359, 923, 507, 884, 1616, 1314, 1149, 1379, 891, 1442, 1047, 1887, 248, 1767, 1620, 283, 392, 1290, 1650, 242, 1399, 807, 159, 204, 775, 1827, 500, 1352, 700, 1265, 1102, 149, 1440, 1258, 1738, 347, 690, 468, 1726, 1234, 1126, 868, 1501, 621, 585, 1523, 121, 1108, 846, 1167, 1405, 114, 474, 1406, 195, 1144, 586, 384, 1680, 298, 308, 529, 901, 475, 992, 1811, 1655, 914, 1598, 560, 1452, 385, 1032, 1895, 756, 1893, 485, 1293, 1876, 378, 206, 61, 1762, 1335, 1779, 1062, 111, 550, 1357, 284, 1074, 880, 592, 712, 1454, 1660, 1067, 946, 1011, 193, 1838, 1072, 1065, 1267, 1217, 591, 678, 792, 180, 1313, 69, 84, 1603, 1775, 201, 1415, 457, 1359, 400, 1759, 1081, 554, 471, 1841, 446, 1670, 688, 140, 1600, 871, 1093, 460, 1831, 818, 940, 1128, 614, 1000, 987, 1048, 72, 465, 804, 1804, 826, 1006, 1129, 270, 954, 86, 107, 1744, 751, 1143, 1554, 1750, 556, 1692, 664, 943, 907, 1713, 881, 1793, 849, 972, 264, 1431, 1040, 1391, 680, 1864, 724, 1549, 455, 600, 389, 1301, 1262, 1073, 1216, 613, 314, 15, 657, 896, 549, 575, 719, 545, 937, 1585, 165, 1252, 338, 970, 1366, 1247, 1024, 14, 855, 212, 887, 977, 1225, 776, 10, 1903, 1423, 596, 726, 431, 959, 1159, 1033, 1458, 1196, 1526, 317, 1358, 454, 1647, 976, 773, 1786, 1462, 488, 41, 571, 1464, 599, 979, 864, 18, 306, 1299, 797, 332, 1424, 1286, 66, 51, 1230, 1527, 1042, 762, 219, 487, 1026, 1282, 1285, 1503, 1597, 1573, 758, 999, 30, 1215, 1315, 1227, 387, 1867, 1421, 220, 932, 1829, 26, 1822, 290, 1088, 1902, 429, 463, 197, 1156, 1539, 1491, 1027, 1901, 733, 1879, 833, 278, 1251, 1899, 1642, 73, 272, 1019, 1084, 1346, 1803, 845, 568, 286, 76, 956, 1237, 48, 939, 1601, 481, 1187, 176, 1231, 1545, 1664, 1244, 87, 47, 194, 1586, 1316, 1125, 1649, 1077, 995, 1665, 1428, 1219, 1712, 1038, 542, 998, 70, 929, 1648, 476, 886, 1134, 1733, 854, 853, 1283, 1432, 1723, 1269, 281, 1174, 110, 1685, 1868, 777, 1522, 353, 798, 1773, 409, 768, 1273, 1490, 221, 1154, 1499, 71, 1637, 720, 1850, 1198, 1755, 1915, 716, 1900, 1835, 672, 319, 1536, 226, 1472, 1602, 969, 492, 428, 895, 814, 1133, 62, 656, 1722, 1621, 1142, 1087, 524, 1590, 1030, 650, 1451, 1913, 1259, 1917, 544, 377, 862, 1202, 1177, 1274, 1123, 617, 605, 1106, 1855, 422, 1769, 362, 1721, 1329, 1206, 1506, 135, 1320, 217, 120, 1120, 1836, 710, 717, 1799, 1557, 722, 1694, 405, 375, 1034, 260, 1496, 411, 1672, 28, 637, 373, 1808, 134, 1012, 536, 1752, 983, 1135, 1576, 483, 13, 404, 841, 1172, 1041, 1843, 161, 847, 1369, 1910, 1782, 1671, 1376, 1856, 498, 806, 635, 1212, 438, 835, 1849, 1109, 1349, 1043, 2, 466, 610, 1165, 885, 951, 344, 300, 1807, 1908, 287, 1877, 705, 1872, 1581, 985, 328, 708, 730, 350, 307, 146, 840, 1180, 494, 16, 555, 1368, 1780, 779, 1771, 1203, 1754, 744, 863, 1684, 639, 1919, 738, 938, 1053, 618, 91, 1886, 1028, 472, 1050, 138, 131, 89, 416, 991, 1254, 467, 227, 1765, 1634, 1789, 1622, 1205, 1874, 839, 1151, 654, 1182, 815, 470, 670, 150, 718, 352, 1579, 879, 443, 1690, 32, 435, 1383, 501, 882, 1085, 1176, 1382, 1171, 686, 1140, 1105, 800, 1516, 1485, 516, 1475, 1434, 1911, 889, 239, 652, 1535, 1639, 335, 1325, 1784, 765, 663, 1224, 448, 1815, 739, 1812, 1076, 747, 1467, 732, 1654, 1828, 502, 1319, 1425, 1160, 1468, 368, 1732, 1248, 143, 808, 674, 713, 129, 1599, 288, 1005, 1643, 1729, 1918, 1064, 279, 1741, 406, 867, 729, 604, 1220, 750, 304, 936, 215, 1626, 1778, 1031, 1756, 305, 1699, 412, 1387, 1640, 210, 188, 253, 645, 1279, 349, 1898, 262, 1082, 213, 255, 1514, 1375, 576, 698, 986, 1119, 508, 1753, 104, 1296, 1380, 128, 163, 693, 1524, 924, 842, 812, 1348, 199, 1386, 1628, 1435, 1772, 817, 931, 334, 1360, 390, 1413, 1783, 944, 905, 1271, 1132, 1857, 35, 340, 1461, 506, 1150, 1455, 594, 1020, 1178, 1770, 1389, 1276, 1355, 1228, 990, 1480, 1100, 1326, 282, 1321, 852, 200, 1146, 1253, 49, 1682, 1221, 1840, 1525, 1037, 1170, 1800, 648, 1243, 266, 926, 782, 1667, 984, 570, 1289, 1860, 893, 1630, 479, 339, 246, 866, 1631, 211, 684, 60, 125, 1513, 836, 43, 1450, 515, 1256, 244, 1063, 1693, 913, 966, 54, 432, 1869, 254, 1916, 577, 1096, 540, 1075, 1261, 1871, 1587, 381, 634, 205, 269, 489, 1890, 37, 746, 386, 551, 1414, 953, 1403, 709, 622, 1497, 1561, 1324, 158, 624, 426, 1466, 44, 267, 994, 318, 1398, 397, 95, 786, 81, 1332, 837, 289, 865, 965, 67, 1696, 816, 1044, 820, 229, 1400, 1362, 491, 1139, 1873, 1338, 559, 1016, 1021, 1436, 1002, 1797, 40, 224, 1615, 1385, 941, 1308, 978, 794, 231, 834, 1675, 1736, 31, 1181, 562, 831, 1272, 767, 372, 1825, 1669, 760, 380, 1343, 42, 1351, 1337, 1441, 268, 1644, 1015, 52, 1469, 1861, 1481, 22, 1605, 361, 1381, 410, 1333, 975, 1046, 1595, 348, 1768, 366, 1281, 772, 974, 495, 358, 590, 187, 631, 1695, 687, 1328, 572, 588, 1805, 620, 1577, 1449, 1433, 1659, 320, 418, 346, 602, 573, 1709, 1300, 113, 427, 1891, 1341, 236, 1001, 370, 723, 1092, 1560, 379, 662, 79, 850, 1704, 824, 627, 436, 666, 1103, 653, 945, 1370, 1232, 587, 234, 103, 1858, 934, 1420, 123, 1818, 1310, 499, 1739, 1493, 1847, 1553, 740, 124, 1260, 1378, 1842, 1777, 1816, 1543, 749, 608, 1563, 996, 25, 101, 90, 459, 337, 122, 580, 829, 533, 292, 452, 1614, 1183, 1322, 1278, 521, 1136, 1190, 96, 259, 1645, 1008, 1888, 342, 445, 1504, 162, 382, 1894, 784, 1404, 1531, 1312, 444, 1097, 1447, 1280, 872, 168, 50, 1687, 1593, 1610, 98, 1242, 769, 642, 1309, 888, 433, 302, 1263, 1169, 1656, 1295, 243, 921, 1438, 1161, 877, 640, 1541, 24, 703, 980, 1173, 935, 1519, 440, 1512, 1137, 822, 1014, 310, 511, 583, 1518, 458, 274, 109, 856, 522, 11, 462, 1236, 232, 633, 1567, 1241, 989, 1725, 280, 875, 1083, 1833, 324, 1566, 249, 172, 696, 1505, 1010, 1477, 1327, 910, 861, 88, 99, 357, 437, 80, 1292, 764, 175, 395, 1716, 699, 1483, 1717, 673, 623, 1697, 1479, 1060, 1651, 553, 981, 218, 1110, 185, 77, 900, 371, 904, 1390, 21, 1882, 595, 1718, 1476, 152, 420, 918, 192, 1679, 1484, 1863, 787, 567, 851, 441, 530, 517, 1419, 1388, 329, 301, 1330, 876, 478, 1530, 676, 1844, 403, 74, 647, 728, 230, 519, 256, 737, 235, 1796, 182, 858, 504, 1287, 1124, 1229, 294, 625, 894, 759, 1544, 330, 1711, 505, 903, 1055, 1238, 1397, 1686, 136, 1275, 1580, 1584, 59, 1112, 1636, 166, 655, 1520, 1540, 374, 496, 414, 1226, 154, 860, 531, 1465, 1345, 1662, 1284, 669, 1627, 1408, 36, 191, 1748, 7, 1498, 802, 325, 957, 208, 228, 1201, 950, 1318, 155, 948, 133, 920, 442, 225, 611, 1633, 796, 667, 1652, 1304, 1609, 1611, 527, 1427, 1354, 689, 930, 870, 925, 56, 1402, 100, 189, 1068, 1737, 322, 523, 247, 971, 1445, 55, 579, 1374, 1571, 1521, 890, 785, 58, 671, 1608, 1168, 1742, 899, 299, 778, 1542, 761, 566, 46, 1708, 1719, 351, 1392, 651, 1764, 811, 449, 922, 261, 1036, 694, 127, 1114, 707, 1487, 1852, 1802, 873, 174, 1865, 1710, 763, 164, 1632, 345, 539, 1141, 805, 919, 911, 184, 548, 1422, 1625, 1155, 399, 1795, 1845, 1889, 1565, 45, 603, 1444, 1517, 1823, 1246, 477, 64, 1164, 1411, 781, 8, 1635, 1583, 1200, 241, 151, 177, 333, 629, 1453, 293, 1760, 636, 1239, 1115, 727, 273, 1394, 1266, 1184, 1619, 1743, 313, 1904, 982, 1367, 153, 564, 1806, 331, 1862, 1848, 606, 1264, 57, 97, 1774, 1814, 1086, 1029, 393, 1488, 85, 1509, 1550, 725, 1638, 1846, 1342, 1728, 993, 421, 1781, 681, 473, 1604, 364, 1613, 679, 780, 1885, 581, 1130, 116, 823, 355, 736, 75, 398, 557, 1740, 1515, 1596, 1250, 641, 1683, 198, 1363, 589, 1223, 1209, 417, 209, 1810, 9, 535, 1500, 1881, 1208, 909, 0, 702, 1897, 598, 1189, 748, 675, 1691, 1152, 755, 4, 1416, 830, 439, 1222, 1340, 692, 1003, 34, 356, 170, 1761, 1657, 1578, 401, 795, 1507, 997, 644, 1166, 447, 518, 563, 336, 1820, 343, 597, 844, 1058, 497, 311, 1463, 754, 1218, 1191, 1148, 1612, 1022, 1344, 1776, 942, 906, 1409, 1098, 130, 1418, 1830, 190, 1303, 1749, 607, 825, 92, 677, 628, 326, 715, 949, 27, 1537, 1025, 1439, 1277, 396, 1270, 53, 558, 584, 616, 630, 1533, 532, 1113, 612, 1080, 173, 1090, 838, 17, 897, 1306, 1311, 1131, 388, 1118, 1528, 1426, 1257, 1460, 1714, 1407, 144, 1734, 258, 1731, 526, 367, 1834, 126, 1104, 638, 791, 265, 223, 461, 1457, 139, 456, 1905, 1663, 1412, 1568, 1763, 883, 1661, 1678, 493, 1606, 1813, 541, 1757, 276, 296, 1673, 222, 1707, 183, 257, 615, 1478, 742, 376, 810, 661, 365, 156, 1298, 1701, 1653, 202, 1334, 1197, 1482, 106, 323, 1448, 1558, 1179, 1854, 902, 1049, 297, 216, 1268, 277, 1336, 1393, 65, 1456, 1052, 5, 1735, 1495, 1175, 988, 117, 721, 1788, 315, 1819, 1305, 1794, 520, 543, 1214, 917, 731, 1091, 1147, 1070, 68, 892, 1486, 464, 783, 115, 1883, 1372, 752, 383, 1122, 582, 1039, 1213, 574, 1594, 1870, 1111, 1792, 706, 1674, 233, 1607, 691, 1417, 1071, 711, 1538, 252, 741, 1396, 1211, 1429, 1906, 513, 799, 1384, 1138, 1688, 1681, 1045, 961, 743, 1824, 619, 766, 1727, 147, 827, 1117, 1547, 1892, 39, 82, 1546, 963, 178, 658, 1592, 425, 484, 415, 1204, 1331, 1207, 561, 912, 451, 1548, 1494, 1210, 1676, 685, 1291, 793, 632, 1018], [1054, 207, 1715, 1233, 514, 238, 1377, 1677, 878, 1624, 1145, 1009, 469, 962, 1194, 93, 1556, 1851, 1569, 1089, 745, 423, 23, 821, 29, 1401, 789, 1791, 788, 1079, 1347, 503, 1199, 753, 848, 1294, 801, 682, 955, 112, 1188, 402, 1878, 1817, 1288, 1821, 1245, 1302, 1007, 1705, 271, 510, 1510, 327, 1127, 486, 1555, 1004, 1589, 1511, 1700, 1373, 1668, 341, 1489, 1790, 1492, 321, 659, 578, 303, 118, 960, 453, 160, 683, 1832, 434, 701, 928, 480, 1446, 1552, 704, 94, 1317, 1410, 394, 186, 771, 859, 1395, 1646, 1570, 1353, 714, 1297, 360, 1153, 1185, 1766, 1471, 1013, 1356, 1437, 78, 63, 1618, 537, 482, 3, 450, 1339, 490, 857, 251, 898, 916, 546, 1809, 1689, 1078, 1069, 1, 1035, 1534, 1158, 203, 1837, 1095, 1235, 295, 933, 1474, 1559, 240, 105, 419, 1751, 1061, 1896, 1162, 1508, 1195, 237, 509, 1875, 6, 1564, 1698, 1907, 20, 1023, 1157, 1724, 132, 1912, 108, 1839, 734, 413, 316, 1249, 1880, 430, 915, 952, 813, 1532, 1116, 1859, 137, 1703, 141, 1785, 1582, 643, 119, 12, 968, 1193, 408, 214, 601, 967, 803, 1551, 363, 424, 958, 1826, 196]]
Resuming from epoch 65: /Users/suraj/Downloads/outputs/wall_single/checkpoints/model_latest.pth
num_action_repeat: 1
num_proprio_repeat: 1
proprio encoder: ProprioceptiveEmbedding(
  (patch_embed): Conv1d(2, 10, kernel_size=(1,), stride=(1,))
)
action encoder: ProprioceptiveEmbedding(
  (patch_embed): Conv1d(10, 10, kernel_size=(1,), stride=(1,))
)
proprio_dim: 10, after repeat: 10
action_dim: 10, after repeat: 10
emb_dim: 404
Model emb_dim:  404
eval_seed:  [2]
Dumped plan targets to /Users/suraj/Desktop/EAI_DINO/results/variants_transition/transition_run_v2/mixed_int4/sanity/plan_targets.pkl
Success rate:  0.0
{'success': array([False]), 'state_dist': array([25.48714596])}
Success rate:  1.0
{'success': array([ True]), 'state_dist': array([3.01078765])}
MPC iter 0 Eval ------- 
Success rate:  1.0
{'success': array([ True]), 'state_dist': array([3.01078765])}
self.is_success:  [ True]
Success rate:  1.0
{'success': array([ True]), 'state_dist': array([3.01078765])}
[ok] mixed_int4: success_rate=1.0000 run_dir=/Users/suraj/Desktop/EAI_DINO/results/variants_transition/transition_run_v2/mixed_int4/sanity
Planning device: mps
Loading wall dataset...
Loaded 1920 rollouts
Using cache found in /Users/suraj/.cache/torch/hub/facebookresearch_dinov2_main
[[102, 33, 1056, 1591, 354, 245, 790, 1323, 142, 1745, 1588, 1473, 38, 1192, 735, 832, 547, 1186, 843, 660, 869, 83, 695, 1629, 179, 1658, 157, 1758, 1747, 250, 312, 1361, 1163, 1798, 275, 1099, 1787, 964, 1066, 609, 1666, 774, 181, 1502, 407, 668, 593, 1623, 1101, 565, 1350, 1572, 1094, 512, 148, 809, 263, 1853, 908, 927, 626, 569, 1730, 757, 1574, 1866, 1107, 1706, 391, 1255, 947, 828, 1720, 1057, 19, 1364, 1575, 1914, 1562, 1909, 534, 973, 538, 1017, 646, 285, 309, 1884, 1059, 552, 697, 1702, 145, 819, 649, 665, 169, 1051, 171, 1529, 1470, 291, 1371, 1240, 1641, 1746, 1443, 1307, 1801, 369, 1365, 525, 167, 1121, 1430, 874, 528, 1459, 1617, 770, 359, 923, 507, 884, 1616, 1314, 1149, 1379, 891, 1442, 1047, 1887, 248, 1767, 1620, 283, 392, 1290, 1650, 242, 1399, 807, 159, 204, 775, 1827, 500, 1352, 700, 1265, 1102, 149, 1440, 1258, 1738, 347, 690, 468, 1726, 1234, 1126, 868, 1501, 621, 585, 1523, 121, 1108, 846, 1167, 1405, 114, 474, 1406, 195, 1144, 586, 384, 1680, 298, 308, 529, 901, 475, 992, 1811, 1655, 914, 1598, 560, 1452, 385, 1032, 1895, 756, 1893, 485, 1293, 1876, 378, 206, 61, 1762, 1335, 1779, 1062, 111, 550, 1357, 284, 1074, 880, 592, 712, 1454, 1660, 1067, 946, 1011, 193, 1838, 1072, 1065, 1267, 1217, 591, 678, 792, 180, 1313, 69, 84, 1603, 1775, 201, 1415, 457, 1359, 400, 1759, 1081, 554, 471, 1841, 446, 1670, 688, 140, 1600, 871, 1093, 460, 1831, 818, 940, 1128, 614, 1000, 987, 1048, 72, 465, 804, 1804, 826, 1006, 1129, 270, 954, 86, 107, 1744, 751, 1143, 1554, 1750, 556, 1692, 664, 943, 907, 1713, 881, 1793, 849, 972, 264, 1431, 1040, 1391, 680, 1864, 724, 1549, 455, 600, 389, 1301, 1262, 1073, 1216, 613, 314, 15, 657, 896, 549, 575, 719, 545, 937, 1585, 165, 1252, 338, 970, 1366, 1247, 1024, 14, 855, 212, 887, 977, 1225, 776, 10, 1903, 1423, 596, 726, 431, 959, 1159, 1033, 1458, 1196, 1526, 317, 1358, 454, 1647, 976, 773, 1786, 1462, 488, 41, 571, 1464, 599, 979, 864, 18, 306, 1299, 797, 332, 1424, 1286, 66, 51, 1230, 1527, 1042, 762, 219, 487, 1026, 1282, 1285, 1503, 1597, 1573, 758, 999, 30, 1215, 1315, 1227, 387, 1867, 1421, 220, 932, 1829, 26, 1822, 290, 1088, 1902, 429, 463, 197, 1156, 1539, 1491, 1027, 1901, 733, 1879, 833, 278, 1251, 1899, 1642, 73, 272, 1019, 1084, 1346, 1803, 845, 568, 286, 76, 956, 1237, 48, 939, 1601, 481, 1187, 176, 1231, 1545, 1664, 1244, 87, 47, 194, 1586, 1316, 1125, 1649, 1077, 995, 1665, 1428, 1219, 1712, 1038, 542, 998, 70, 929, 1648, 476, 886, 1134, 1733, 854, 853, 1283, 1432, 1723, 1269, 281, 1174, 110, 1685, 1868, 777, 1522, 353, 798, 1773, 409, 768, 1273, 1490, 221, 1154, 1499, 71, 1637, 720, 1850, 1198, 1755, 1915, 716, 1900, 1835, 672, 319, 1536, 226, 1472, 1602, 969, 492, 428, 895, 814, 1133, 62, 656, 1722, 1621, 1142, 1087, 524, 1590, 1030, 650, 1451, 1913, 1259, 1917, 544, 377, 862, 1202, 1177, 1274, 1123, 617, 605, 1106, 1855, 422, 1769, 362, 1721, 1329, 1206, 1506, 135, 1320, 217, 120, 1120, 1836, 710, 717, 1799, 1557, 722, 1694, 405, 375, 1034, 260, 1496, 411, 1672, 28, 637, 373, 1808, 134, 1012, 536, 1752, 983, 1135, 1576, 483, 13, 404, 841, 1172, 1041, 1843, 161, 847, 1369, 1910, 1782, 1671, 1376, 1856, 498, 806, 635, 1212, 438, 835, 1849, 1109, 1349, 1043, 2, 466, 610, 1165, 885, 951, 344, 300, 1807, 1908, 287, 1877, 705, 1872, 1581, 985, 328, 708, 730, 350, 307, 146, 840, 1180, 494, 16, 555, 1368, 1780, 779, 1771, 1203, 1754, 744, 863, 1684, 639, 1919, 738, 938, 1053, 618, 91, 1886, 1028, 472, 1050, 138, 131, 89, 416, 991, 1254, 467, 227, 1765, 1634, 1789, 1622, 1205, 1874, 839, 1151, 654, 1182, 815, 470, 670, 150, 718, 352, 1579, 879, 443, 1690, 32, 435, 1383, 501, 882, 1085, 1176, 1382, 1171, 686, 1140, 1105, 800, 1516, 1485, 516, 1475, 1434, 1911, 889, 239, 652, 1535, 1639, 335, 1325, 1784, 765, 663, 1224, 448, 1815, 739, 1812, 1076, 747, 1467, 732, 1654, 1828, 502, 1319, 1425, 1160, 1468, 368, 1732, 1248, 143, 808, 674, 713, 129, 1599, 288, 1005, 1643, 1729, 1918, 1064, 279, 1741, 406, 867, 729, 604, 1220, 750, 304, 936, 215, 1626, 1778, 1031, 1756, 305, 1699, 412, 1387, 1640, 210, 188, 253, 645, 1279, 349, 1898, 262, 1082, 213, 255, 1514, 1375, 576, 698, 986, 1119, 508, 1753, 104, 1296, 1380, 128, 163, 693, 1524, 924, 842, 812, 1348, 199, 1386, 1628, 1435, 1772, 817, 931, 334, 1360, 390, 1413, 1783, 944, 905, 1271, 1132, 1857, 35, 340, 1461, 506, 1150, 1455, 594, 1020, 1178, 1770, 1389, 1276, 1355, 1228, 990, 1480, 1100, 1326, 282, 1321, 852, 200, 1146, 1253, 49, 1682, 1221, 1840, 1525, 1037, 1170, 1800, 648, 1243, 266, 926, 782, 1667, 984, 570, 1289, 1860, 893, 1630, 479, 339, 246, 866, 1631, 211, 684, 60, 125, 1513, 836, 43, 1450, 515, 1256, 244, 1063, 1693, 913, 966, 54, 432, 1869, 254, 1916, 577, 1096, 540, 1075, 1261, 1871, 1587, 381, 634, 205, 269, 489, 1890, 37, 746, 386, 551, 1414, 953, 1403, 709, 622, 1497, 1561, 1324, 158, 624, 426, 1466, 44, 267, 994, 318, 1398, 397, 95, 786, 81, 1332, 837, 289, 865, 965, 67, 1696, 816, 1044, 820, 229, 1400, 1362, 491, 1139, 1873, 1338, 559, 1016, 1021, 1436, 1002, 1797, 40, 224, 1615, 1385, 941, 1308, 978, 794, 231, 834, 1675, 1736, 31, 1181, 562, 831, 1272, 767, 372, 1825, 1669, 760, 380, 1343, 42, 1351, 1337, 1441, 268, 1644, 1015, 52, 1469, 1861, 1481, 22, 1605, 361, 1381, 410, 1333, 975, 1046, 1595, 348, 1768, 366, 1281, 772, 974, 495, 358, 590, 187, 631, 1695, 687, 1328, 572, 588, 1805, 620, 1577, 1449, 1433, 1659, 320, 418, 346, 602, 573, 1709, 1300, 113, 427, 1891, 1341, 236, 1001, 370, 723, 1092, 1560, 379, 662, 79, 850, 1704, 824, 627, 436, 666, 1103, 653, 945, 1370, 1232, 587, 234, 103, 1858, 934, 1420, 123, 1818, 1310, 499, 1739, 1493, 1847, 1553, 740, 124, 1260, 1378, 1842, 1777, 1816, 1543, 749, 608, 1563, 996, 25, 101, 90, 459, 337, 122, 580, 829, 533, 292, 452, 1614, 1183, 1322, 1278, 521, 1136, 1190, 96, 259, 1645, 1008, 1888, 342, 445, 1504, 162, 382, 1894, 784, 1404, 1531, 1312, 444, 1097, 1447, 1280, 872, 168, 50, 1687, 1593, 1610, 98, 1242, 769, 642, 1309, 888, 433, 302, 1263, 1169, 1656, 1295, 243, 921, 1438, 1161, 877, 640, 1541, 24, 703, 980, 1173, 935, 1519, 440, 1512, 1137, 822, 1014, 310, 511, 583, 1518, 458, 274, 109, 856, 522, 11, 462, 1236, 232, 633, 1567, 1241, 989, 1725, 280, 875, 1083, 1833, 324, 1566, 249, 172, 696, 1505, 1010, 1477, 1327, 910, 861, 88, 99, 357, 437, 80, 1292, 764, 175, 395, 1716, 699, 1483, 1717, 673, 623, 1697, 1479, 1060, 1651, 553, 981, 218, 1110, 185, 77, 900, 371, 904, 1390, 21, 1882, 595, 1718, 1476, 152, 420, 918, 192, 1679, 1484, 1863, 787, 567, 851, 441, 530, 517, 1419, 1388, 329, 301, 1330, 876, 478, 1530, 676, 1844, 403, 74, 647, 728, 230, 519, 256, 737, 235, 1796, 182, 858, 504, 1287, 1124, 1229, 294, 625, 894, 759, 1544, 330, 1711, 505, 903, 1055, 1238, 1397, 1686, 136, 1275, 1580, 1584, 59, 1112, 1636, 166, 655, 1520, 1540, 374, 496, 414, 1226, 154, 860, 531, 1465, 1345, 1662, 1284, 669, 1627, 1408, 36, 191, 1748, 7, 1498, 802, 325, 957, 208, 228, 1201, 950, 1318, 155, 948, 133, 920, 442, 225, 611, 1633, 796, 667, 1652, 1304, 1609, 1611, 527, 1427, 1354, 689, 930, 870, 925, 56, 1402, 100, 189, 1068, 1737, 322, 523, 247, 971, 1445, 55, 579, 1374, 1571, 1521, 890, 785, 58, 671, 1608, 1168, 1742, 899, 299, 778, 1542, 761, 566, 46, 1708, 1719, 351, 1392, 651, 1764, 811, 449, 922, 261, 1036, 694, 127, 1114, 707, 1487, 1852, 1802, 873, 174, 1865, 1710, 763, 164, 1632, 345, 539, 1141, 805, 919, 911, 184, 548, 1422, 1625, 1155, 399, 1795, 1845, 1889, 1565, 45, 603, 1444, 1517, 1823, 1246, 477, 64, 1164, 1411, 781, 8, 1635, 1583, 1200, 241, 151, 177, 333, 629, 1453, 293, 1760, 636, 1239, 1115, 727, 273, 1394, 1266, 1184, 1619, 1743, 313, 1904, 982, 1367, 153, 564, 1806, 331, 1862, 1848, 606, 1264, 57, 97, 1774, 1814, 1086, 1029, 393, 1488, 85, 1509, 1550, 725, 1638, 1846, 1342, 1728, 993, 421, 1781, 681, 473, 1604, 364, 1613, 679, 780, 1885, 581, 1130, 116, 823, 355, 736, 75, 398, 557, 1740, 1515, 1596, 1250, 641, 1683, 198, 1363, 589, 1223, 1209, 417, 209, 1810, 9, 535, 1500, 1881, 1208, 909, 0, 702, 1897, 598, 1189, 748, 675, 1691, 1152, 755, 4, 1416, 830, 439, 1222, 1340, 692, 1003, 34, 356, 170, 1761, 1657, 1578, 401, 795, 1507, 997, 644, 1166, 447, 518, 563, 336, 1820, 343, 597, 844, 1058, 497, 311, 1463, 754, 1218, 1191, 1148, 1612, 1022, 1344, 1776, 942, 906, 1409, 1098, 130, 1418, 1830, 190, 1303, 1749, 607, 825, 92, 677, 628, 326, 715, 949, 27, 1537, 1025, 1439, 1277, 396, 1270, 53, 558, 584, 616, 630, 1533, 532, 1113, 612, 1080, 173, 1090, 838, 17, 897, 1306, 1311, 1131, 388, 1118, 1528, 1426, 1257, 1460, 1714, 1407, 144, 1734, 258, 1731, 526, 367, 1834, 126, 1104, 638, 791, 265, 223, 461, 1457, 139, 456, 1905, 1663, 1412, 1568, 1763, 883, 1661, 1678, 493, 1606, 1813, 541, 1757, 276, 296, 1673, 222, 1707, 183, 257, 615, 1478, 742, 376, 810, 661, 365, 156, 1298, 1701, 1653, 202, 1334, 1197, 1482, 106, 323, 1448, 1558, 1179, 1854, 902, 1049, 297, 216, 1268, 277, 1336, 1393, 65, 1456, 1052, 5, 1735, 1495, 1175, 988, 117, 721, 1788, 315, 1819, 1305, 1794, 520, 543, 1214, 917, 731, 1091, 1147, 1070, 68, 892, 1486, 464, 783, 115, 1883, 1372, 752, 383, 1122, 582, 1039, 1213, 574, 1594, 1870, 1111, 1792, 706, 1674, 233, 1607, 691, 1417, 1071, 711, 1538, 252, 741, 1396, 1211, 1429, 1906, 513, 799, 1384, 1138, 1688, 1681, 1045, 961, 743, 1824, 619, 766, 1727, 147, 827, 1117, 1547, 1892, 39, 82, 1546, 963, 178, 658, 1592, 425, 484, 415, 1204, 1331, 1207, 561, 912, 451, 1548, 1494, 1210, 1676, 685, 1291, 793, 632, 1018], [1054, 207, 1715, 1233, 514, 238, 1377, 1677, 878, 1624, 1145, 1009, 469, 962, 1194, 93, 1556, 1851, 1569, 1089, 745, 423, 23, 821, 29, 1401, 789, 1791, 788, 1079, 1347, 503, 1199, 753, 848, 1294, 801, 682, 955, 112, 1188, 402, 1878, 1817, 1288, 1821, 1245, 1302, 1007, 1705, 271, 510, 1510, 327, 1127, 486, 1555, 1004, 1589, 1511, 1700, 1373, 1668, 341, 1489, 1790, 1492, 321, 659, 578, 303, 118, 960, 453, 160, 683, 1832, 434, 701, 928, 480, 1446, 1552, 704, 94, 1317, 1410, 394, 186, 771, 859, 1395, 1646, 1570, 1353, 714, 1297, 360, 1153, 1185, 1766, 1471, 1013, 1356, 1437, 78, 63, 1618, 537, 482, 3, 450, 1339, 490, 857, 251, 898, 916, 546, 1809, 1689, 1078, 1069, 1, 1035, 1534, 1158, 203, 1837, 1095, 1235, 295, 933, 1474, 1559, 240, 105, 419, 1751, 1061, 1896, 1162, 1508, 1195, 237, 509, 1875, 6, 1564, 1698, 1907, 20, 1023, 1157, 1724, 132, 1912, 108, 1839, 734, 413, 316, 1249, 1880, 430, 915, 952, 813, 1532, 1116, 1859, 137, 1703, 141, 1785, 1582, 643, 119, 12, 968, 1193, 408, 214, 601, 967, 803, 1551, 363, 424, 958, 1826, 196]]
Resuming from epoch 65: /Users/suraj/Downloads/outputs/wall_single/checkpoints/model_latest.pth
num_action_repeat: 1
num_proprio_repeat: 1
proprio encoder: ProprioceptiveEmbedding(
  (patch_embed): Conv1d(2, 10, kernel_size=(1,), stride=(1,))
)
action encoder: ProprioceptiveEmbedding(
  (patch_embed): Conv1d(10, 10, kernel_size=(1,), stride=(1,))
)
proprio_dim: 10, after repeat: 10
action_dim: 10, after repeat: 10
emb_dim: 404
Model emb_dim:  404
eval_seed:  [2]
Dumped plan targets to /Users/suraj/Desktop/EAI_DINO/results/variants_transition/transition_run_v2/uniform_int3/sanity/plan_targets.pkl
Success rate:  0.0
{'success': array([False]), 'state_dist': array([34.64330584])}
Success rate:  0.0
{'success': array([False]), 'state_dist': array([43.55062712])}
MPC iter 0 Eval ------- 
Success rate:  0.0
{'success': array([False]), 'state_dist': array([43.55062712])}
self.is_success:  [False]
Success rate:  0.0
{'success': array([False]), 'state_dist': array([46.96877692])}
Success rate:  0.0
{'success': array([False]), 'state_dist': array([46.53427332])}
MPC iter 1 Eval ------- 
Success rate:  0.0
{'success': array([False]), 'state_dist': array([46.53427332])}
self.is_success:  [False]
Success rate:  0.0
{'success': array([False]), 'state_dist': array([46.53427332])}
[ok] uniform_int3: success_rate=0.0000 run_dir=/Users/suraj/Desktop/EAI_DINO/results/variants_transition/transition_run_v2/uniform_int3/sanity
Planning device: mps
Loading wall dataset...
Loaded 1920 rollouts
Using cache found in /Users/suraj/.cache/torch/hub/facebookresearch_dinov2_main
[[102, 33, 1056, 1591, 354, 245, 790, 1323, 142, 1745, 1588, 1473, 38, 1192, 735, 832, 547, 1186, 843, 660, 869, 83, 695, 1629, 179, 1658, 157, 1758, 1747, 250, 312, 1361, 1163, 1798, 275, 1099, 1787, 964, 1066, 609, 1666, 774, 181, 1502, 407, 668, 593, 1623, 1101, 565, 1350, 1572, 1094, 512, 148, 809, 263, 1853, 908, 927, 626, 569, 1730, 757, 1574, 1866, 1107, 1706, 391, 1255, 947, 828, 1720, 1057, 19, 1364, 1575, 1914, 1562, 1909, 534, 973, 538, 1017, 646, 285, 309, 1884, 1059, 552, 697, 1702, 145, 819, 649, 665, 169, 1051, 171, 1529, 1470, 291, 1371, 1240, 1641, 1746, 1443, 1307, 1801, 369, 1365, 525, 167, 1121, 1430, 874, 528, 1459, 1617, 770, 359, 923, 507, 884, 1616, 1314, 1149, 1379, 891, 1442, 1047, 1887, 248, 1767, 1620, 283, 392, 1290, 1650, 242, 1399, 807, 159, 204, 775, 1827, 500, 1352, 700, 1265, 1102, 149, 1440, 1258, 1738, 347, 690, 468, 1726, 1234, 1126, 868, 1501, 621, 585, 1523, 121, 1108, 846, 1167, 1405, 114, 474, 1406, 195, 1144, 586, 384, 1680, 298, 308, 529, 901, 475, 992, 1811, 1655, 914, 1598, 560, 1452, 385, 1032, 1895, 756, 1893, 485, 1293, 1876, 378, 206, 61, 1762, 1335, 1779, 1062, 111, 550, 1357, 284, 1074, 880, 592, 712, 1454, 1660, 1067, 946, 1011, 193, 1838, 1072, 1065, 1267, 1217, 591, 678, 792, 180, 1313, 69, 84, 1603, 1775, 201, 1415, 457, 1359, 400, 1759, 1081, 554, 471, 1841, 446, 1670, 688, 140, 1600, 871, 1093, 460, 1831, 818, 940, 1128, 614, 1000, 987, 1048, 72, 465, 804, 1804, 826, 1006, 1129, 270, 954, 86, 107, 1744, 751, 1143, 1554, 1750, 556, 1692, 664, 943, 907, 1713, 881, 1793, 849, 972, 264, 1431, 1040, 1391, 680, 1864, 724, 1549, 455, 600, 389, 1301, 1262, 1073, 1216, 613, 314, 15, 657, 896, 549, 575, 719, 545, 937, 1585, 165, 1252, 338, 970, 1366, 1247, 1024, 14, 855, 212, 887, 977, 1225, 776, 10, 1903, 1423, 596, 726, 431, 959, 1159, 1033, 1458, 1196, 1526, 317, 1358, 454, 1647, 976, 773, 1786, 1462, 488, 41, 571, 1464, 599, 979, 864, 18, 306, 1299, 797, 332, 1424, 1286, 66, 51, 1230, 1527, 1042, 762, 219, 487, 1026, 1282, 1285, 1503, 1597, 1573, 758, 999, 30, 1215, 1315, 1227, 387, 1867, 1421, 220, 932, 1829, 26, 1822, 290, 1088, 1902, 429, 463, 197, 1156, 1539, 1491, 1027, 1901, 733, 1879, 833, 278, 1251, 1899, 1642, 73, 272, 1019, 1084, 1346, 1803, 845, 568, 286, 76, 956, 1237, 48, 939, 1601, 481, 1187, 176, 1231, 1545, 1664, 1244, 87, 47, 194, 1586, 1316, 1125, 1649, 1077, 995, 1665, 1428, 1219, 1712, 1038, 542, 998, 70, 929, 1648, 476, 886, 1134, 1733, 854, 853, 1283, 1432, 1723, 1269, 281, 1174, 110, 1685, 1868, 777, 1522, 353, 798, 1773, 409, 768, 1273, 1490, 221, 1154, 1499, 71, 1637, 720, 1850, 1198, 1755, 1915, 716, 1900, 1835, 672, 319, 1536, 226, 1472, 1602, 969, 492, 428, 895, 814, 1133, 62, 656, 1722, 1621, 1142, 1087, 524, 1590, 1030, 650, 1451, 1913, 1259, 1917, 544, 377, 862, 1202, 1177, 1274, 1123, 617, 605, 1106, 1855, 422, 1769, 362, 1721, 1329, 1206, 1506, 135, 1320, 217, 120, 1120, 1836, 710, 717, 1799, 1557, 722, 1694, 405, 375, 1034, 260, 1496, 411, 1672, 28, 637, 373, 1808, 134, 1012, 536, 1752, 983, 1135, 1576, 483, 13, 404, 841, 1172, 1041, 1843, 161, 847, 1369, 1910, 1782, 1671, 1376, 1856, 498, 806, 635, 1212, 438, 835, 1849, 1109, 1349, 1043, 2, 466, 610, 1165, 885, 951, 344, 300, 1807, 1908, 287, 1877, 705, 1872, 1581, 985, 328, 708, 730, 350, 307, 146, 840, 1180, 494, 16, 555, 1368, 1780, 779, 1771, 1203, 1754, 744, 863, 1684, 639, 1919, 738, 938, 1053, 618, 91, 1886, 1028, 472, 1050, 138, 131, 89, 416, 991, 1254, 467, 227, 1765, 1634, 1789, 1622, 1205, 1874, 839, 1151, 654, 1182, 815, 470, 670, 150, 718, 352, 1579, 879, 443, 1690, 32, 435, 1383, 501, 882, 1085, 1176, 1382, 1171, 686, 1140, 1105, 800, 1516, 1485, 516, 1475, 1434, 1911, 889, 239, 652, 1535, 1639, 335, 1325, 1784, 765, 663, 1224, 448, 1815, 739, 1812, 1076, 747, 1467, 732, 1654, 1828, 502, 1319, 1425, 1160, 1468, 368, 1732, 1248, 143, 808, 674, 713, 129, 1599, 288, 1005, 1643, 1729, 1918, 1064, 279, 1741, 406, 867, 729, 604, 1220, 750, 304, 936, 215, 1626, 1778, 1031, 1756, 305, 1699, 412, 1387, 1640, 210, 188, 253, 645, 1279, 349, 1898, 262, 1082, 213, 255, 1514, 1375, 576, 698, 986, 1119, 508, 1753, 104, 1296, 1380, 128, 163, 693, 1524, 924, 842, 812, 1348, 199, 1386, 1628, 1435, 1772, 817, 931, 334, 1360, 390, 1413, 1783, 944, 905, 1271, 1132, 1857, 35, 340, 1461, 506, 1150, 1455, 594, 1020, 1178, 1770, 1389, 1276, 1355, 1228, 990, 1480, 1100, 1326, 282, 1321, 852, 200, 1146, 1253, 49, 1682, 1221, 1840, 1525, 1037, 1170, 1800, 648, 1243, 266, 926, 782, 1667, 984, 570, 1289, 1860, 893, 1630, 479, 339, 246, 866, 1631, 211, 684, 60, 125, 1513, 836, 43, 1450, 515, 1256, 244, 1063, 1693, 913, 966, 54, 432, 1869, 254, 1916, 577, 1096, 540, 1075, 1261, 1871, 1587, 381, 634, 205, 269, 489, 1890, 37, 746, 386, 551, 1414, 953, 1403, 709, 622, 1497, 1561, 1324, 158, 624, 426, 1466, 44, 267, 994, 318, 1398, 397, 95, 786, 81, 1332, 837, 289, 865, 965, 67, 1696, 816, 1044, 820, 229, 1400, 1362, 491, 1139, 1873, 1338, 559, 1016, 1021, 1436, 1002, 1797, 40, 224, 1615, 1385, 941, 1308, 978, 794, 231, 834, 1675, 1736, 31, 1181, 562, 831, 1272, 767, 372, 1825, 1669, 760, 380, 1343, 42, 1351, 1337, 1441, 268, 1644, 1015, 52, 1469, 1861, 1481, 22, 1605, 361, 1381, 410, 1333, 975, 1046, 1595, 348, 1768, 366, 1281, 772, 974, 495, 358, 590, 187, 631, 1695, 687, 1328, 572, 588, 1805, 620, 1577, 1449, 1433, 1659, 320, 418, 346, 602, 573, 1709, 1300, 113, 427, 1891, 1341, 236, 1001, 370, 723, 1092, 1560, 379, 662, 79, 850, 1704, 824, 627, 436, 666, 1103, 653, 945, 1370, 1232, 587, 234, 103, 1858, 934, 1420, 123, 1818, 1310, 499, 1739, 1493, 1847, 1553, 740, 124, 1260, 1378, 1842, 1777, 1816, 1543, 749, 608, 1563, 996, 25, 101, 90, 459, 337, 122, 580, 829, 533, 292, 452, 1614, 1183, 1322, 1278, 521, 1136, 1190, 96, 259, 1645, 1008, 1888, 342, 445, 1504, 162, 382, 1894, 784, 1404, 1531, 1312, 444, 1097, 1447, 1280, 872, 168, 50, 1687, 1593, 1610, 98, 1242, 769, 642, 1309, 888, 433, 302, 1263, 1169, 1656, 1295, 243, 921, 1438, 1161, 877, 640, 1541, 24, 703, 980, 1173, 935, 1519, 440, 1512, 1137, 822, 1014, 310, 511, 583, 1518, 458, 274, 109, 856, 522, 11, 462, 1236, 232, 633, 1567, 1241, 989, 1725, 280, 875, 1083, 1833, 324, 1566, 249, 172, 696, 1505, 1010, 1477, 1327, 910, 861, 88, 99, 357, 437, 80, 1292, 764, 175, 395, 1716, 699, 1483, 1717, 673, 623, 1697, 1479, 1060, 1651, 553, 981, 218, 1110, 185, 77, 900, 371, 904, 1390, 21, 1882, 595, 1718, 1476, 152, 420, 918, 192, 1679, 1484, 1863, 787, 567, 851, 441, 530, 517, 1419, 1388, 329, 301, 1330, 876, 478, 1530, 676, 1844, 403, 74, 647, 728, 230, 519, 256, 737, 235, 1796, 182, 858, 504, 1287, 1124, 1229, 294, 625, 894, 759, 1544, 330, 1711, 505, 903, 1055, 1238, 1397, 1686, 136, 1275, 1580, 1584, 59, 1112, 1636, 166, 655, 1520, 1540, 374, 496, 414, 1226, 154, 860, 531, 1465, 1345, 1662, 1284, 669, 1627, 1408, 36, 191, 1748, 7, 1498, 802, 325, 957, 208, 228, 1201, 950, 1318, 155, 948, 133, 920, 442, 225, 611, 1633, 796, 667, 1652, 1304, 1609, 1611, 527, 1427, 1354, 689, 930, 870, 925, 56, 1402, 100, 189, 1068, 1737, 322, 523, 247, 971, 1445, 55, 579, 1374, 1571, 1521, 890, 785, 58, 671, 1608, 1168, 1742, 899, 299, 778, 1542, 761, 566, 46, 1708, 1719, 351, 1392, 651, 1764, 811, 449, 922, 261, 1036, 694, 127, 1114, 707, 1487, 1852, 1802, 873, 174, 1865, 1710, 763, 164, 1632, 345, 539, 1141, 805, 919, 911, 184, 548, 1422, 1625, 1155, 399, 1795, 1845, 1889, 1565, 45, 603, 1444, 1517, 1823, 1246, 477, 64, 1164, 1411, 781, 8, 1635, 1583, 1200, 241, 151, 177, 333, 629, 1453, 293, 1760, 636, 1239, 1115, 727, 273, 1394, 1266, 1184, 1619, 1743, 313, 1904, 982, 1367, 153, 564, 1806, 331, 1862, 1848, 606, 1264, 57, 97, 1774, 1814, 1086, 1029, 393, 1488, 85, 1509, 1550, 725, 1638, 1846, 1342, 1728, 993, 421, 1781, 681, 473, 1604, 364, 1613, 679, 780, 1885, 581, 1130, 116, 823, 355, 736, 75, 398, 557, 1740, 1515, 1596, 1250, 641, 1683, 198, 1363, 589, 1223, 1209, 417, 209, 1810, 9, 535, 1500, 1881, 1208, 909, 0, 702, 1897, 598, 1189, 748, 675, 1691, 1152, 755, 4, 1416, 830, 439, 1222, 1340, 692, 1003, 34, 356, 170, 1761, 1657, 1578, 401, 795, 1507, 997, 644, 1166, 447, 518, 563, 336, 1820, 343, 597, 844, 1058, 497, 311, 1463, 754, 1218, 1191, 1148, 1612, 1022, 1344, 1776, 942, 906, 1409, 1098, 130, 1418, 1830, 190, 1303, 1749, 607, 825, 92, 677, 628, 326, 715, 949, 27, 1537, 1025, 1439, 1277, 396, 1270, 53, 558, 584, 616, 630, 1533, 532, 1113, 612, 1080, 173, 1090, 838, 17, 897, 1306, 1311, 1131, 388, 1118, 1528, 1426, 1257, 1460, 1714, 1407, 144, 1734, 258, 1731, 526, 367, 1834, 126, 1104, 638, 791, 265, 223, 461, 1457, 139, 456, 1905, 1663, 1412, 1568, 1763, 883, 1661, 1678, 493, 1606, 1813, 541, 1757, 276, 296, 1673, 222, 1707, 183, 257, 615, 1478, 742, 376, 810, 661, 365, 156, 1298, 1701, 1653, 202, 1334, 1197, 1482, 106, 323, 1448, 1558, 1179, 1854, 902, 1049, 297, 216, 1268, 277, 1336, 1393, 65, 1456, 1052, 5, 1735, 1495, 1175, 988, 117, 721, 1788, 315, 1819, 1305, 1794, 520, 543, 1214, 917, 731, 1091, 1147, 1070, 68, 892, 1486, 464, 783, 115, 1883, 1372, 752, 383, 1122, 582, 1039, 1213, 574, 1594, 1870, 1111, 1792, 706, 1674, 233, 1607, 691, 1417, 1071, 711, 1538, 252, 741, 1396, 1211, 1429, 1906, 513, 799, 1384, 1138, 1688, 1681, 1045, 961, 743, 1824, 619, 766, 1727, 147, 827, 1117, 1547, 1892, 39, 82, 1546, 963, 178, 658, 1592, 425, 484, 415, 1204, 1331, 1207, 561, 912, 451, 1548, 1494, 1210, 1676, 685, 1291, 793, 632, 1018], [1054, 207, 1715, 1233, 514, 238, 1377, 1677, 878, 1624, 1145, 1009, 469, 962, 1194, 93, 1556, 1851, 1569, 1089, 745, 423, 23, 821, 29, 1401, 789, 1791, 788, 1079, 1347, 503, 1199, 753, 848, 1294, 801, 682, 955, 112, 1188, 402, 1878, 1817, 1288, 1821, 1245, 1302, 1007, 1705, 271, 510, 1510, 327, 1127, 486, 1555, 1004, 1589, 1511, 1700, 1373, 1668, 341, 1489, 1790, 1492, 321, 659, 578, 303, 118, 960, 453, 160, 683, 1832, 434, 701, 928, 480, 1446, 1552, 704, 94, 1317, 1410, 394, 186, 771, 859, 1395, 1646, 1570, 1353, 714, 1297, 360, 1153, 1185, 1766, 1471, 1013, 1356, 1437, 78, 63, 1618, 537, 482, 3, 450, 1339, 490, 857, 251, 898, 916, 546, 1809, 1689, 1078, 1069, 1, 1035, 1534, 1158, 203, 1837, 1095, 1235, 295, 933, 1474, 1559, 240, 105, 419, 1751, 1061, 1896, 1162, 1508, 1195, 237, 509, 1875, 6, 1564, 1698, 1907, 20, 1023, 1157, 1724, 132, 1912, 108, 1839, 734, 413, 316, 1249, 1880, 430, 915, 952, 813, 1532, 1116, 1859, 137, 1703, 141, 1785, 1582, 643, 119, 12, 968, 1193, 408, 214, 601, 967, 803, 1551, 363, 424, 958, 1826, 196]]
Resuming from epoch 65: /Users/suraj/Downloads/outputs/wall_single/checkpoints/model_latest.pth
num_action_repeat: 1
num_proprio_repeat: 1
proprio encoder: ProprioceptiveEmbedding(
  (patch_embed): Conv1d(2, 10, kernel_size=(1,), stride=(1,))
)
action encoder: ProprioceptiveEmbedding(
  (patch_embed): Conv1d(10, 10, kernel_size=(1,), stride=(1,))
)
proprio_dim: 10, after repeat: 10
action_dim: 10, after repeat: 10
emb_dim: 404
Model emb_dim:  404
eval_seed:  [2]
Dumped plan targets to /Users/suraj/Desktop/EAI_DINO/results/variants_transition/transition_run_v2/mixed_int3/sanity/plan_targets.pkl
Success rate:  0.0
{'success': array([False]), 'state_dist': array([29.20181207])}
Success rate:  0.0
{'success': array([False]), 'state_dist': array([29.58751491])}
MPC iter 0 Eval ------- 
Success rate:  0.0
{'success': array([False]), 'state_dist': array([29.58751491])}
self.is_success:  [False]
Success rate:  0.0
{'success': array([False]), 'state_dist': array([30.9246562])}
Success rate:  0.0
{'success': array([False]), 'state_dist': array([32.67827183])}
MPC iter 1 Eval ------- 
Success rate:  0.0
{'success': array([False]), 'state_dist': array([32.67827183])}
self.is_success:  [False]
Success rate:  0.0
{'success': array([False]), 'state_dist': array([32.67827183])}
[ok] mixed_int3: success_rate=0.0000 run_dir=/Users/suraj/Desktop/EAI_DINO/results/variants_transition/transition_run_v2/mixed_int3/sanity
Planning device: mps
Loading wall dataset...
Loaded 1920 rollouts
Using cache found in /Users/suraj/.cache/torch/hub/facebookresearch_dinov2_main
[[102, 33, 1056, 1591, 354, 245, 790, 1323, 142, 1745, 1588, 1473, 38, 1192, 735, 832, 547, 1186, 843, 660, 869, 83, 695, 1629, 179, 1658, 157, 1758, 1747, 250, 312, 1361, 1163, 1798, 275, 1099, 1787, 964, 1066, 609, 1666, 774, 181, 1502, 407, 668, 593, 1623, 1101, 565, 1350, 1572, 1094, 512, 148, 809, 263, 1853, 908, 927, 626, 569, 1730, 757, 1574, 1866, 1107, 1706, 391, 1255, 947, 828, 1720, 1057, 19, 1364, 1575, 1914, 1562, 1909, 534, 973, 538, 1017, 646, 285, 309, 1884, 1059, 552, 697, 1702, 145, 819, 649, 665, 169, 1051, 171, 1529, 1470, 291, 1371, 1240, 1641, 1746, 1443, 1307, 1801, 369, 1365, 525, 167, 1121, 1430, 874, 528, 1459, 1617, 770, 359, 923, 507, 884, 1616, 1314, 1149, 1379, 891, 1442, 1047, 1887, 248, 1767, 1620, 283, 392, 1290, 1650, 242, 1399, 807, 159, 204, 775, 1827, 500, 1352, 700, 1265, 1102, 149, 1440, 1258, 1738, 347, 690, 468, 1726, 1234, 1126, 868, 1501, 621, 585, 1523, 121, 1108, 846, 1167, 1405, 114, 474, 1406, 195, 1144, 586, 384, 1680, 298, 308, 529, 901, 475, 992, 1811, 1655, 914, 1598, 560, 1452, 385, 1032, 1895, 756, 1893, 485, 1293, 1876, 378, 206, 61, 1762, 1335, 1779, 1062, 111, 550, 1357, 284, 1074, 880, 592, 712, 1454, 1660, 1067, 946, 1011, 193, 1838, 1072, 1065, 1267, 1217, 591, 678, 792, 180, 1313, 69, 84, 1603, 1775, 201, 1415, 457, 1359, 400, 1759, 1081, 554, 471, 1841, 446, 1670, 688, 140, 1600, 871, 1093, 460, 1831, 818, 940, 1128, 614, 1000, 987, 1048, 72, 465, 804, 1804, 826, 1006, 1129, 270, 954, 86, 107, 1744, 751, 1143, 1554, 1750, 556, 1692, 664, 943, 907, 1713, 881, 1793, 849, 972, 264, 1431, 1040, 1391, 680, 1864, 724, 1549, 455, 600, 389, 1301, 1262, 1073, 1216, 613, 314, 15, 657, 896, 549, 575, 719, 545, 937, 1585, 165, 1252, 338, 970, 1366, 1247, 1024, 14, 855, 212, 887, 977, 1225, 776, 10, 1903, 1423, 596, 726, 431, 959, 1159, 1033, 1458, 1196, 1526, 317, 1358, 454, 1647, 976, 773, 1786, 1462, 488, 41, 571, 1464, 599, 979, 864, 18, 306, 1299, 797, 332, 1424, 1286, 66, 51, 1230, 1527, 1042, 762, 219, 487, 1026, 1282, 1285, 1503, 1597, 1573, 758, 999, 30, 1215, 1315, 1227, 387, 1867, 1421, 220, 932, 1829, 26, 1822, 290, 1088, 1902, 429, 463, 197, 1156, 1539, 1491, 1027, 1901, 733, 1879, 833, 278, 1251, 1899, 1642, 73, 272, 1019, 1084, 1346, 1803, 845, 568, 286, 76, 956, 1237, 48, 939, 1601, 481, 1187, 176, 1231, 1545, 1664, 1244, 87, 47, 194, 1586, 1316, 1125, 1649, 1077, 995, 1665, 1428, 1219, 1712, 1038, 542, 998, 70, 929, 1648, 476, 886, 1134, 1733, 854, 853, 1283, 1432, 1723, 1269, 281, 1174, 110, 1685, 1868, 777, 1522, 353, 798, 1773, 409, 768, 1273, 1490, 221, 1154, 1499, 71, 1637, 720, 1850, 1198, 1755, 1915, 716, 1900, 1835, 672, 319, 1536, 226, 1472, 1602, 969, 492, 428, 895, 814, 1133, 62, 656, 1722, 1621, 1142, 1087, 524, 1590, 1030, 650, 1451, 1913, 1259, 1917, 544, 377, 862, 1202, 1177, 1274, 1123, 617, 605, 1106, 1855, 422, 1769, 362, 1721, 1329, 1206, 1506, 135, 1320, 217, 120, 1120, 1836, 710, 717, 1799, 1557, 722, 1694, 405, 375, 1034, 260, 1496, 411, 1672, 28, 637, 373, 1808, 134, 1012, 536, 1752, 983, 1135, 1576, 483, 13, 404, 841, 1172, 1041, 1843, 161, 847, 1369, 1910, 1782, 1671, 1376, 1856, 498, 806, 635, 1212, 438, 835, 1849, 1109, 1349, 1043, 2, 466, 610, 1165, 885, 951, 344, 300, 1807, 1908, 287, 1877, 705, 1872, 1581, 985, 328, 708, 730, 350, 307, 146, 840, 1180, 494, 16, 555, 1368, 1780, 779, 1771, 1203, 1754, 744, 863, 1684, 639, 1919, 738, 938, 1053, 618, 91, 1886, 1028, 472, 1050, 138, 131, 89, 416, 991, 1254, 467, 227, 1765, 1634, 1789, 1622, 1205, 1874, 839, 1151, 654, 1182, 815, 470, 670, 150, 718, 352, 1579, 879, 443, 1690, 32, 435, 1383, 501, 882, 1085, 1176, 1382, 1171, 686, 1140, 1105, 800, 1516, 1485, 516, 1475, 1434, 1911, 889, 239, 652, 1535, 1639, 335, 1325, 1784, 765, 663, 1224, 448, 1815, 739, 1812, 1076, 747, 1467, 732, 1654, 1828, 502, 1319, 1425, 1160, 1468, 368, 1732, 1248, 143, 808, 674, 713, 129, 1599, 288, 1005, 1643, 1729, 1918, 1064, 279, 1741, 406, 867, 729, 604, 1220, 750, 304, 936, 215, 1626, 1778, 1031, 1756, 305, 1699, 412, 1387, 1640, 210, 188, 253, 645, 1279, 349, 1898, 262, 1082, 213, 255, 1514, 1375, 576, 698, 986, 1119, 508, 1753, 104, 1296, 1380, 128, 163, 693, 1524, 924, 842, 812, 1348, 199, 1386, 1628, 1435, 1772, 817, 931, 334, 1360, 390, 1413, 1783, 944, 905, 1271, 1132, 1857, 35, 340, 1461, 506, 1150, 1455, 594, 1020, 1178, 1770, 1389, 1276, 1355, 1228, 990, 1480, 1100, 1326, 282, 1321, 852, 200, 1146, 1253, 49, 1682, 1221, 1840, 1525, 1037, 1170, 1800, 648, 1243, 266, 926, 782, 1667, 984, 570, 1289, 1860, 893, 1630, 479, 339, 246, 866, 1631, 211, 684, 60, 125, 1513, 836, 43, 1450, 515, 1256, 244, 1063, 1693, 913, 966, 54, 432, 1869, 254, 1916, 577, 1096, 540, 1075, 1261, 1871, 1587, 381, 634, 205, 269, 489, 1890, 37, 746, 386, 551, 1414, 953, 1403, 709, 622, 1497, 1561, 1324, 158, 624, 426, 1466, 44, 267, 994, 318, 1398, 397, 95, 786, 81, 1332, 837, 289, 865, 965, 67, 1696, 816, 1044, 820, 229, 1400, 1362, 491, 1139, 1873, 1338, 559, 1016, 1021, 1436, 1002, 1797, 40, 224, 1615, 1385, 941, 1308, 978, 794, 231, 834, 1675, 1736, 31, 1181, 562, 831, 1272, 767, 372, 1825, 1669, 760, 380, 1343, 42, 1351, 1337, 1441, 268, 1644, 1015, 52, 1469, 1861, 1481, 22, 1605, 361, 1381, 410, 1333, 975, 1046, 1595, 348, 1768, 366, 1281, 772, 974, 495, 358, 590, 187, 631, 1695, 687, 1328, 572, 588, 1805, 620, 1577, 1449, 1433, 1659, 320, 418, 346, 602, 573, 1709, 1300, 113, 427, 1891, 1341, 236, 1001, 370, 723, 1092, 1560, 379, 662, 79, 850, 1704, 824, 627, 436, 666, 1103, 653, 945, 1370, 1232, 587, 234, 103, 1858, 934, 1420, 123, 1818, 1310, 499, 1739, 1493, 1847, 1553, 740, 124, 1260, 1378, 1842, 1777, 1816, 1543, 749, 608, 1563, 996, 25, 101, 90, 459, 337, 122, 580, 829, 533, 292, 452, 1614, 1183, 1322, 1278, 521, 1136, 1190, 96, 259, 1645, 1008, 1888, 342, 445, 1504, 162, 382, 1894, 784, 1404, 1531, 1312, 444, 1097, 1447, 1280, 872, 168, 50, 1687, 1593, 1610, 98, 1242, 769, 642, 1309, 888, 433, 302, 1263, 1169, 1656, 1295, 243, 921, 1438, 1161, 877, 640, 1541, 24, 703, 980, 1173, 935, 1519, 440, 1512, 1137, 822, 1014, 310, 511, 583, 1518, 458, 274, 109, 856, 522, 11, 462, 1236, 232, 633, 1567, 1241, 989, 1725, 280, 875, 1083, 1833, 324, 1566, 249, 172, 696, 1505, 1010, 1477, 1327, 910, 861, 88, 99, 357, 437, 80, 1292, 764, 175, 395, 1716, 699, 1483, 1717, 673, 623, 1697, 1479, 1060, 1651, 553, 981, 218, 1110, 185, 77, 900, 371, 904, 1390, 21, 1882, 595, 1718, 1476, 152, 420, 918, 192, 1679, 1484, 1863, 787, 567, 851, 441, 530, 517, 1419, 1388, 329, 301, 1330, 876, 478, 1530, 676, 1844, 403, 74, 647, 728, 230, 519, 256, 737, 235, 1796, 182, 858, 504, 1287, 1124, 1229, 294, 625, 894, 759, 1544, 330, 1711, 505, 903, 1055, 1238, 1397, 1686, 136, 1275, 1580, 1584, 59, 1112, 1636, 166, 655, 1520, 1540, 374, 496, 414, 1226, 154, 860, 531, 1465, 1345, 1662, 1284, 669, 1627, 1408, 36, 191, 1748, 7, 1498, 802, 325, 957, 208, 228, 1201, 950, 1318, 155, 948, 133, 920, 442, 225, 611, 1633, 796, 667, 1652, 1304, 1609, 1611, 527, 1427, 1354, 689, 930, 870, 925, 56, 1402, 100, 189, 1068, 1737, 322, 523, 247, 971, 1445, 55, 579, 1374, 1571, 1521, 890, 785, 58, 671, 1608, 1168, 1742, 899, 299, 778, 1542, 761, 566, 46, 1708, 1719, 351, 1392, 651, 1764, 811, 449, 922, 261, 1036, 694, 127, 1114, 707, 1487, 1852, 1802, 873, 174, 1865, 1710, 763, 164, 1632, 345, 539, 1141, 805, 919, 911, 184, 548, 1422, 1625, 1155, 399, 1795, 1845, 1889, 1565, 45, 603, 1444, 1517, 1823, 1246, 477, 64, 1164, 1411, 781, 8, 1635, 1583, 1200, 241, 151, 177, 333, 629, 1453, 293, 1760, 636, 1239, 1115, 727, 273, 1394, 1266, 1184, 1619, 1743, 313, 1904, 982, 1367, 153, 564, 1806, 331, 1862, 1848, 606, 1264, 57, 97, 1774, 1814, 1086, 1029, 393, 1488, 85, 1509, 1550, 725, 1638, 1846, 1342, 1728, 993, 421, 1781, 681, 473, 1604, 364, 1613, 679, 780, 1885, 581, 1130, 116, 823, 355, 736, 75, 398, 557, 1740, 1515, 1596, 1250, 641, 1683, 198, 1363, 589, 1223, 1209, 417, 209, 1810, 9, 535, 1500, 1881, 1208, 909, 0, 702, 1897, 598, 1189, 748, 675, 1691, 1152, 755, 4, 1416, 830, 439, 1222, 1340, 692, 1003, 34, 356, 170, 1761, 1657, 1578, 401, 795, 1507, 997, 644, 1166, 447, 518, 563, 336, 1820, 343, 597, 844, 1058, 497, 311, 1463, 754, 1218, 1191, 1148, 1612, 1022, 1344, 1776, 942, 906, 1409, 1098, 130, 1418, 1830, 190, 1303, 1749, 607, 825, 92, 677, 628, 326, 715, 949, 27, 1537, 1025, 1439, 1277, 396, 1270, 53, 558, 584, 616, 630, 1533, 532, 1113, 612, 1080, 173, 1090, 838, 17, 897, 1306, 1311, 1131, 388, 1118, 1528, 1426, 1257, 1460, 1714, 1407, 144, 1734, 258, 1731, 526, 367, 1834, 126, 1104, 638, 791, 265, 223, 461, 1457, 139, 456, 1905, 1663, 1412, 1568, 1763, 883, 1661, 1678, 493, 1606, 1813, 541, 1757, 276, 296, 1673, 222, 1707, 183, 257, 615, 1478, 742, 376, 810, 661, 365, 156, 1298, 1701, 1653, 202, 1334, 1197, 1482, 106, 323, 1448, 1558, 1179, 1854, 902, 1049, 297, 216, 1268, 277, 1336, 1393, 65, 1456, 1052, 5, 1735, 1495, 1175, 988, 117, 721, 1788, 315, 1819, 1305, 1794, 520, 543, 1214, 917, 731, 1091, 1147, 1070, 68, 892, 1486, 464, 783, 115, 1883, 1372, 752, 383, 1122, 582, 1039, 1213, 574, 1594, 1870, 1111, 1792, 706, 1674, 233, 1607, 691, 1417, 1071, 711, 1538, 252, 741, 1396, 1211, 1429, 1906, 513, 799, 1384, 1138, 1688, 1681, 1045, 961, 743, 1824, 619, 766, 1727, 147, 827, 1117, 1547, 1892, 39, 82, 1546, 963, 178, 658, 1592, 425, 484, 415, 1204, 1331, 1207, 561, 912, 451, 1548, 1494, 1210, 1676, 685, 1291, 793, 632, 1018], [1054, 207, 1715, 1233, 514, 238, 1377, 1677, 878, 1624, 1145, 1009, 469, 962, 1194, 93, 1556, 1851, 1569, 1089, 745, 423, 23, 821, 29, 1401, 789, 1791, 788, 1079, 1347, 503, 1199, 753, 848, 1294, 801, 682, 955, 112, 1188, 402, 1878, 1817, 1288, 1821, 1245, 1302, 1007, 1705, 271, 510, 1510, 327, 1127, 486, 1555, 1004, 1589, 1511, 1700, 1373, 1668, 341, 1489, 1790, 1492, 321, 659, 578, 303, 118, 960, 453, 160, 683, 1832, 434, 701, 928, 480, 1446, 1552, 704, 94, 1317, 1410, 394, 186, 771, 859, 1395, 1646, 1570, 1353, 714, 1297, 360, 1153, 1185, 1766, 1471, 1013, 1356, 1437, 78, 63, 1618, 537, 482, 3, 450, 1339, 490, 857, 251, 898, 916, 546, 1809, 1689, 1078, 1069, 1, 1035, 1534, 1158, 203, 1837, 1095, 1235, 295, 933, 1474, 1559, 240, 105, 419, 1751, 1061, 1896, 1162, 1508, 1195, 237, 509, 1875, 6, 1564, 1698, 1907, 20, 1023, 1157, 1724, 132, 1912, 108, 1839, 734, 413, 316, 1249, 1880, 430, 915, 952, 813, 1532, 1116, 1859, 137, 1703, 141, 1785, 1582, 643, 119, 12, 968, 1193, 408, 214, 601, 967, 803, 1551, 363, 424, 958, 1826, 196]]
Resuming from epoch 65: /Users/suraj/Downloads/outputs/wall_single/checkpoints/model_latest.pth
num_action_repeat: 1
num_proprio_repeat: 1
proprio encoder: ProprioceptiveEmbedding(
  (patch_embed): Conv1d(2, 10, kernel_size=(1,), stride=(1,))
)
action encoder: ProprioceptiveEmbedding(
  (patch_embed): Conv1d(10, 10, kernel_size=(1,), stride=(1,))
)
proprio_dim: 10, after repeat: 10
action_dim: 10, after repeat: 10
emb_dim: 404
Model emb_dim:  404
eval_seed:  [2]
Dumped plan targets to /Users/suraj/Desktop/EAI_DINO/results/variants_transition/transition_run_v2/encfp16_0/sanity/plan_targets.pkl
Success rate:  0.0
{'success': array([False]), 'state_dist': array([14.91844348])}
Success rate:  0.0
{'success': array([False]), 'state_dist': array([7.07175586])}
MPC iter 0 Eval ------- 
Success rate:  0.0
{'success': array([False]), 'state_dist': array([7.07175586])}
self.is_success:  [False]
Success rate:  0.0
{'success': array([False]), 'state_dist': array([7.70945073])}
Success rate:  0.0
{'success': array([False]), 'state_dist': array([7.88147504])}
MPC iter 1 Eval ------- 
Success rate:  0.0
{'success': array([False]), 'state_dist': array([7.88147504])}
self.is_success:  [False]
Success rate:  0.0
{'success': array([False]), 'state_dist': array([7.88147504])}
[ok] encfp16_0: success_rate=0.0000 run_dir=/Users/suraj/Desktop/EAI_DINO/results/variants_transition/transition_run_v2/encfp16_0/sanity
Planning device: mps
Loading wall dataset...
Loaded 1920 rollouts
Using cache found in /Users/suraj/.cache/torch/hub/facebookresearch_dinov2_main
[[102, 33, 1056, 1591, 354, 245, 790, 1323, 142, 1745, 1588, 1473, 38, 1192, 735, 832, 547, 1186, 843, 660, 869, 83, 695, 1629, 179, 1658, 157, 1758, 1747, 250, 312, 1361, 1163, 1798, 275, 1099, 1787, 964, 1066, 609, 1666, 774, 181, 1502, 407, 668, 593, 1623, 1101, 565, 1350, 1572, 1094, 512, 148, 809, 263, 1853, 908, 927, 626, 569, 1730, 757, 1574, 1866, 1107, 1706, 391, 1255, 947, 828, 1720, 1057, 19, 1364, 1575, 1914, 1562, 1909, 534, 973, 538, 1017, 646, 285, 309, 1884, 1059, 552, 697, 1702, 145, 819, 649, 665, 169, 1051, 171, 1529, 1470, 291, 1371, 1240, 1641, 1746, 1443, 1307, 1801, 369, 1365, 525, 167, 1121, 1430, 874, 528, 1459, 1617, 770, 359, 923, 507, 884, 1616, 1314, 1149, 1379, 891, 1442, 1047, 1887, 248, 1767, 1620, 283, 392, 1290, 1650, 242, 1399, 807, 159, 204, 775, 1827, 500, 1352, 700, 1265, 1102, 149, 1440, 1258, 1738, 347, 690, 468, 1726, 1234, 1126, 868, 1501, 621, 585, 1523, 121, 1108, 846, 1167, 1405, 114, 474, 1406, 195, 1144, 586, 384, 1680, 298, 308, 529, 901, 475, 992, 1811, 1655, 914, 1598, 560, 1452, 385, 1032, 1895, 756, 1893, 485, 1293, 1876, 378, 206, 61, 1762, 1335, 1779, 1062, 111, 550, 1357, 284, 1074, 880, 592, 712, 1454, 1660, 1067, 946, 1011, 193, 1838, 1072, 1065, 1267, 1217, 591, 678, 792, 180, 1313, 69, 84, 1603, 1775, 201, 1415, 457, 1359, 400, 1759, 1081, 554, 471, 1841, 446, 1670, 688, 140, 1600, 871, 1093, 460, 1831, 818, 940, 1128, 614, 1000, 987, 1048, 72, 465, 804, 1804, 826, 1006, 1129, 270, 954, 86, 107, 1744, 751, 1143, 1554, 1750, 556, 1692, 664, 943, 907, 1713, 881, 1793, 849, 972, 264, 1431, 1040, 1391, 680, 1864, 724, 1549, 455, 600, 389, 1301, 1262, 1073, 1216, 613, 314, 15, 657, 896, 549, 575, 719, 545, 937, 1585, 165, 1252, 338, 970, 1366, 1247, 1024, 14, 855, 212, 887, 977, 1225, 776, 10, 1903, 1423, 596, 726, 431, 959, 1159, 1033, 1458, 1196, 1526, 317, 1358, 454, 1647, 976, 773, 1786, 1462, 488, 41, 571, 1464, 599, 979, 864, 18, 306, 1299, 797, 332, 1424, 1286, 66, 51, 1230, 1527, 1042, 762, 219, 487, 1026, 1282, 1285, 1503, 1597, 1573, 758, 999, 30, 1215, 1315, 1227, 387, 1867, 1421, 220, 932, 1829, 26, 1822, 290, 1088, 1902, 429, 463, 197, 1156, 1539, 1491, 1027, 1901, 733, 1879, 833, 278, 1251, 1899, 1642, 73, 272, 1019, 1084, 1346, 1803, 845, 568, 286, 76, 956, 1237, 48, 939, 1601, 481, 1187, 176, 1231, 1545, 1664, 1244, 87, 47, 194, 1586, 1316, 1125, 1649, 1077, 995, 1665, 1428, 1219, 1712, 1038, 542, 998, 70, 929, 1648, 476, 886, 1134, 1733, 854, 853, 1283, 1432, 1723, 1269, 281, 1174, 110, 1685, 1868, 777, 1522, 353, 798, 1773, 409, 768, 1273, 1490, 221, 1154, 1499, 71, 1637, 720, 1850, 1198, 1755, 1915, 716, 1900, 1835, 672, 319, 1536, 226, 1472, 1602, 969, 492, 428, 895, 814, 1133, 62, 656, 1722, 1621, 1142, 1087, 524, 1590, 1030, 650, 1451, 1913, 1259, 1917, 544, 377, 862, 1202, 1177, 1274, 1123, 617, 605, 1106, 1855, 422, 1769, 362, 1721, 1329, 1206, 1506, 135, 1320, 217, 120, 1120, 1836, 710, 717, 1799, 1557, 722, 1694, 405, 375, 1034, 260, 1496, 411, 1672, 28, 637, 373, 1808, 134, 1012, 536, 1752, 983, 1135, 1576, 483, 13, 404, 841, 1172, 1041, 1843, 161, 847, 1369, 1910, 1782, 1671, 1376, 1856, 498, 806, 635, 1212, 438, 835, 1849, 1109, 1349, 1043, 2, 466, 610, 1165, 885, 951, 344, 300, 1807, 1908, 287, 1877, 705, 1872, 1581, 985, 328, 708, 730, 350, 307, 146, 840, 1180, 494, 16, 555, 1368, 1780, 779, 1771, 1203, 1754, 744, 863, 1684, 639, 1919, 738, 938, 1053, 618, 91, 1886, 1028, 472, 1050, 138, 131, 89, 416, 991, 1254, 467, 227, 1765, 1634, 1789, 1622, 1205, 1874, 839, 1151, 654, 1182, 815, 470, 670, 150, 718, 352, 1579, 879, 443, 1690, 32, 435, 1383, 501, 882, 1085, 1176, 1382, 1171, 686, 1140, 1105, 800, 1516, 1485, 516, 1475, 1434, 1911, 889, 239, 652, 1535, 1639, 335, 1325, 1784, 765, 663, 1224, 448, 1815, 739, 1812, 1076, 747, 1467, 732, 1654, 1828, 502, 1319, 1425, 1160, 1468, 368, 1732, 1248, 143, 808, 674, 713, 129, 1599, 288, 1005, 1643, 1729, 1918, 1064, 279, 1741, 406, 867, 729, 604, 1220, 750, 304, 936, 215, 1626, 1778, 1031, 1756, 305, 1699, 412, 1387, 1640, 210, 188, 253, 645, 1279, 349, 1898, 262, 1082, 213, 255, 1514, 1375, 576, 698, 986, 1119, 508, 1753, 104, 1296, 1380, 128, 163, 693, 1524, 924, 842, 812, 1348, 199, 1386, 1628, 1435, 1772, 817, 931, 334, 1360, 390, 1413, 1783, 944, 905, 1271, 1132, 1857, 35, 340, 1461, 506, 1150, 1455, 594, 1020, 1178, 1770, 1389, 1276, 1355, 1228, 990, 1480, 1100, 1326, 282, 1321, 852, 200, 1146, 1253, 49, 1682, 1221, 1840, 1525, 1037, 1170, 1800, 648, 1243, 266, 926, 782, 1667, 984, 570, 1289, 1860, 893, 1630, 479, 339, 246, 866, 1631, 211, 684, 60, 125, 1513, 836, 43, 1450, 515, 1256, 244, 1063, 1693, 913, 966, 54, 432, 1869, 254, 1916, 577, 1096, 540, 1075, 1261, 1871, 1587, 381, 634, 205, 269, 489, 1890, 37, 746, 386, 551, 1414, 953, 1403, 709, 622, 1497, 1561, 1324, 158, 624, 426, 1466, 44, 267, 994, 318, 1398, 397, 95, 786, 81, 1332, 837, 289, 865, 965, 67, 1696, 816, 1044, 820, 229, 1400, 1362, 491, 1139, 1873, 1338, 559, 1016, 1021, 1436, 1002, 1797, 40, 224, 1615, 1385, 941, 1308, 978, 794, 231, 834, 1675, 1736, 31, 1181, 562, 831, 1272, 767, 372, 1825, 1669, 760, 380, 1343, 42, 1351, 1337, 1441, 268, 1644, 1015, 52, 1469, 1861, 1481, 22, 1605, 361, 1381, 410, 1333, 975, 1046, 1595, 348, 1768, 366, 1281, 772, 974, 495, 358, 590, 187, 631, 1695, 687, 1328, 572, 588, 1805, 620, 1577, 1449, 1433, 1659, 320, 418, 346, 602, 573, 1709, 1300, 113, 427, 1891, 1341, 236, 1001, 370, 723, 1092, 1560, 379, 662, 79, 850, 1704, 824, 627, 436, 666, 1103, 653, 945, 1370, 1232, 587, 234, 103, 1858, 934, 1420, 123, 1818, 1310, 499, 1739, 1493, 1847, 1553, 740, 124, 1260, 1378, 1842, 1777, 1816, 1543, 749, 608, 1563, 996, 25, 101, 90, 459, 337, 122, 580, 829, 533, 292, 452, 1614, 1183, 1322, 1278, 521, 1136, 1190, 96, 259, 1645, 1008, 1888, 342, 445, 1504, 162, 382, 1894, 784, 1404, 1531, 1312, 444, 1097, 1447, 1280, 872, 168, 50, 1687, 1593, 1610, 98, 1242, 769, 642, 1309, 888, 433, 302, 1263, 1169, 1656, 1295, 243, 921, 1438, 1161, 877, 640, 1541, 24, 703, 980, 1173, 935, 1519, 440, 1512, 1137, 822, 1014, 310, 511, 583, 1518, 458, 274, 109, 856, 522, 11, 462, 1236, 232, 633, 1567, 1241, 989, 1725, 280, 875, 1083, 1833, 324, 1566, 249, 172, 696, 1505, 1010, 1477, 1327, 910, 861, 88, 99, 357, 437, 80, 1292, 764, 175, 395, 1716, 699, 1483, 1717, 673, 623, 1697, 1479, 1060, 1651, 553, 981, 218, 1110, 185, 77, 900, 371, 904, 1390, 21, 1882, 595, 1718, 1476, 152, 420, 918, 192, 1679, 1484, 1863, 787, 567, 851, 441, 530, 517, 1419, 1388, 329, 301, 1330, 876, 478, 1530, 676, 1844, 403, 74, 647, 728, 230, 519, 256, 737, 235, 1796, 182, 858, 504, 1287, 1124, 1229, 294, 625, 894, 759, 1544, 330, 1711, 505, 903, 1055, 1238, 1397, 1686, 136, 1275, 1580, 1584, 59, 1112, 1636, 166, 655, 1520, 1540, 374, 496, 414, 1226, 154, 860, 531, 1465, 1345, 1662, 1284, 669, 1627, 1408, 36, 191, 1748, 7, 1498, 802, 325, 957, 208, 228, 1201, 950, 1318, 155, 948, 133, 920, 442, 225, 611, 1633, 796, 667, 1652, 1304, 1609, 1611, 527, 1427, 1354, 689, 930, 870, 925, 56, 1402, 100, 189, 1068, 1737, 322, 523, 247, 971, 1445, 55, 579, 1374, 1571, 1521, 890, 785, 58, 671, 1608, 1168, 1742, 899, 299, 778, 1542, 761, 566, 46, 1708, 1719, 351, 1392, 651, 1764, 811, 449, 922, 261, 1036, 694, 127, 1114, 707, 1487, 1852, 1802, 873, 174, 1865, 1710, 763, 164, 1632, 345, 539, 1141, 805, 919, 911, 184, 548, 1422, 1625, 1155, 399, 1795, 1845, 1889, 1565, 45, 603, 1444, 1517, 1823, 1246, 477, 64, 1164, 1411, 781, 8, 1635, 1583, 1200, 241, 151, 177, 333, 629, 1453, 293, 1760, 636, 1239, 1115, 727, 273, 1394, 1266, 1184, 1619, 1743, 313, 1904, 982, 1367, 153, 564, 1806, 331, 1862, 1848, 606, 1264, 57, 97, 1774, 1814, 1086, 1029, 393, 1488, 85, 1509, 1550, 725, 1638, 1846, 1342, 1728, 993, 421, 1781, 681, 473, 1604, 364, 1613, 679, 780, 1885, 581, 1130, 116, 823, 355, 736, 75, 398, 557, 1740, 1515, 1596, 1250, 641, 1683, 198, 1363, 589, 1223, 1209, 417, 209, 1810, 9, 535, 1500, 1881, 1208, 909, 0, 702, 1897, 598, 1189, 748, 675, 1691, 1152, 755, 4, 1416, 830, 439, 1222, 1340, 692, 1003, 34, 356, 170, 1761, 1657, 1578, 401, 795, 1507, 997, 644, 1166, 447, 518, 563, 336, 1820, 343, 597, 844, 1058, 497, 311, 1463, 754, 1218, 1191, 1148, 1612, 1022, 1344, 1776, 942, 906, 1409, 1098, 130, 1418, 1830, 190, 1303, 1749, 607, 825, 92, 677, 628, 326, 715, 949, 27, 1537, 1025, 1439, 1277, 396, 1270, 53, 558, 584, 616, 630, 1533, 532, 1113, 612, 1080, 173, 1090, 838, 17, 897, 1306, 1311, 1131, 388, 1118, 1528, 1426, 1257, 1460, 1714, 1407, 144, 1734, 258, 1731, 526, 367, 1834, 126, 1104, 638, 791, 265, 223, 461, 1457, 139, 456, 1905, 1663, 1412, 1568, 1763, 883, 1661, 1678, 493, 1606, 1813, 541, 1757, 276, 296, 1673, 222, 1707, 183, 257, 615, 1478, 742, 376, 810, 661, 365, 156, 1298, 1701, 1653, 202, 1334, 1197, 1482, 106, 323, 1448, 1558, 1179, 1854, 902, 1049, 297, 216, 1268, 277, 1336, 1393, 65, 1456, 1052, 5, 1735, 1495, 1175, 988, 117, 721, 1788, 315, 1819, 1305, 1794, 520, 543, 1214, 917, 731, 1091, 1147, 1070, 68, 892, 1486, 464, 783, 115, 1883, 1372, 752, 383, 1122, 582, 1039, 1213, 574, 1594, 1870, 1111, 1792, 706, 1674, 233, 1607, 691, 1417, 1071, 711, 1538, 252, 741, 1396, 1211, 1429, 1906, 513, 799, 1384, 1138, 1688, 1681, 1045, 961, 743, 1824, 619, 766, 1727, 147, 827, 1117, 1547, 1892, 39, 82, 1546, 963, 178, 658, 1592, 425, 484, 415, 1204, 1331, 1207, 561, 912, 451, 1548, 1494, 1210, 1676, 685, 1291, 793, 632, 1018], [1054, 207, 1715, 1233, 514, 238, 1377, 1677, 878, 1624, 1145, 1009, 469, 962, 1194, 93, 1556, 1851, 1569, 1089, 745, 423, 23, 821, 29, 1401, 789, 1791, 788, 1079, 1347, 503, 1199, 753, 848, 1294, 801, 682, 955, 112, 1188, 402, 1878, 1817, 1288, 1821, 1245, 1302, 1007, 1705, 271, 510, 1510, 327, 1127, 486, 1555, 1004, 1589, 1511, 1700, 1373, 1668, 341, 1489, 1790, 1492, 321, 659, 578, 303, 118, 960, 453, 160, 683, 1832, 434, 701, 928, 480, 1446, 1552, 704, 94, 1317, 1410, 394, 186, 771, 859, 1395, 1646, 1570, 1353, 714, 1297, 360, 1153, 1185, 1766, 1471, 1013, 1356, 1437, 78, 63, 1618, 537, 482, 3, 450, 1339, 490, 857, 251, 898, 916, 546, 1809, 1689, 1078, 1069, 1, 1035, 1534, 1158, 203, 1837, 1095, 1235, 295, 933, 1474, 1559, 240, 105, 419, 1751, 1061, 1896, 1162, 1508, 1195, 237, 509, 1875, 6, 1564, 1698, 1907, 20, 1023, 1157, 1724, 132, 1912, 108, 1839, 734, 413, 316, 1249, 1880, 430, 915, 952, 813, 1532, 1116, 1859, 137, 1703, 141, 1785, 1582, 643, 119, 12, 968, 1193, 408, 214, 601, 967, 803, 1551, 363, 424, 958, 1826, 196]]
Resuming from epoch 65: /Users/suraj/Downloads/outputs/wall_single/checkpoints/model_latest.pth
num_action_repeat: 1
num_proprio_repeat: 1
proprio encoder: ProprioceptiveEmbedding(
  (patch_embed): Conv1d(2, 10, kernel_size=(1,), stride=(1,))
)
action encoder: ProprioceptiveEmbedding(
  (patch_embed): Conv1d(10, 10, kernel_size=(1,), stride=(1,))
)
proprio_dim: 10, after repeat: 10
action_dim: 10, after repeat: 10
emb_dim: 404
Model emb_dim:  404
eval_seed:  [2]
Dumped plan targets to /Users/suraj/Desktop/EAI_DINO/results/variants_transition/transition_run_v2/encfp16_25/sanity/plan_targets.pkl
Success rate:  0.0
{'success': array([False]), 'state_dist': array([21.28660085])}
Success rate:  1.0
{'success': array([ True]), 'state_dist': array([2.60059255])}
MPC iter 0 Eval ------- 
Success rate:  1.0
{'success': array([ True]), 'state_dist': array([2.60059255])}
self.is_success:  [ True]
Success rate:  1.0
{'success': array([ True]), 'state_dist': array([2.60059255])}
[ok] encfp16_25: success_rate=1.0000 run_dir=/Users/suraj/Desktop/EAI_DINO/results/variants_transition/transition_run_v2/encfp16_25/sanity
Planning device: mps
Loading wall dataset...
Loaded 1920 rollouts
Using cache found in /Users/suraj/.cache/torch/hub/facebookresearch_dinov2_main
[[102, 33, 1056, 1591, 354, 245, 790, 1323, 142, 1745, 1588, 1473, 38, 1192, 735, 832, 547, 1186, 843, 660, 869, 83, 695, 1629, 179, 1658, 157, 1758, 1747, 250, 312, 1361, 1163, 1798, 275, 1099, 1787, 964, 1066, 609, 1666, 774, 181, 1502, 407, 668, 593, 1623, 1101, 565, 1350, 1572, 1094, 512, 148, 809, 263, 1853, 908, 927, 626, 569, 1730, 757, 1574, 1866, 1107, 1706, 391, 1255, 947, 828, 1720, 1057, 19, 1364, 1575, 1914, 1562, 1909, 534, 973, 538, 1017, 646, 285, 309, 1884, 1059, 552, 697, 1702, 145, 819, 649, 665, 169, 1051, 171, 1529, 1470, 291, 1371, 1240, 1641, 1746, 1443, 1307, 1801, 369, 1365, 525, 167, 1121, 1430, 874, 528, 1459, 1617, 770, 359, 923, 507, 884, 1616, 1314, 1149, 1379, 891, 1442, 1047, 1887, 248, 1767, 1620, 283, 392, 1290, 1650, 242, 1399, 807, 159, 204, 775, 1827, 500, 1352, 700, 1265, 1102, 149, 1440, 1258, 1738, 347, 690, 468, 1726, 1234, 1126, 868, 1501, 621, 585, 1523, 121, 1108, 846, 1167, 1405, 114, 474, 1406, 195, 1144, 586, 384, 1680, 298, 308, 529, 901, 475, 992, 1811, 1655, 914, 1598, 560, 1452, 385, 1032, 1895, 756, 1893, 485, 1293, 1876, 378, 206, 61, 1762, 1335, 1779, 1062, 111, 550, 1357, 284, 1074, 880, 592, 712, 1454, 1660, 1067, 946, 1011, 193, 1838, 1072, 1065, 1267, 1217, 591, 678, 792, 180, 1313, 69, 84, 1603, 1775, 201, 1415, 457, 1359, 400, 1759, 1081, 554, 471, 1841, 446, 1670, 688, 140, 1600, 871, 1093, 460, 1831, 818, 940, 1128, 614, 1000, 987, 1048, 72, 465, 804, 1804, 826, 1006, 1129, 270, 954, 86, 107, 1744, 751, 1143, 1554, 1750, 556, 1692, 664, 943, 907, 1713, 881, 1793, 849, 972, 264, 1431, 1040, 1391, 680, 1864, 724, 1549, 455, 600, 389, 1301, 1262, 1073, 1216, 613, 314, 15, 657, 896, 549, 575, 719, 545, 937, 1585, 165, 1252, 338, 970, 1366, 1247, 1024, 14, 855, 212, 887, 977, 1225, 776, 10, 1903, 1423, 596, 726, 431, 959, 1159, 1033, 1458, 1196, 1526, 317, 1358, 454, 1647, 976, 773, 1786, 1462, 488, 41, 571, 1464, 599, 979, 864, 18, 306, 1299, 797, 332, 1424, 1286, 66, 51, 1230, 1527, 1042, 762, 219, 487, 1026, 1282, 1285, 1503, 1597, 1573, 758, 999, 30, 1215, 1315, 1227, 387, 1867, 1421, 220, 932, 1829, 26, 1822, 290, 1088, 1902, 429, 463, 197, 1156, 1539, 1491, 1027, 1901, 733, 1879, 833, 278, 1251, 1899, 1642, 73, 272, 1019, 1084, 1346, 1803, 845, 568, 286, 76, 956, 1237, 48, 939, 1601, 481, 1187, 176, 1231, 1545, 1664, 1244, 87, 47, 194, 1586, 1316, 1125, 1649, 1077, 995, 1665, 1428, 1219, 1712, 1038, 542, 998, 70, 929, 1648, 476, 886, 1134, 1733, 854, 853, 1283, 1432, 1723, 1269, 281, 1174, 110, 1685, 1868, 777, 1522, 353, 798, 1773, 409, 768, 1273, 1490, 221, 1154, 1499, 71, 1637, 720, 1850, 1198, 1755, 1915, 716, 1900, 1835, 672, 319, 1536, 226, 1472, 1602, 969, 492, 428, 895, 814, 1133, 62, 656, 1722, 1621, 1142, 1087, 524, 1590, 1030, 650, 1451, 1913, 1259, 1917, 544, 377, 862, 1202, 1177, 1274, 1123, 617, 605, 1106, 1855, 422, 1769, 362, 1721, 1329, 1206, 1506, 135, 1320, 217, 120, 1120, 1836, 710, 717, 1799, 1557, 722, 1694, 405, 375, 1034, 260, 1496, 411, 1672, 28, 637, 373, 1808, 134, 1012, 536, 1752, 983, 1135, 1576, 483, 13, 404, 841, 1172, 1041, 1843, 161, 847, 1369, 1910, 1782, 1671, 1376, 1856, 498, 806, 635, 1212, 438, 835, 1849, 1109, 1349, 1043, 2, 466, 610, 1165, 885, 951, 344, 300, 1807, 1908, 287, 1877, 705, 1872, 1581, 985, 328, 708, 730, 350, 307, 146, 840, 1180, 494, 16, 555, 1368, 1780, 779, 1771, 1203, 1754, 744, 863, 1684, 639, 1919, 738, 938, 1053, 618, 91, 1886, 1028, 472, 1050, 138, 131, 89, 416, 991, 1254, 467, 227, 1765, 1634, 1789, 1622, 1205, 1874, 839, 1151, 654, 1182, 815, 470, 670, 150, 718, 352, 1579, 879, 443, 1690, 32, 435, 1383, 501, 882, 1085, 1176, 1382, 1171, 686, 1140, 1105, 800, 1516, 1485, 516, 1475, 1434, 1911, 889, 239, 652, 1535, 1639, 335, 1325, 1784, 765, 663, 1224, 448, 1815, 739, 1812, 1076, 747, 1467, 732, 1654, 1828, 502, 1319, 1425, 1160, 1468, 368, 1732, 1248, 143, 808, 674, 713, 129, 1599, 288, 1005, 1643, 1729, 1918, 1064, 279, 1741, 406, 867, 729, 604, 1220, 750, 304, 936, 215, 1626, 1778, 1031, 1756, 305, 1699, 412, 1387, 1640, 210, 188, 253, 645, 1279, 349, 1898, 262, 1082, 213, 255, 1514, 1375, 576, 698, 986, 1119, 508, 1753, 104, 1296, 1380, 128, 163, 693, 1524, 924, 842, 812, 1348, 199, 1386, 1628, 1435, 1772, 817, 931, 334, 1360, 390, 1413, 1783, 944, 905, 1271, 1132, 1857, 35, 340, 1461, 506, 1150, 1455, 594, 1020, 1178, 1770, 1389, 1276, 1355, 1228, 990, 1480, 1100, 1326, 282, 1321, 852, 200, 1146, 1253, 49, 1682, 1221, 1840, 1525, 1037, 1170, 1800, 648, 1243, 266, 926, 782, 1667, 984, 570, 1289, 1860, 893, 1630, 479, 339, 246, 866, 1631, 211, 684, 60, 125, 1513, 836, 43, 1450, 515, 1256, 244, 1063, 1693, 913, 966, 54, 432, 1869, 254, 1916, 577, 1096, 540, 1075, 1261, 1871, 1587, 381, 634, 205, 269, 489, 1890, 37, 746, 386, 551, 1414, 953, 1403, 709, 622, 1497, 1561, 1324, 158, 624, 426, 1466, 44, 267, 994, 318, 1398, 397, 95, 786, 81, 1332, 837, 289, 865, 965, 67, 1696, 816, 1044, 820, 229, 1400, 1362, 491, 1139, 1873, 1338, 559, 1016, 1021, 1436, 1002, 1797, 40, 224, 1615, 1385, 941, 1308, 978, 794, 231, 834, 1675, 1736, 31, 1181, 562, 831, 1272, 767, 372, 1825, 1669, 760, 380, 1343, 42, 1351, 1337, 1441, 268, 1644, 1015, 52, 1469, 1861, 1481, 22, 1605, 361, 1381, 410, 1333, 975, 1046, 1595, 348, 1768, 366, 1281, 772, 974, 495, 358, 590, 187, 631, 1695, 687, 1328, 572, 588, 1805, 620, 1577, 1449, 1433, 1659, 320, 418, 346, 602, 573, 1709, 1300, 113, 427, 1891, 1341, 236, 1001, 370, 723, 1092, 1560, 379, 662, 79, 850, 1704, 824, 627, 436, 666, 1103, 653, 945, 1370, 1232, 587, 234, 103, 1858, 934, 1420, 123, 1818, 1310, 499, 1739, 1493, 1847, 1553, 740, 124, 1260, 1378, 1842, 1777, 1816, 1543, 749, 608, 1563, 996, 25, 101, 90, 459, 337, 122, 580, 829, 533, 292, 452, 1614, 1183, 1322, 1278, 521, 1136, 1190, 96, 259, 1645, 1008, 1888, 342, 445, 1504, 162, 382, 1894, 784, 1404, 1531, 1312, 444, 1097, 1447, 1280, 872, 168, 50, 1687, 1593, 1610, 98, 1242, 769, 642, 1309, 888, 433, 302, 1263, 1169, 1656, 1295, 243, 921, 1438, 1161, 877, 640, 1541, 24, 703, 980, 1173, 935, 1519, 440, 1512, 1137, 822, 1014, 310, 511, 583, 1518, 458, 274, 109, 856, 522, 11, 462, 1236, 232, 633, 1567, 1241, 989, 1725, 280, 875, 1083, 1833, 324, 1566, 249, 172, 696, 1505, 1010, 1477, 1327, 910, 861, 88, 99, 357, 437, 80, 1292, 764, 175, 395, 1716, 699, 1483, 1717, 673, 623, 1697, 1479, 1060, 1651, 553, 981, 218, 1110, 185, 77, 900, 371, 904, 1390, 21, 1882, 595, 1718, 1476, 152, 420, 918, 192, 1679, 1484, 1863, 787, 567, 851, 441, 530, 517, 1419, 1388, 329, 301, 1330, 876, 478, 1530, 676, 1844, 403, 74, 647, 728, 230, 519, 256, 737, 235, 1796, 182, 858, 504, 1287, 1124, 1229, 294, 625, 894, 759, 1544, 330, 1711, 505, 903, 1055, 1238, 1397, 1686, 136, 1275, 1580, 1584, 59, 1112, 1636, 166, 655, 1520, 1540, 374, 496, 414, 1226, 154, 860, 531, 1465, 1345, 1662, 1284, 669, 1627, 1408, 36, 191, 1748, 7, 1498, 802, 325, 957, 208, 228, 1201, 950, 1318, 155, 948, 133, 920, 442, 225, 611, 1633, 796, 667, 1652, 1304, 1609, 1611, 527, 1427, 1354, 689, 930, 870, 925, 56, 1402, 100, 189, 1068, 1737, 322, 523, 247, 971, 1445, 55, 579, 1374, 1571, 1521, 890, 785, 58, 671, 1608, 1168, 1742, 899, 299, 778, 1542, 761, 566, 46, 1708, 1719, 351, 1392, 651, 1764, 811, 449, 922, 261, 1036, 694, 127, 1114, 707, 1487, 1852, 1802, 873, 174, 1865, 1710, 763, 164, 1632, 345, 539, 1141, 805, 919, 911, 184, 548, 1422, 1625, 1155, 399, 1795, 1845, 1889, 1565, 45, 603, 1444, 1517, 1823, 1246, 477, 64, 1164, 1411, 781, 8, 1635, 1583, 1200, 241, 151, 177, 333, 629, 1453, 293, 1760, 636, 1239, 1115, 727, 273, 1394, 1266, 1184, 1619, 1743, 313, 1904, 982, 1367, 153, 564, 1806, 331, 1862, 1848, 606, 1264, 57, 97, 1774, 1814, 1086, 1029, 393, 1488, 85, 1509, 1550, 725, 1638, 1846, 1342, 1728, 993, 421, 1781, 681, 473, 1604, 364, 1613, 679, 780, 1885, 581, 1130, 116, 823, 355, 736, 75, 398, 557, 1740, 1515, 1596, 1250, 641, 1683, 198, 1363, 589, 1223, 1209, 417, 209, 1810, 9, 535, 1500, 1881, 1208, 909, 0, 702, 1897, 598, 1189, 748, 675, 1691, 1152, 755, 4, 1416, 830, 439, 1222, 1340, 692, 1003, 34, 356, 170, 1761, 1657, 1578, 401, 795, 1507, 997, 644, 1166, 447, 518, 563, 336, 1820, 343, 597, 844, 1058, 497, 311, 1463, 754, 1218, 1191, 1148, 1612, 1022, 1344, 1776, 942, 906, 1409, 1098, 130, 1418, 1830, 190, 1303, 1749, 607, 825, 92, 677, 628, 326, 715, 949, 27, 1537, 1025, 1439, 1277, 396, 1270, 53, 558, 584, 616, 630, 1533, 532, 1113, 612, 1080, 173, 1090, 838, 17, 897, 1306, 1311, 1131, 388, 1118, 1528, 1426, 1257, 1460, 1714, 1407, 144, 1734, 258, 1731, 526, 367, 1834, 126, 1104, 638, 791, 265, 223, 461, 1457, 139, 456, 1905, 1663, 1412, 1568, 1763, 883, 1661, 1678, 493, 1606, 1813, 541, 1757, 276, 296, 1673, 222, 1707, 183, 257, 615, 1478, 742, 376, 810, 661, 365, 156, 1298, 1701, 1653, 202, 1334, 1197, 1482, 106, 323, 1448, 1558, 1179, 1854, 902, 1049, 297, 216, 1268, 277, 1336, 1393, 65, 1456, 1052, 5, 1735, 1495, 1175, 988, 117, 721, 1788, 315, 1819, 1305, 1794, 520, 543, 1214, 917, 731, 1091, 1147, 1070, 68, 892, 1486, 464, 783, 115, 1883, 1372, 752, 383, 1122, 582, 1039, 1213, 574, 1594, 1870, 1111, 1792, 706, 1674, 233, 1607, 691, 1417, 1071, 711, 1538, 252, 741, 1396, 1211, 1429, 1906, 513, 799, 1384, 1138, 1688, 1681, 1045, 961, 743, 1824, 619, 766, 1727, 147, 827, 1117, 1547, 1892, 39, 82, 1546, 963, 178, 658, 1592, 425, 484, 415, 1204, 1331, 1207, 561, 912, 451, 1548, 1494, 1210, 1676, 685, 1291, 793, 632, 1018], [1054, 207, 1715, 1233, 514, 238, 1377, 1677, 878, 1624, 1145, 1009, 469, 962, 1194, 93, 1556, 1851, 1569, 1089, 745, 423, 23, 821, 29, 1401, 789, 1791, 788, 1079, 1347, 503, 1199, 753, 848, 1294, 801, 682, 955, 112, 1188, 402, 1878, 1817, 1288, 1821, 1245, 1302, 1007, 1705, 271, 510, 1510, 327, 1127, 486, 1555, 1004, 1589, 1511, 1700, 1373, 1668, 341, 1489, 1790, 1492, 321, 659, 578, 303, 118, 960, 453, 160, 683, 1832, 434, 701, 928, 480, 1446, 1552, 704, 94, 1317, 1410, 394, 186, 771, 859, 1395, 1646, 1570, 1353, 714, 1297, 360, 1153, 1185, 1766, 1471, 1013, 1356, 1437, 78, 63, 1618, 537, 482, 3, 450, 1339, 490, 857, 251, 898, 916, 546, 1809, 1689, 1078, 1069, 1, 1035, 1534, 1158, 203, 1837, 1095, 1235, 295, 933, 1474, 1559, 240, 105, 419, 1751, 1061, 1896, 1162, 1508, 1195, 237, 509, 1875, 6, 1564, 1698, 1907, 20, 1023, 1157, 1724, 132, 1912, 108, 1839, 734, 413, 316, 1249, 1880, 430, 915, 952, 813, 1532, 1116, 1859, 137, 1703, 141, 1785, 1582, 643, 119, 12, 968, 1193, 408, 214, 601, 967, 803, 1551, 363, 424, 958, 1826, 196]]
Resuming from epoch 65: /Users/suraj/Downloads/outputs/wall_single/checkpoints/model_latest.pth
num_action_repeat: 1
num_proprio_repeat: 1
proprio encoder: ProprioceptiveEmbedding(
  (patch_embed): Conv1d(2, 10, kernel_size=(1,), stride=(1,))
)
action encoder: ProprioceptiveEmbedding(
  (patch_embed): Conv1d(10, 10, kernel_size=(1,), stride=(1,))
)
proprio_dim: 10, after repeat: 10
action_dim: 10, after repeat: 10
emb_dim: 404
Model emb_dim:  404
eval_seed:  [2]
Dumped plan targets to /Users/suraj/Desktop/EAI_DINO/results/variants_transition/transition_run_v2/encfp16_50/sanity/plan_targets.pkl
Success rate:  0.0
{'success': array([False]), 'state_dist': array([18.89649782])}
Success rate:  0.0
{'success': array([False]), 'state_dist': array([10.39332263])}
MPC iter 0 Eval ------- 
Success rate:  0.0
{'success': array([False]), 'state_dist': array([10.39332263])}
self.is_success:  [False]
Success rate:  1.0
{'success': array([ True]), 'state_dist': array([3.64190353])}
MPC iter 1 Eval ------- 
Success rate:  1.0
{'success': array([ True]), 'state_dist': array([3.64190353])}
self.is_success:  [ True]
Success rate:  1.0
{'success': array([ True]), 'state_dist': array([3.64190353])}
[ok] encfp16_50: success_rate=1.0000 run_dir=/Users/suraj/Desktop/EAI_DINO/results/variants_transition/transition_run_v2/encfp16_50/sanity
Planning device: mps
Loading wall dataset...
Loaded 1920 rollouts
Using cache found in /Users/suraj/.cache/torch/hub/facebookresearch_dinov2_main
[[102, 33, 1056, 1591, 354, 245, 790, 1323, 142, 1745, 1588, 1473, 38, 1192, 735, 832, 547, 1186, 843, 660, 869, 83, 695, 1629, 179, 1658, 157, 1758, 1747, 250, 312, 1361, 1163, 1798, 275, 1099, 1787, 964, 1066, 609, 1666, 774, 181, 1502, 407, 668, 593, 1623, 1101, 565, 1350, 1572, 1094, 512, 148, 809, 263, 1853, 908, 927, 626, 569, 1730, 757, 1574, 1866, 1107, 1706, 391, 1255, 947, 828, 1720, 1057, 19, 1364, 1575, 1914, 1562, 1909, 534, 973, 538, 1017, 646, 285, 309, 1884, 1059, 552, 697, 1702, 145, 819, 649, 665, 169, 1051, 171, 1529, 1470, 291, 1371, 1240, 1641, 1746, 1443, 1307, 1801, 369, 1365, 525, 167, 1121, 1430, 874, 528, 1459, 1617, 770, 359, 923, 507, 884, 1616, 1314, 1149, 1379, 891, 1442, 1047, 1887, 248, 1767, 1620, 283, 392, 1290, 1650, 242, 1399, 807, 159, 204, 775, 1827, 500, 1352, 700, 1265, 1102, 149, 1440, 1258, 1738, 347, 690, 468, 1726, 1234, 1126, 868, 1501, 621, 585, 1523, 121, 1108, 846, 1167, 1405, 114, 474, 1406, 195, 1144, 586, 384, 1680, 298, 308, 529, 901, 475, 992, 1811, 1655, 914, 1598, 560, 1452, 385, 1032, 1895, 756, 1893, 485, 1293, 1876, 378, 206, 61, 1762, 1335, 1779, 1062, 111, 550, 1357, 284, 1074, 880, 592, 712, 1454, 1660, 1067, 946, 1011, 193, 1838, 1072, 1065, 1267, 1217, 591, 678, 792, 180, 1313, 69, 84, 1603, 1775, 201, 1415, 457, 1359, 400, 1759, 1081, 554, 471, 1841, 446, 1670, 688, 140, 1600, 871, 1093, 460, 1831, 818, 940, 1128, 614, 1000, 987, 1048, 72, 465, 804, 1804, 826, 1006, 1129, 270, 954, 86, 107, 1744, 751, 1143, 1554, 1750, 556, 1692, 664, 943, 907, 1713, 881, 1793, 849, 972, 264, 1431, 1040, 1391, 680, 1864, 724, 1549, 455, 600, 389, 1301, 1262, 1073, 1216, 613, 314, 15, 657, 896, 549, 575, 719, 545, 937, 1585, 165, 1252, 338, 970, 1366, 1247, 1024, 14, 855, 212, 887, 977, 1225, 776, 10, 1903, 1423, 596, 726, 431, 959, 1159, 1033, 1458, 1196, 1526, 317, 1358, 454, 1647, 976, 773, 1786, 1462, 488, 41, 571, 1464, 599, 979, 864, 18, 306, 1299, 797, 332, 1424, 1286, 66, 51, 1230, 1527, 1042, 762, 219, 487, 1026, 1282, 1285, 1503, 1597, 1573, 758, 999, 30, 1215, 1315, 1227, 387, 1867, 1421, 220, 932, 1829, 26, 1822, 290, 1088, 1902, 429, 463, 197, 1156, 1539, 1491, 1027, 1901, 733, 1879, 833, 278, 1251, 1899, 1642, 73, 272, 1019, 1084, 1346, 1803, 845, 568, 286, 76, 956, 1237, 48, 939, 1601, 481, 1187, 176, 1231, 1545, 1664, 1244, 87, 47, 194, 1586, 1316, 1125, 1649, 1077, 995, 1665, 1428, 1219, 1712, 1038, 542, 998, 70, 929, 1648, 476, 886, 1134, 1733, 854, 853, 1283, 1432, 1723, 1269, 281, 1174, 110, 1685, 1868, 777, 1522, 353, 798, 1773, 409, 768, 1273, 1490, 221, 1154, 1499, 71, 1637, 720, 1850, 1198, 1755, 1915, 716, 1900, 1835, 672, 319, 1536, 226, 1472, 1602, 969, 492, 428, 895, 814, 1133, 62, 656, 1722, 1621, 1142, 1087, 524, 1590, 1030, 650, 1451, 1913, 1259, 1917, 544, 377, 862, 1202, 1177, 1274, 1123, 617, 605, 1106, 1855, 422, 1769, 362, 1721, 1329, 1206, 1506, 135, 1320, 217, 120, 1120, 1836, 710, 717, 1799, 1557, 722, 1694, 405, 375, 1034, 260, 1496, 411, 1672, 28, 637, 373, 1808, 134, 1012, 536, 1752, 983, 1135, 1576, 483, 13, 404, 841, 1172, 1041, 1843, 161, 847, 1369, 1910, 1782, 1671, 1376, 1856, 498, 806, 635, 1212, 438, 835, 1849, 1109, 1349, 1043, 2, 466, 610, 1165, 885, 951, 344, 300, 1807, 1908, 287, 1877, 705, 1872, 1581, 985, 328, 708, 730, 350, 307, 146, 840, 1180, 494, 16, 555, 1368, 1780, 779, 1771, 1203, 1754, 744, 863, 1684, 639, 1919, 738, 938, 1053, 618, 91, 1886, 1028, 472, 1050, 138, 131, 89, 416, 991, 1254, 467, 227, 1765, 1634, 1789, 1622, 1205, 1874, 839, 1151, 654, 1182, 815, 470, 670, 150, 718, 352, 1579, 879, 443, 1690, 32, 435, 1383, 501, 882, 1085, 1176, 1382, 1171, 686, 1140, 1105, 800, 1516, 1485, 516, 1475, 1434, 1911, 889, 239, 652, 1535, 1639, 335, 1325, 1784, 765, 663, 1224, 448, 1815, 739, 1812, 1076, 747, 1467, 732, 1654, 1828, 502, 1319, 1425, 1160, 1468, 368, 1732, 1248, 143, 808, 674, 713, 129, 1599, 288, 1005, 1643, 1729, 1918, 1064, 279, 1741, 406, 867, 729, 604, 1220, 750, 304, 936, 215, 1626, 1778, 1031, 1756, 305, 1699, 412, 1387, 1640, 210, 188, 253, 645, 1279, 349, 1898, 262, 1082, 213, 255, 1514, 1375, 576, 698, 986, 1119, 508, 1753, 104, 1296, 1380, 128, 163, 693, 1524, 924, 842, 812, 1348, 199, 1386, 1628, 1435, 1772, 817, 931, 334, 1360, 390, 1413, 1783, 944, 905, 1271, 1132, 1857, 35, 340, 1461, 506, 1150, 1455, 594, 1020, 1178, 1770, 1389, 1276, 1355, 1228, 990, 1480, 1100, 1326, 282, 1321, 852, 200, 1146, 1253, 49, 1682, 1221, 1840, 1525, 1037, 1170, 1800, 648, 1243, 266, 926, 782, 1667, 984, 570, 1289, 1860, 893, 1630, 479, 339, 246, 866, 1631, 211, 684, 60, 125, 1513, 836, 43, 1450, 515, 1256, 244, 1063, 1693, 913, 966, 54, 432, 1869, 254, 1916, 577, 1096, 540, 1075, 1261, 1871, 1587, 381, 634, 205, 269, 489, 1890, 37, 746, 386, 551, 1414, 953, 1403, 709, 622, 1497, 1561, 1324, 158, 624, 426, 1466, 44, 267, 994, 318, 1398, 397, 95, 786, 81, 1332, 837, 289, 865, 965, 67, 1696, 816, 1044, 820, 229, 1400, 1362, 491, 1139, 1873, 1338, 559, 1016, 1021, 1436, 1002, 1797, 40, 224, 1615, 1385, 941, 1308, 978, 794, 231, 834, 1675, 1736, 31, 1181, 562, 831, 1272, 767, 372, 1825, 1669, 760, 380, 1343, 42, 1351, 1337, 1441, 268, 1644, 1015, 52, 1469, 1861, 1481, 22, 1605, 361, 1381, 410, 1333, 975, 1046, 1595, 348, 1768, 366, 1281, 772, 974, 495, 358, 590, 187, 631, 1695, 687, 1328, 572, 588, 1805, 620, 1577, 1449, 1433, 1659, 320, 418, 346, 602, 573, 1709, 1300, 113, 427, 1891, 1341, 236, 1001, 370, 723, 1092, 1560, 379, 662, 79, 850, 1704, 824, 627, 436, 666, 1103, 653, 945, 1370, 1232, 587, 234, 103, 1858, 934, 1420, 123, 1818, 1310, 499, 1739, 1493, 1847, 1553, 740, 124, 1260, 1378, 1842, 1777, 1816, 1543, 749, 608, 1563, 996, 25, 101, 90, 459, 337, 122, 580, 829, 533, 292, 452, 1614, 1183, 1322, 1278, 521, 1136, 1190, 96, 259, 1645, 1008, 1888, 342, 445, 1504, 162, 382, 1894, 784, 1404, 1531, 1312, 444, 1097, 1447, 1280, 872, 168, 50, 1687, 1593, 1610, 98, 1242, 769, 642, 1309, 888, 433, 302, 1263, 1169, 1656, 1295, 243, 921, 1438, 1161, 877, 640, 1541, 24, 703, 980, 1173, 935, 1519, 440, 1512, 1137, 822, 1014, 310, 511, 583, 1518, 458, 274, 109, 856, 522, 11, 462, 1236, 232, 633, 1567, 1241, 989, 1725, 280, 875, 1083, 1833, 324, 1566, 249, 172, 696, 1505, 1010, 1477, 1327, 910, 861, 88, 99, 357, 437, 80, 1292, 764, 175, 395, 1716, 699, 1483, 1717, 673, 623, 1697, 1479, 1060, 1651, 553, 981, 218, 1110, 185, 77, 900, 371, 904, 1390, 21, 1882, 595, 1718, 1476, 152, 420, 918, 192, 1679, 1484, 1863, 787, 567, 851, 441, 530, 517, 1419, 1388, 329, 301, 1330, 876, 478, 1530, 676, 1844, 403, 74, 647, 728, 230, 519, 256, 737, 235, 1796, 182, 858, 504, 1287, 1124, 1229, 294, 625, 894, 759, 1544, 330, 1711, 505, 903, 1055, 1238, 1397, 1686, 136, 1275, 1580, 1584, 59, 1112, 1636, 166, 655, 1520, 1540, 374, 496, 414, 1226, 154, 860, 531, 1465, 1345, 1662, 1284, 669, 1627, 1408, 36, 191, 1748, 7, 1498, 802, 325, 957, 208, 228, 1201, 950, 1318, 155, 948, 133, 920, 442, 225, 611, 1633, 796, 667, 1652, 1304, 1609, 1611, 527, 1427, 1354, 689, 930, 870, 925, 56, 1402, 100, 189, 1068, 1737, 322, 523, 247, 971, 1445, 55, 579, 1374, 1571, 1521, 890, 785, 58, 671, 1608, 1168, 1742, 899, 299, 778, 1542, 761, 566, 46, 1708, 1719, 351, 1392, 651, 1764, 811, 449, 922, 261, 1036, 694, 127, 1114, 707, 1487, 1852, 1802, 873, 174, 1865, 1710, 763, 164, 1632, 345, 539, 1141, 805, 919, 911, 184, 548, 1422, 1625, 1155, 399, 1795, 1845, 1889, 1565, 45, 603, 1444, 1517, 1823, 1246, 477, 64, 1164, 1411, 781, 8, 1635, 1583, 1200, 241, 151, 177, 333, 629, 1453, 293, 1760, 636, 1239, 1115, 727, 273, 1394, 1266, 1184, 1619, 1743, 313, 1904, 982, 1367, 153, 564, 1806, 331, 1862, 1848, 606, 1264, 57, 97, 1774, 1814, 1086, 1029, 393, 1488, 85, 1509, 1550, 725, 1638, 1846, 1342, 1728, 993, 421, 1781, 681, 473, 1604, 364, 1613, 679, 780, 1885, 581, 1130, 116, 823, 355, 736, 75, 398, 557, 1740, 1515, 1596, 1250, 641, 1683, 198, 1363, 589, 1223, 1209, 417, 209, 1810, 9, 535, 1500, 1881, 1208, 909, 0, 702, 1897, 598, 1189, 748, 675, 1691, 1152, 755, 4, 1416, 830, 439, 1222, 1340, 692, 1003, 34, 356, 170, 1761, 1657, 1578, 401, 795, 1507, 997, 644, 1166, 447, 518, 563, 336, 1820, 343, 597, 844, 1058, 497, 311, 1463, 754, 1218, 1191, 1148, 1612, 1022, 1344, 1776, 942, 906, 1409, 1098, 130, 1418, 1830, 190, 1303, 1749, 607, 825, 92, 677, 628, 326, 715, 949, 27, 1537, 1025, 1439, 1277, 396, 1270, 53, 558, 584, 616, 630, 1533, 532, 1113, 612, 1080, 173, 1090, 838, 17, 897, 1306, 1311, 1131, 388, 1118, 1528, 1426, 1257, 1460, 1714, 1407, 144, 1734, 258, 1731, 526, 367, 1834, 126, 1104, 638, 791, 265, 223, 461, 1457, 139, 456, 1905, 1663, 1412, 1568, 1763, 883, 1661, 1678, 493, 1606, 1813, 541, 1757, 276, 296, 1673, 222, 1707, 183, 257, 615, 1478, 742, 376, 810, 661, 365, 156, 1298, 1701, 1653, 202, 1334, 1197, 1482, 106, 323, 1448, 1558, 1179, 1854, 902, 1049, 297, 216, 1268, 277, 1336, 1393, 65, 1456, 1052, 5, 1735, 1495, 1175, 988, 117, 721, 1788, 315, 1819, 1305, 1794, 520, 543, 1214, 917, 731, 1091, 1147, 1070, 68, 892, 1486, 464, 783, 115, 1883, 1372, 752, 383, 1122, 582, 1039, 1213, 574, 1594, 1870, 1111, 1792, 706, 1674, 233, 1607, 691, 1417, 1071, 711, 1538, 252, 741, 1396, 1211, 1429, 1906, 513, 799, 1384, 1138, 1688, 1681, 1045, 961, 743, 1824, 619, 766, 1727, 147, 827, 1117, 1547, 1892, 39, 82, 1546, 963, 178, 658, 1592, 425, 484, 415, 1204, 1331, 1207, 561, 912, 451, 1548, 1494, 1210, 1676, 685, 1291, 793, 632, 1018], [1054, 207, 1715, 1233, 514, 238, 1377, 1677, 878, 1624, 1145, 1009, 469, 962, 1194, 93, 1556, 1851, 1569, 1089, 745, 423, 23, 821, 29, 1401, 789, 1791, 788, 1079, 1347, 503, 1199, 753, 848, 1294, 801, 682, 955, 112, 1188, 402, 1878, 1817, 1288, 1821, 1245, 1302, 1007, 1705, 271, 510, 1510, 327, 1127, 486, 1555, 1004, 1589, 1511, 1700, 1373, 1668, 341, 1489, 1790, 1492, 321, 659, 578, 303, 118, 960, 453, 160, 683, 1832, 434, 701, 928, 480, 1446, 1552, 704, 94, 1317, 1410, 394, 186, 771, 859, 1395, 1646, 1570, 1353, 714, 1297, 360, 1153, 1185, 1766, 1471, 1013, 1356, 1437, 78, 63, 1618, 537, 482, 3, 450, 1339, 490, 857, 251, 898, 916, 546, 1809, 1689, 1078, 1069, 1, 1035, 1534, 1158, 203, 1837, 1095, 1235, 295, 933, 1474, 1559, 240, 105, 419, 1751, 1061, 1896, 1162, 1508, 1195, 237, 509, 1875, 6, 1564, 1698, 1907, 20, 1023, 1157, 1724, 132, 1912, 108, 1839, 734, 413, 316, 1249, 1880, 430, 915, 952, 813, 1532, 1116, 1859, 137, 1703, 141, 1785, 1582, 643, 119, 12, 968, 1193, 408, 214, 601, 967, 803, 1551, 363, 424, 958, 1826, 196]]
Resuming from epoch 65: /Users/suraj/Downloads/outputs/wall_single/checkpoints/model_latest.pth
num_action_repeat: 1
num_proprio_repeat: 1
proprio encoder: ProprioceptiveEmbedding(
  (patch_embed): Conv1d(2, 10, kernel_size=(1,), stride=(1,))
)
action encoder: ProprioceptiveEmbedding(
  (patch_embed): Conv1d(10, 10, kernel_size=(1,), stride=(1,))
)
proprio_dim: 10, after repeat: 10
action_dim: 10, after repeat: 10
emb_dim: 404
Model emb_dim:  404
eval_seed:  [2]
Dumped plan targets to /Users/suraj/Desktop/EAI_DINO/results/variants_transition/transition_run_v2/encfp16_75/sanity/plan_targets.pkl
Success rate:  0.0
{'success': array([False]), 'state_dist': array([23.62874893])}
Success rate:  0.0
{'success': array([False]), 'state_dist': array([8.52387969])}
MPC iter 0 Eval ------- 
Success rate:  0.0
{'success': array([False]), 'state_dist': array([8.52387969])}
self.is_success:  [False]
Success rate:  1.0
{'success': array([ True]), 'state_dist': array([2.27187124])}
MPC iter 1 Eval ------- 
Success rate:  1.0
{'success': array([ True]), 'state_dist': array([2.27187124])}
self.is_success:  [ True]
Success rate:  1.0
{'success': array([ True]), 'state_dist': array([2.27187124])}
[ok] encfp16_75: success_rate=1.0000 run_dir=/Users/suraj/Desktop/EAI_DINO/results/variants_transition/transition_run_v2/encfp16_75/sanity
Planning device: mps
Loading wall dataset...
Loaded 1920 rollouts
Using cache found in /Users/suraj/.cache/torch/hub/facebookresearch_dinov2_main
[[102, 33, 1056, 1591, 354, 245, 790, 1323, 142, 1745, 1588, 1473, 38, 1192, 735, 832, 547, 1186, 843, 660, 869, 83, 695, 1629, 179, 1658, 157, 1758, 1747, 250, 312, 1361, 1163, 1798, 275, 1099, 1787, 964, 1066, 609, 1666, 774, 181, 1502, 407, 668, 593, 1623, 1101, 565, 1350, 1572, 1094, 512, 148, 809, 263, 1853, 908, 927, 626, 569, 1730, 757, 1574, 1866, 1107, 1706, 391, 1255, 947, 828, 1720, 1057, 19, 1364, 1575, 1914, 1562, 1909, 534, 973, 538, 1017, 646, 285, 309, 1884, 1059, 552, 697, 1702, 145, 819, 649, 665, 169, 1051, 171, 1529, 1470, 291, 1371, 1240, 1641, 1746, 1443, 1307, 1801, 369, 1365, 525, 167, 1121, 1430, 874, 528, 1459, 1617, 770, 359, 923, 507, 884, 1616, 1314, 1149, 1379, 891, 1442, 1047, 1887, 248, 1767, 1620, 283, 392, 1290, 1650, 242, 1399, 807, 159, 204, 775, 1827, 500, 1352, 700, 1265, 1102, 149, 1440, 1258, 1738, 347, 690, 468, 1726, 1234, 1126, 868, 1501, 621, 585, 1523, 121, 1108, 846, 1167, 1405, 114, 474, 1406, 195, 1144, 586, 384, 1680, 298, 308, 529, 901, 475, 992, 1811, 1655, 914, 1598, 560, 1452, 385, 1032, 1895, 756, 1893, 485, 1293, 1876, 378, 206, 61, 1762, 1335, 1779, 1062, 111, 550, 1357, 284, 1074, 880, 592, 712, 1454, 1660, 1067, 946, 1011, 193, 1838, 1072, 1065, 1267, 1217, 591, 678, 792, 180, 1313, 69, 84, 1603, 1775, 201, 1415, 457, 1359, 400, 1759, 1081, 554, 471, 1841, 446, 1670, 688, 140, 1600, 871, 1093, 460, 1831, 818, 940, 1128, 614, 1000, 987, 1048, 72, 465, 804, 1804, 826, 1006, 1129, 270, 954, 86, 107, 1744, 751, 1143, 1554, 1750, 556, 1692, 664, 943, 907, 1713, 881, 1793, 849, 972, 264, 1431, 1040, 1391, 680, 1864, 724, 1549, 455, 600, 389, 1301, 1262, 1073, 1216, 613, 314, 15, 657, 896, 549, 575, 719, 545, 937, 1585, 165, 1252, 338, 970, 1366, 1247, 1024, 14, 855, 212, 887, 977, 1225, 776, 10, 1903, 1423, 596, 726, 431, 959, 1159, 1033, 1458, 1196, 1526, 317, 1358, 454, 1647, 976, 773, 1786, 1462, 488, 41, 571, 1464, 599, 979, 864, 18, 306, 1299, 797, 332, 1424, 1286, 66, 51, 1230, 1527, 1042, 762, 219, 487, 1026, 1282, 1285, 1503, 1597, 1573, 758, 999, 30, 1215, 1315, 1227, 387, 1867, 1421, 220, 932, 1829, 26, 1822, 290, 1088, 1902, 429, 463, 197, 1156, 1539, 1491, 1027, 1901, 733, 1879, 833, 278, 1251, 1899, 1642, 73, 272, 1019, 1084, 1346, 1803, 845, 568, 286, 76, 956, 1237, 48, 939, 1601, 481, 1187, 176, 1231, 1545, 1664, 1244, 87, 47, 194, 1586, 1316, 1125, 1649, 1077, 995, 1665, 1428, 1219, 1712, 1038, 542, 998, 70, 929, 1648, 476, 886, 1134, 1733, 854, 853, 1283, 1432, 1723, 1269, 281, 1174, 110, 1685, 1868, 777, 1522, 353, 798, 1773, 409, 768, 1273, 1490, 221, 1154, 1499, 71, 1637, 720, 1850, 1198, 1755, 1915, 716, 1900, 1835, 672, 319, 1536, 226, 1472, 1602, 969, 492, 428, 895, 814, 1133, 62, 656, 1722, 1621, 1142, 1087, 524, 1590, 1030, 650, 1451, 1913, 1259, 1917, 544, 377, 862, 1202, 1177, 1274, 1123, 617, 605, 1106, 1855, 422, 1769, 362, 1721, 1329, 1206, 1506, 135, 1320, 217, 120, 1120, 1836, 710, 717, 1799, 1557, 722, 1694, 405, 375, 1034, 260, 1496, 411, 1672, 28, 637, 373, 1808, 134, 1012, 536, 1752, 983, 1135, 1576, 483, 13, 404, 841, 1172, 1041, 1843, 161, 847, 1369, 1910, 1782, 1671, 1376, 1856, 498, 806, 635, 1212, 438, 835, 1849, 1109, 1349, 1043, 2, 466, 610, 1165, 885, 951, 344, 300, 1807, 1908, 287, 1877, 705, 1872, 1581, 985, 328, 708, 730, 350, 307, 146, 840, 1180, 494, 16, 555, 1368, 1780, 779, 1771, 1203, 1754, 744, 863, 1684, 639, 1919, 738, 938, 1053, 618, 91, 1886, 1028, 472, 1050, 138, 131, 89, 416, 991, 1254, 467, 227, 1765, 1634, 1789, 1622, 1205, 1874, 839, 1151, 654, 1182, 815, 470, 670, 150, 718, 352, 1579, 879, 443, 1690, 32, 435, 1383, 501, 882, 1085, 1176, 1382, 1171, 686, 1140, 1105, 800, 1516, 1485, 516, 1475, 1434, 1911, 889, 239, 652, 1535, 1639, 335, 1325, 1784, 765, 663, 1224, 448, 1815, 739, 1812, 1076, 747, 1467, 732, 1654, 1828, 502, 1319, 1425, 1160, 1468, 368, 1732, 1248, 143, 808, 674, 713, 129, 1599, 288, 1005, 1643, 1729, 1918, 1064, 279, 1741, 406, 867, 729, 604, 1220, 750, 304, 936, 215, 1626, 1778, 1031, 1756, 305, 1699, 412, 1387, 1640, 210, 188, 253, 645, 1279, 349, 1898, 262, 1082, 213, 255, 1514, 1375, 576, 698, 986, 1119, 508, 1753, 104, 1296, 1380, 128, 163, 693, 1524, 924, 842, 812, 1348, 199, 1386, 1628, 1435, 1772, 817, 931, 334, 1360, 390, 1413, 1783, 944, 905, 1271, 1132, 1857, 35, 340, 1461, 506, 1150, 1455, 594, 1020, 1178, 1770, 1389, 1276, 1355, 1228, 990, 1480, 1100, 1326, 282, 1321, 852, 200, 1146, 1253, 49, 1682, 1221, 1840, 1525, 1037, 1170, 1800, 648, 1243, 266, 926, 782, 1667, 984, 570, 1289, 1860, 893, 1630, 479, 339, 246, 866, 1631, 211, 684, 60, 125, 1513, 836, 43, 1450, 515, 1256, 244, 1063, 1693, 913, 966, 54, 432, 1869, 254, 1916, 577, 1096, 540, 1075, 1261, 1871, 1587, 381, 634, 205, 269, 489, 1890, 37, 746, 386, 551, 1414, 953, 1403, 709, 622, 1497, 1561, 1324, 158, 624, 426, 1466, 44, 267, 994, 318, 1398, 397, 95, 786, 81, 1332, 837, 289, 865, 965, 67, 1696, 816, 1044, 820, 229, 1400, 1362, 491, 1139, 1873, 1338, 559, 1016, 1021, 1436, 1002, 1797, 40, 224, 1615, 1385, 941, 1308, 978, 794, 231, 834, 1675, 1736, 31, 1181, 562, 831, 1272, 767, 372, 1825, 1669, 760, 380, 1343, 42, 1351, 1337, 1441, 268, 1644, 1015, 52, 1469, 1861, 1481, 22, 1605, 361, 1381, 410, 1333, 975, 1046, 1595, 348, 1768, 366, 1281, 772, 974, 495, 358, 590, 187, 631, 1695, 687, 1328, 572, 588, 1805, 620, 1577, 1449, 1433, 1659, 320, 418, 346, 602, 573, 1709, 1300, 113, 427, 1891, 1341, 236, 1001, 370, 723, 1092, 1560, 379, 662, 79, 850, 1704, 824, 627, 436, 666, 1103, 653, 945, 1370, 1232, 587, 234, 103, 1858, 934, 1420, 123, 1818, 1310, 499, 1739, 1493, 1847, 1553, 740, 124, 1260, 1378, 1842, 1777, 1816, 1543, 749, 608, 1563, 996, 25, 101, 90, 459, 337, 122, 580, 829, 533, 292, 452, 1614, 1183, 1322, 1278, 521, 1136, 1190, 96, 259, 1645, 1008, 1888, 342, 445, 1504, 162, 382, 1894, 784, 1404, 1531, 1312, 444, 1097, 1447, 1280, 872, 168, 50, 1687, 1593, 1610, 98, 1242, 769, 642, 1309, 888, 433, 302, 1263, 1169, 1656, 1295, 243, 921, 1438, 1161, 877, 640, 1541, 24, 703, 980, 1173, 935, 1519, 440, 1512, 1137, 822, 1014, 310, 511, 583, 1518, 458, 274, 109, 856, 522, 11, 462, 1236, 232, 633, 1567, 1241, 989, 1725, 280, 875, 1083, 1833, 324, 1566, 249, 172, 696, 1505, 1010, 1477, 1327, 910, 861, 88, 99, 357, 437, 80, 1292, 764, 175, 395, 1716, 699, 1483, 1717, 673, 623, 1697, 1479, 1060, 1651, 553, 981, 218, 1110, 185, 77, 900, 371, 904, 1390, 21, 1882, 595, 1718, 1476, 152, 420, 918, 192, 1679, 1484, 1863, 787, 567, 851, 441, 530, 517, 1419, 1388, 329, 301, 1330, 876, 478, 1530, 676, 1844, 403, 74, 647, 728, 230, 519, 256, 737, 235, 1796, 182, 858, 504, 1287, 1124, 1229, 294, 625, 894, 759, 1544, 330, 1711, 505, 903, 1055, 1238, 1397, 1686, 136, 1275, 1580, 1584, 59, 1112, 1636, 166, 655, 1520, 1540, 374, 496, 414, 1226, 154, 860, 531, 1465, 1345, 1662, 1284, 669, 1627, 1408, 36, 191, 1748, 7, 1498, 802, 325, 957, 208, 228, 1201, 950, 1318, 155, 948, 133, 920, 442, 225, 611, 1633, 796, 667, 1652, 1304, 1609, 1611, 527, 1427, 1354, 689, 930, 870, 925, 56, 1402, 100, 189, 1068, 1737, 322, 523, 247, 971, 1445, 55, 579, 1374, 1571, 1521, 890, 785, 58, 671, 1608, 1168, 1742, 899, 299, 778, 1542, 761, 566, 46, 1708, 1719, 351, 1392, 651, 1764, 811, 449, 922, 261, 1036, 694, 127, 1114, 707, 1487, 1852, 1802, 873, 174, 1865, 1710, 763, 164, 1632, 345, 539, 1141, 805, 919, 911, 184, 548, 1422, 1625, 1155, 399, 1795, 1845, 1889, 1565, 45, 603, 1444, 1517, 1823, 1246, 477, 64, 1164, 1411, 781, 8, 1635, 1583, 1200, 241, 151, 177, 333, 629, 1453, 293, 1760, 636, 1239, 1115, 727, 273, 1394, 1266, 1184, 1619, 1743, 313, 1904, 982, 1367, 153, 564, 1806, 331, 1862, 1848, 606, 1264, 57, 97, 1774, 1814, 1086, 1029, 393, 1488, 85, 1509, 1550, 725, 1638, 1846, 1342, 1728, 993, 421, 1781, 681, 473, 1604, 364, 1613, 679, 780, 1885, 581, 1130, 116, 823, 355, 736, 75, 398, 557, 1740, 1515, 1596, 1250, 641, 1683, 198, 1363, 589, 1223, 1209, 417, 209, 1810, 9, 535, 1500, 1881, 1208, 909, 0, 702, 1897, 598, 1189, 748, 675, 1691, 1152, 755, 4, 1416, 830, 439, 1222, 1340, 692, 1003, 34, 356, 170, 1761, 1657, 1578, 401, 795, 1507, 997, 644, 1166, 447, 518, 563, 336, 1820, 343, 597, 844, 1058, 497, 311, 1463, 754, 1218, 1191, 1148, 1612, 1022, 1344, 1776, 942, 906, 1409, 1098, 130, 1418, 1830, 190, 1303, 1749, 607, 825, 92, 677, 628, 326, 715, 949, 27, 1537, 1025, 1439, 1277, 396, 1270, 53, 558, 584, 616, 630, 1533, 532, 1113, 612, 1080, 173, 1090, 838, 17, 897, 1306, 1311, 1131, 388, 1118, 1528, 1426, 1257, 1460, 1714, 1407, 144, 1734, 258, 1731, 526, 367, 1834, 126, 1104, 638, 791, 265, 223, 461, 1457, 139, 456, 1905, 1663, 1412, 1568, 1763, 883, 1661, 1678, 493, 1606, 1813, 541, 1757, 276, 296, 1673, 222, 1707, 183, 257, 615, 1478, 742, 376, 810, 661, 365, 156, 1298, 1701, 1653, 202, 1334, 1197, 1482, 106, 323, 1448, 1558, 1179, 1854, 902, 1049, 297, 216, 1268, 277, 1336, 1393, 65, 1456, 1052, 5, 1735, 1495, 1175, 988, 117, 721, 1788, 315, 1819, 1305, 1794, 520, 543, 1214, 917, 731, 1091, 1147, 1070, 68, 892, 1486, 464, 783, 115, 1883, 1372, 752, 383, 1122, 582, 1039, 1213, 574, 1594, 1870, 1111, 1792, 706, 1674, 233, 1607, 691, 1417, 1071, 711, 1538, 252, 741, 1396, 1211, 1429, 1906, 513, 799, 1384, 1138, 1688, 1681, 1045, 961, 743, 1824, 619, 766, 1727, 147, 827, 1117, 1547, 1892, 39, 82, 1546, 963, 178, 658, 1592, 425, 484, 415, 1204, 1331, 1207, 561, 912, 451, 1548, 1494, 1210, 1676, 685, 1291, 793, 632, 1018], [1054, 207, 1715, 1233, 514, 238, 1377, 1677, 878, 1624, 1145, 1009, 469, 962, 1194, 93, 1556, 1851, 1569, 1089, 745, 423, 23, 821, 29, 1401, 789, 1791, 788, 1079, 1347, 503, 1199, 753, 848, 1294, 801, 682, 955, 112, 1188, 402, 1878, 1817, 1288, 1821, 1245, 1302, 1007, 1705, 271, 510, 1510, 327, 1127, 486, 1555, 1004, 1589, 1511, 1700, 1373, 1668, 341, 1489, 1790, 1492, 321, 659, 578, 303, 118, 960, 453, 160, 683, 1832, 434, 701, 928, 480, 1446, 1552, 704, 94, 1317, 1410, 394, 186, 771, 859, 1395, 1646, 1570, 1353, 714, 1297, 360, 1153, 1185, 1766, 1471, 1013, 1356, 1437, 78, 63, 1618, 537, 482, 3, 450, 1339, 490, 857, 251, 898, 916, 546, 1809, 1689, 1078, 1069, 1, 1035, 1534, 1158, 203, 1837, 1095, 1235, 295, 933, 1474, 1559, 240, 105, 419, 1751, 1061, 1896, 1162, 1508, 1195, 237, 509, 1875, 6, 1564, 1698, 1907, 20, 1023, 1157, 1724, 132, 1912, 108, 1839, 734, 413, 316, 1249, 1880, 430, 915, 952, 813, 1532, 1116, 1859, 137, 1703, 141, 1785, 1582, 643, 119, 12, 968, 1193, 408, 214, 601, 967, 803, 1551, 363, 424, 958, 1826, 196]]
Resuming from epoch 65: /Users/suraj/Downloads/outputs/wall_single/checkpoints/model_latest.pth
num_action_repeat: 1
num_proprio_repeat: 1
proprio encoder: ProprioceptiveEmbedding(
  (patch_embed): Conv1d(2, 10, kernel_size=(1,), stride=(1,))
)
action encoder: ProprioceptiveEmbedding(
  (patch_embed): Conv1d(10, 10, kernel_size=(1,), stride=(1,))
)
proprio_dim: 10, after repeat: 10
action_dim: 10, after repeat: 10
emb_dim: 404
Model emb_dim:  404
eval_seed:  [2]
Dumped plan targets to /Users/suraj/Desktop/EAI_DINO/results/variants_transition/transition_run_v2/encfp16_100/sanity/plan_targets.pkl
Success rate:  0.0
{'success': array([False]), 'state_dist': array([25.48714596])}
Success rate:  1.0
{'success': array([ True]), 'state_dist': array([3.01078765])}
MPC iter 0 Eval ------- 
Success rate:  1.0
{'success': array([ True]), 'state_dist': array([3.01078765])}
self.is_success:  [ True]
Success rate:  1.0
{'success': array([ True]), 'state_dist': array([3.01078765])}
[ok] encfp16_100: success_rate=1.0000 run_dir=/Users/suraj/Desktop/EAI_DINO/results/variants_transition/transition_run_v2/encfp16_100/sanity
[stage] Main paired frontier (Budget A)
Gym has been unmaintained since 2022 and does not support NumPy 2.0 amongst other critical functionality.
Please upgrade to Gymnasium, the maintained drop-in replacement of Gym, or contact the authors of your software and request that they upgrade.
See the migration guide at https://gymnasium.farama.org/introduction/migration_guide/ for additional information.
/Users/suraj/Desktop/EAI_DINO/third_party_dino_wm/custom_resolvers.py:4: UserWarning: 
The version_base parameter is not specified.
Please specify a compatability version level, or None.
Will assume defaults for version 1.1
  @hydra.main(config_path=None)
Using cache found in /Users/suraj/.cache/torch/hub/facebookresearch_dinov2_main
Planning device: mps
Loading wall dataset...
Loaded 1920 rollouts
[[102, 33, 1056, 1591, 354, 245, 790, 1323, 142, 1745, 1588, 1473, 38, 1192, 735, 832, 547, 1186, 843, 660, 869, 83, 695, 1629, 179, 1658, 157, 1758, 1747, 250, 312, 1361, 1163, 1798, 275, 1099, 1787, 964, 1066, 609, 1666, 774, 181, 1502, 407, 668, 593, 1623, 1101, 565, 1350, 1572, 1094, 512, 148, 809, 263, 1853, 908, 927, 626, 569, 1730, 757, 1574, 1866, 1107, 1706, 391, 1255, 947, 828, 1720, 1057, 19, 1364, 1575, 1914, 1562, 1909, 534, 973, 538, 1017, 646, 285, 309, 1884, 1059, 552, 697, 1702, 145, 819, 649, 665, 169, 1051, 171, 1529, 1470, 291, 1371, 1240, 1641, 1746, 1443, 1307, 1801, 369, 1365, 525, 167, 1121, 1430, 874, 528, 1459, 1617, 770, 359, 923, 507, 884, 1616, 1314, 1149, 1379, 891, 1442, 1047, 1887, 248, 1767, 1620, 283, 392, 1290, 1650, 242, 1399, 807, 159, 204, 775, 1827, 500, 1352, 700, 1265, 1102, 149, 1440, 1258, 1738, 347, 690, 468, 1726, 1234, 1126, 868, 1501, 621, 585, 1523, 121, 1108, 846, 1167, 1405, 114, 474, 1406, 195, 1144, 586, 384, 1680, 298, 308, 529, 901, 475, 992, 1811, 1655, 914, 1598, 560, 1452, 385, 1032, 1895, 756, 1893, 485, 1293, 1876, 378, 206, 61, 1762, 1335, 1779, 1062, 111, 550, 1357, 284, 1074, 880, 592, 712, 1454, 1660, 1067, 946, 1011, 193, 1838, 1072, 1065, 1267, 1217, 591, 678, 792, 180, 1313, 69, 84, 1603, 1775, 201, 1415, 457, 1359, 400, 1759, 1081, 554, 471, 1841, 446, 1670, 688, 140, 1600, 871, 1093, 460, 1831, 818, 940, 1128, 614, 1000, 987, 1048, 72, 465, 804, 1804, 826, 1006, 1129, 270, 954, 86, 107, 1744, 751, 1143, 1554, 1750, 556, 1692, 664, 943, 907, 1713, 881, 1793, 849, 972, 264, 1431, 1040, 1391, 680, 1864, 724, 1549, 455, 600, 389, 1301, 1262, 1073, 1216, 613, 314, 15, 657, 896, 549, 575, 719, 545, 937, 1585, 165, 1252, 338, 970, 1366, 1247, 1024, 14, 855, 212, 887, 977, 1225, 776, 10, 1903, 1423, 596, 726, 431, 959, 1159, 1033, 1458, 1196, 1526, 317, 1358, 454, 1647, 976, 773, 1786, 1462, 488, 41, 571, 1464, 599, 979, 864, 18, 306, 1299, 797, 332, 1424, 1286, 66, 51, 1230, 1527, 1042, 762, 219, 487, 1026, 1282, 1285, 1503, 1597, 1573, 758, 999, 30, 1215, 1315, 1227, 387, 1867, 1421, 220, 932, 1829, 26, 1822, 290, 1088, 1902, 429, 463, 197, 1156, 1539, 1491, 1027, 1901, 733, 1879, 833, 278, 1251, 1899, 1642, 73, 272, 1019, 1084, 1346, 1803, 845, 568, 286, 76, 956, 1237, 48, 939, 1601, 481, 1187, 176, 1231, 1545, 1664, 1244, 87, 47, 194, 1586, 1316, 1125, 1649, 1077, 995, 1665, 1428, 1219, 1712, 1038, 542, 998, 70, 929, 1648, 476, 886, 1134, 1733, 854, 853, 1283, 1432, 1723, 1269, 281, 1174, 110, 1685, 1868, 777, 1522, 353, 798, 1773, 409, 768, 1273, 1490, 221, 1154, 1499, 71, 1637, 720, 1850, 1198, 1755, 1915, 716, 1900, 1835, 672, 319, 1536, 226, 1472, 1602, 969, 492, 428, 895, 814, 1133, 62, 656, 1722, 1621, 1142, 1087, 524, 1590, 1030, 650, 1451, 1913, 1259, 1917, 544, 377, 862, 1202, 1177, 1274, 1123, 617, 605, 1106, 1855, 422, 1769, 362, 1721, 1329, 1206, 1506, 135, 1320, 217, 120, 1120, 1836, 710, 717, 1799, 1557, 722, 1694, 405, 375, 1034, 260, 1496, 411, 1672, 28, 637, 373, 1808, 134, 1012, 536, 1752, 983, 1135, 1576, 483, 13, 404, 841, 1172, 1041, 1843, 161, 847, 1369, 1910, 1782, 1671, 1376, 1856, 498, 806, 635, 1212, 438, 835, 1849, 1109, 1349, 1043, 2, 466, 610, 1165, 885, 951, 344, 300, 1807, 1908, 287, 1877, 705, 1872, 1581, 985, 328, 708, 730, 350, 307, 146, 840, 1180, 494, 16, 555, 1368, 1780, 779, 1771, 1203, 1754, 744, 863, 1684, 639, 1919, 738, 938, 1053, 618, 91, 1886, 1028, 472, 1050, 138, 131, 89, 416, 991, 1254, 467, 227, 1765, 1634, 1789, 1622, 1205, 1874, 839, 1151, 654, 1182, 815, 470, 670, 150, 718, 352, 1579, 879, 443, 1690, 32, 435, 1383, 501, 882, 1085, 1176, 1382, 1171, 686, 1140, 1105, 800, 1516, 1485, 516, 1475, 1434, 1911, 889, 239, 652, 1535, 1639, 335, 1325, 1784, 765, 663, 1224, 448, 1815, 739, 1812, 1076, 747, 1467, 732, 1654, 1828, 502, 1319, 1425, 1160, 1468, 368, 1732, 1248, 143, 808, 674, 713, 129, 1599, 288, 1005, 1643, 1729, 1918, 1064, 279, 1741, 406, 867, 729, 604, 1220, 750, 304, 936, 215, 1626, 1778, 1031, 1756, 305, 1699, 412, 1387, 1640, 210, 188, 253, 645, 1279, 349, 1898, 262, 1082, 213, 255, 1514, 1375, 576, 698, 986, 1119, 508, 1753, 104, 1296, 1380, 128, 163, 693, 1524, 924, 842, 812, 1348, 199, 1386, 1628, 1435, 1772, 817, 931, 334, 1360, 390, 1413, 1783, 944, 905, 1271, 1132, 1857, 35, 340, 1461, 506, 1150, 1455, 594, 1020, 1178, 1770, 1389, 1276, 1355, 1228, 990, 1480, 1100, 1326, 282, 1321, 852, 200, 1146, 1253, 49, 1682, 1221, 1840, 1525, 1037, 1170, 1800, 648, 1243, 266, 926, 782, 1667, 984, 570, 1289, 1860, 893, 1630, 479, 339, 246, 866, 1631, 211, 684, 60, 125, 1513, 836, 43, 1450, 515, 1256, 244, 1063, 1693, 913, 966, 54, 432, 1869, 254, 1916, 577, 1096, 540, 1075, 1261, 1871, 1587, 381, 634, 205, 269, 489, 1890, 37, 746, 386, 551, 1414, 953, 1403, 709, 622, 1497, 1561, 1324, 158, 624, 426, 1466, 44, 267, 994, 318, 1398, 397, 95, 786, 81, 1332, 837, 289, 865, 965, 67, 1696, 816, 1044, 820, 229, 1400, 1362, 491, 1139, 1873, 1338, 559, 1016, 1021, 1436, 1002, 1797, 40, 224, 1615, 1385, 941, 1308, 978, 794, 231, 834, 1675, 1736, 31, 1181, 562, 831, 1272, 767, 372, 1825, 1669, 760, 380, 1343, 42, 1351, 1337, 1441, 268, 1644, 1015, 52, 1469, 1861, 1481, 22, 1605, 361, 1381, 410, 1333, 975, 1046, 1595, 348, 1768, 366, 1281, 772, 974, 495, 358, 590, 187, 631, 1695, 687, 1328, 572, 588, 1805, 620, 1577, 1449, 1433, 1659, 320, 418, 346, 602, 573, 1709, 1300, 113, 427, 1891, 1341, 236, 1001, 370, 723, 1092, 1560, 379, 662, 79, 850, 1704, 824, 627, 436, 666, 1103, 653, 945, 1370, 1232, 587, 234, 103, 1858, 934, 1420, 123, 1818, 1310, 499, 1739, 1493, 1847, 1553, 740, 124, 1260, 1378, 1842, 1777, 1816, 1543, 749, 608, 1563, 996, 25, 101, 90, 459, 337, 122, 580, 829, 533, 292, 452, 1614, 1183, 1322, 1278, 521, 1136, 1190, 96, 259, 1645, 1008, 1888, 342, 445, 1504, 162, 382, 1894, 784, 1404, 1531, 1312, 444, 1097, 1447, 1280, 872, 168, 50, 1687, 1593, 1610, 98, 1242, 769, 642, 1309, 888, 433, 302, 1263, 1169, 1656, 1295, 243, 921, 1438, 1161, 877, 640, 1541, 24, 703, 980, 1173, 935, 1519, 440, 1512, 1137, 822, 1014, 310, 511, 583, 1518, 458, 274, 109, 856, 522, 11, 462, 1236, 232, 633, 1567, 1241, 989, 1725, 280, 875, 1083, 1833, 324, 1566, 249, 172, 696, 1505, 1010, 1477, 1327, 910, 861, 88, 99, 357, 437, 80, 1292, 764, 175, 395, 1716, 699, 1483, 1717, 673, 623, 1697, 1479, 1060, 1651, 553, 981, 218, 1110, 185, 77, 900, 371, 904, 1390, 21, 1882, 595, 1718, 1476, 152, 420, 918, 192, 1679, 1484, 1863, 787, 567, 851, 441, 530, 517, 1419, 1388, 329, 301, 1330, 876, 478, 1530, 676, 1844, 403, 74, 647, 728, 230, 519, 256, 737, 235, 1796, 182, 858, 504, 1287, 1124, 1229, 294, 625, 894, 759, 1544, 330, 1711, 505, 903, 1055, 1238, 1397, 1686, 136, 1275, 1580, 1584, 59, 1112, 1636, 166, 655, 1520, 1540, 374, 496, 414, 1226, 154, 860, 531, 1465, 1345, 1662, 1284, 669, 1627, 1408, 36, 191, 1748, 7, 1498, 802, 325, 957, 208, 228, 1201, 950, 1318, 155, 948, 133, 920, 442, 225, 611, 1633, 796, 667, 1652, 1304, 1609, 1611, 527, 1427, 1354, 689, 930, 870, 925, 56, 1402, 100, 189, 1068, 1737, 322, 523, 247, 971, 1445, 55, 579, 1374, 1571, 1521, 890, 785, 58, 671, 1608, 1168, 1742, 899, 299, 778, 1542, 761, 566, 46, 1708, 1719, 351, 1392, 651, 1764, 811, 449, 922, 261, 1036, 694, 127, 1114, 707, 1487, 1852, 1802, 873, 174, 1865, 1710, 763, 164, 1632, 345, 539, 1141, 805, 919, 911, 184, 548, 1422, 1625, 1155, 399, 1795, 1845, 1889, 1565, 45, 603, 1444, 1517, 1823, 1246, 477, 64, 1164, 1411, 781, 8, 1635, 1583, 1200, 241, 151, 177, 333, 629, 1453, 293, 1760, 636, 1239, 1115, 727, 273, 1394, 1266, 1184, 1619, 1743, 313, 1904, 982, 1367, 153, 564, 1806, 331, 1862, 1848, 606, 1264, 57, 97, 1774, 1814, 1086, 1029, 393, 1488, 85, 1509, 1550, 725, 1638, 1846, 1342, 1728, 993, 421, 1781, 681, 473, 1604, 364, 1613, 679, 780, 1885, 581, 1130, 116, 823, 355, 736, 75, 398, 557, 1740, 1515, 1596, 1250, 641, 1683, 198, 1363, 589, 1223, 1209, 417, 209, 1810, 9, 535, 1500, 1881, 1208, 909, 0, 702, 1897, 598, 1189, 748, 675, 1691, 1152, 755, 4, 1416, 830, 439, 1222, 1340, 692, 1003, 34, 356, 170, 1761, 1657, 1578, 401, 795, 1507, 997, 644, 1166, 447, 518, 563, 336, 1820, 343, 597, 844, 1058, 497, 311, 1463, 754, 1218, 1191, 1148, 1612, 1022, 1344, 1776, 942, 906, 1409, 1098, 130, 1418, 1830, 190, 1303, 1749, 607, 825, 92, 677, 628, 326, 715, 949, 27, 1537, 1025, 1439, 1277, 396, 1270, 53, 558, 584, 616, 630, 1533, 532, 1113, 612, 1080, 173, 1090, 838, 17, 897, 1306, 1311, 1131, 388, 1118, 1528, 1426, 1257, 1460, 1714, 1407, 144, 1734, 258, 1731, 526, 367, 1834, 126, 1104, 638, 791, 265, 223, 461, 1457, 139, 456, 1905, 1663, 1412, 1568, 1763, 883, 1661, 1678, 493, 1606, 1813, 541, 1757, 276, 296, 1673, 222, 1707, 183, 257, 615, 1478, 742, 376, 810, 661, 365, 156, 1298, 1701, 1653, 202, 1334, 1197, 1482, 106, 323, 1448, 1558, 1179, 1854, 902, 1049, 297, 216, 1268, 277, 1336, 1393, 65, 1456, 1052, 5, 1735, 1495, 1175, 988, 117, 721, 1788, 315, 1819, 1305, 1794, 520, 543, 1214, 917, 731, 1091, 1147, 1070, 68, 892, 1486, 464, 783, 115, 1883, 1372, 752, 383, 1122, 582, 1039, 1213, 574, 1594, 1870, 1111, 1792, 706, 1674, 233, 1607, 691, 1417, 1071, 711, 1538, 252, 741, 1396, 1211, 1429, 1906, 513, 799, 1384, 1138, 1688, 1681, 1045, 961, 743, 1824, 619, 766, 1727, 147, 827, 1117, 1547, 1892, 39, 82, 1546, 963, 178, 658, 1592, 425, 484, 415, 1204, 1331, 1207, 561, 912, 451, 1548, 1494, 1210, 1676, 685, 1291, 793, 632, 1018], [1054, 207, 1715, 1233, 514, 238, 1377, 1677, 878, 1624, 1145, 1009, 469, 962, 1194, 93, 1556, 1851, 1569, 1089, 745, 423, 23, 821, 29, 1401, 789, 1791, 788, 1079, 1347, 503, 1199, 753, 848, 1294, 801, 682, 955, 112, 1188, 402, 1878, 1817, 1288, 1821, 1245, 1302, 1007, 1705, 271, 510, 1510, 327, 1127, 486, 1555, 1004, 1589, 1511, 1700, 1373, 1668, 341, 1489, 1790, 1492, 321, 659, 578, 303, 118, 960, 453, 160, 683, 1832, 434, 701, 928, 480, 1446, 1552, 704, 94, 1317, 1410, 394, 186, 771, 859, 1395, 1646, 1570, 1353, 714, 1297, 360, 1153, 1185, 1766, 1471, 1013, 1356, 1437, 78, 63, 1618, 537, 482, 3, 450, 1339, 490, 857, 251, 898, 916, 546, 1809, 1689, 1078, 1069, 1, 1035, 1534, 1158, 203, 1837, 1095, 1235, 295, 933, 1474, 1559, 240, 105, 419, 1751, 1061, 1896, 1162, 1508, 1195, 237, 509, 1875, 6, 1564, 1698, 1907, 20, 1023, 1157, 1724, 132, 1912, 108, 1839, 734, 413, 316, 1249, 1880, 430, 915, 952, 813, 1532, 1116, 1859, 137, 1703, 141, 1785, 1582, 643, 119, 12, 968, 1193, 408, 214, 601, 967, 803, 1551, 363, 424, 958, 1826, 196]]
Resuming from epoch 65: /Users/suraj/Downloads/outputs/wall_single/checkpoints/model_latest.pth
num_action_repeat: 1
num_proprio_repeat: 1
proprio encoder: ProprioceptiveEmbedding(
  (patch_embed): Conv1d(2, 10, kernel_size=(1,), stride=(1,))
)
action encoder: ProprioceptiveEmbedding(
  (patch_embed): Conv1d(10, 10, kernel_size=(1,), stride=(1,))
)
proprio_dim: 10, after repeat: 10
action_dim: 10, after repeat: 10
emb_dim: 404
Model emb_dim:  404
eval_seed:  [11, 12, 13, 14, 15, 16, 17, 18, 19, 20]
Dumped plan targets to /Users/suraj/Desktop/EAI_DINO/results/wall_transition/transition_run_v2/fp16/budget_bA/seed_1/plan_targets.pkl
Success rate:  0.0
{'success': array([False, False, False, False, False, False, False, False, False,
       False]), 'state_dist': array([24.85446168, 26.24069964, 14.36582734, 40.51072215, 12.38485409,
       29.46036069, 19.68779125, 30.65537151, 26.79719134, 21.29132773])}
Success rate:  0.1
{'success': array([ True, False, False, False, False, False, False, False, False,
       False]), 'state_dist': array([ 3.18221814, 12.93692146, 15.00661208, 23.36198043,  7.93556615,
       25.7509655 , 20.50092781, 19.54430242, 27.18229869, 17.75567325])}
MPC iter 0 Eval ------- 
Success rate:  0.1
{'success': array([ True, False, False, False, False, False, False, False, False,
       False]), 'state_dist': array([ 3.18221814, 12.93692146, 15.00661208, 23.36198043,  7.93556615,
       25.7509655 , 20.50092781, 19.54430242, 27.18229869, 17.75567325])}
self.is_success:  [ True False False False False False False False False False]
Success rate:  0.3
{'success': array([ True,  True, False, False,  True, False, False, False, False,
       False]), 'state_dist': array([ 3.19495409,  2.23376407, 15.08106161,  7.4033701 ,  0.6999964 ,
       24.81870481, 22.89807669,  6.49960081, 27.36176455, 20.10335816])}
Success rate:  0.5
{'success': array([ True,  True, False,  True,  True, False, False,  True, False,
       False]), 'state_dist': array([ 3.59859447,  1.81628301, 15.09281565,  3.79057946,  0.6764977 ,
       25.90164924, 12.49990928,  2.9100714 , 14.72952088, 19.42806326])}
MPC iter 1 Eval ------- 
Success rate:  0.5
{'success': array([ True,  True, False,  True,  True, False, False,  True, False,
       False]), 'state_dist': array([ 3.18221814,  1.81628301, 15.09281565,  3.79057946,  0.6764977 ,
       25.90164924, 12.49990928,  2.9100714 , 14.72952088, 19.42806326])}
self.is_success:  [ True  True False  True  True False False  True False False]
Success rate:  0.5
{'success': array([ True,  True, False,  True,  True, False, False,  True, False,
       False]), 'state_dist': array([ 3.18221814,  1.81628301, 15.09281565,  3.79057946,  0.6764977 ,
       25.90164924, 12.49990928,  2.9100714 , 14.72952088, 19.42806326])}
[ok] variant=fp16 budget=bA opt_steps=2 seed=1 success=0.5000
Planning device: mps
Loading wall dataset...
Loaded 1920 rollouts
Using cache found in /Users/suraj/.cache/torch/hub/facebookresearch_dinov2_main
[[102, 33, 1056, 1591, 354, 245, 790, 1323, 142, 1745, 1588, 1473, 38, 1192, 735, 832, 547, 1186, 843, 660, 869, 83, 695, 1629, 179, 1658, 157, 1758, 1747, 250, 312, 1361, 1163, 1798, 275, 1099, 1787, 964, 1066, 609, 1666, 774, 181, 1502, 407, 668, 593, 1623, 1101, 565, 1350, 1572, 1094, 512, 148, 809, 263, 1853, 908, 927, 626, 569, 1730, 757, 1574, 1866, 1107, 1706, 391, 1255, 947, 828, 1720, 1057, 19, 1364, 1575, 1914, 1562, 1909, 534, 973, 538, 1017, 646, 285, 309, 1884, 1059, 552, 697, 1702, 145, 819, 649, 665, 169, 1051, 171, 1529, 1470, 291, 1371, 1240, 1641, 1746, 1443, 1307, 1801, 369, 1365, 525, 167, 1121, 1430, 874, 528, 1459, 1617, 770, 359, 923, 507, 884, 1616, 1314, 1149, 1379, 891, 1442, 1047, 1887, 248, 1767, 1620, 283, 392, 1290, 1650, 242, 1399, 807, 159, 204, 775, 1827, 500, 1352, 700, 1265, 1102, 149, 1440, 1258, 1738, 347, 690, 468, 1726, 1234, 1126, 868, 1501, 621, 585, 1523, 121, 1108, 846, 1167, 1405, 114, 474, 1406, 195, 1144, 586, 384, 1680, 298, 308, 529, 901, 475, 992, 1811, 1655, 914, 1598, 560, 1452, 385, 1032, 1895, 756, 1893, 485, 1293, 1876, 378, 206, 61, 1762, 1335, 1779, 1062, 111, 550, 1357, 284, 1074, 880, 592, 712, 1454, 1660, 1067, 946, 1011, 193, 1838, 1072, 1065, 1267, 1217, 591, 678, 792, 180, 1313, 69, 84, 1603, 1775, 201, 1415, 457, 1359, 400, 1759, 1081, 554, 471, 1841, 446, 1670, 688, 140, 1600, 871, 1093, 460, 1831, 818, 940, 1128, 614, 1000, 987, 1048, 72, 465, 804, 1804, 826, 1006, 1129, 270, 954, 86, 107, 1744, 751, 1143, 1554, 1750, 556, 1692, 664, 943, 907, 1713, 881, 1793, 849, 972, 264, 1431, 1040, 1391, 680, 1864, 724, 1549, 455, 600, 389, 1301, 1262, 1073, 1216, 613, 314, 15, 657, 896, 549, 575, 719, 545, 937, 1585, 165, 1252, 338, 970, 1366, 1247, 1024, 14, 855, 212, 887, 977, 1225, 776, 10, 1903, 1423, 596, 726, 431, 959, 1159, 1033, 1458, 1196, 1526, 317, 1358, 454, 1647, 976, 773, 1786, 1462, 488, 41, 571, 1464, 599, 979, 864, 18, 306, 1299, 797, 332, 1424, 1286, 66, 51, 1230, 1527, 1042, 762, 219, 487, 1026, 1282, 1285, 1503, 1597, 1573, 758, 999, 30, 1215, 1315, 1227, 387, 1867, 1421, 220, 932, 1829, 26, 1822, 290, 1088, 1902, 429, 463, 197, 1156, 1539, 1491, 1027, 1901, 733, 1879, 833, 278, 1251, 1899, 1642, 73, 272, 1019, 1084, 1346, 1803, 845, 568, 286, 76, 956, 1237, 48, 939, 1601, 481, 1187, 176, 1231, 1545, 1664, 1244, 87, 47, 194, 1586, 1316, 1125, 1649, 1077, 995, 1665, 1428, 1219, 1712, 1038, 542, 998, 70, 929, 1648, 476, 886, 1134, 1733, 854, 853, 1283, 1432, 1723, 1269, 281, 1174, 110, 1685, 1868, 777, 1522, 353, 798, 1773, 409, 768, 1273, 1490, 221, 1154, 1499, 71, 1637, 720, 1850, 1198, 1755, 1915, 716, 1900, 1835, 672, 319, 1536, 226, 1472, 1602, 969, 492, 428, 895, 814, 1133, 62, 656, 1722, 1621, 1142, 1087, 524, 1590, 1030, 650, 1451, 1913, 1259, 1917, 544, 377, 862, 1202, 1177, 1274, 1123, 617, 605, 1106, 1855, 422, 1769, 362, 1721, 1329, 1206, 1506, 135, 1320, 217, 120, 1120, 1836, 710, 717, 1799, 1557, 722, 1694, 405, 375, 1034, 260, 1496, 411, 1672, 28, 637, 373, 1808, 134, 1012, 536, 1752, 983, 1135, 1576, 483, 13, 404, 841, 1172, 1041, 1843, 161, 847, 1369, 1910, 1782, 1671, 1376, 1856, 498, 806, 635, 1212, 438, 835, 1849, 1109, 1349, 1043, 2, 466, 610, 1165, 885, 951, 344, 300, 1807, 1908, 287, 1877, 705, 1872, 1581, 985, 328, 708, 730, 350, 307, 146, 840, 1180, 494, 16, 555, 1368, 1780, 779, 1771, 1203, 1754, 744, 863, 1684, 639, 1919, 738, 938, 1053, 618, 91, 1886, 1028, 472, 1050, 138, 131, 89, 416, 991, 1254, 467, 227, 1765, 1634, 1789, 1622, 1205, 1874, 839, 1151, 654, 1182, 815, 470, 670, 150, 718, 352, 1579, 879, 443, 1690, 32, 435, 1383, 501, 882, 1085, 1176, 1382, 1171, 686, 1140, 1105, 800, 1516, 1485, 516, 1475, 1434, 1911, 889, 239, 652, 1535, 1639, 335, 1325, 1784, 765, 663, 1224, 448, 1815, 739, 1812, 1076, 747, 1467, 732, 1654, 1828, 502, 1319, 1425, 1160, 1468, 368, 1732, 1248, 143, 808, 674, 713, 129, 1599, 288, 1005, 1643, 1729, 1918, 1064, 279, 1741, 406, 867, 729, 604, 1220, 750, 304, 936, 215, 1626, 1778, 1031, 1756, 305, 1699, 412, 1387, 1640, 210, 188, 253, 645, 1279, 349, 1898, 262, 1082, 213, 255, 1514, 1375, 576, 698, 986, 1119, 508, 1753, 104, 1296, 1380, 128, 163, 693, 1524, 924, 842, 812, 1348, 199, 1386, 1628, 1435, 1772, 817, 931, 334, 1360, 390, 1413, 1783, 944, 905, 1271, 1132, 1857, 35, 340, 1461, 506, 1150, 1455, 594, 1020, 1178, 1770, 1389, 1276, 1355, 1228, 990, 1480, 1100, 1326, 282, 1321, 852, 200, 1146, 1253, 49, 1682, 1221, 1840, 1525, 1037, 1170, 1800, 648, 1243, 266, 926, 782, 1667, 984, 570, 1289, 1860, 893, 1630, 479, 339, 246, 866, 1631, 211, 684, 60, 125, 1513, 836, 43, 1450, 515, 1256, 244, 1063, 1693, 913, 966, 54, 432, 1869, 254, 1916, 577, 1096, 540, 1075, 1261, 1871, 1587, 381, 634, 205, 269, 489, 1890, 37, 746, 386, 551, 1414, 953, 1403, 709, 622, 1497, 1561, 1324, 158, 624, 426, 1466, 44, 267, 994, 318, 1398, 397, 95, 786, 81, 1332, 837, 289, 865, 965, 67, 1696, 816, 1044, 820, 229, 1400, 1362, 491, 1139, 1873, 1338, 559, 1016, 1021, 1436, 1002, 1797, 40, 224, 1615, 1385, 941, 1308, 978, 794, 231, 834, 1675, 1736, 31, 1181, 562, 831, 1272, 767, 372, 1825, 1669, 760, 380, 1343, 42, 1351, 1337, 1441, 268, 1644, 1015, 52, 1469, 1861, 1481, 22, 1605, 361, 1381, 410, 1333, 975, 1046, 1595, 348, 1768, 366, 1281, 772, 974, 495, 358, 590, 187, 631, 1695, 687, 1328, 572, 588, 1805, 620, 1577, 1449, 1433, 1659, 320, 418, 346, 602, 573, 1709, 1300, 113, 427, 1891, 1341, 236, 1001, 370, 723, 1092, 1560, 379, 662, 79, 850, 1704, 824, 627, 436, 666, 1103, 653, 945, 1370, 1232, 587, 234, 103, 1858, 934, 1420, 123, 1818, 1310, 499, 1739, 1493, 1847, 1553, 740, 124, 1260, 1378, 1842, 1777, 1816, 1543, 749, 608, 1563, 996, 25, 101, 90, 459, 337, 122, 580, 829, 533, 292, 452, 1614, 1183, 1322, 1278, 521, 1136, 1190, 96, 259, 1645, 1008, 1888, 342, 445, 1504, 162, 382, 1894, 784, 1404, 1531, 1312, 444, 1097, 1447, 1280, 872, 168, 50, 1687, 1593, 1610, 98, 1242, 769, 642, 1309, 888, 433, 302, 1263, 1169, 1656, 1295, 243, 921, 1438, 1161, 877, 640, 1541, 24, 703, 980, 1173, 935, 1519, 440, 1512, 1137, 822, 1014, 310, 511, 583, 1518, 458, 274, 109, 856, 522, 11, 462, 1236, 232, 633, 1567, 1241, 989, 1725, 280, 875, 1083, 1833, 324, 1566, 249, 172, 696, 1505, 1010, 1477, 1327, 910, 861, 88, 99, 357, 437, 80, 1292, 764, 175, 395, 1716, 699, 1483, 1717, 673, 623, 1697, 1479, 1060, 1651, 553, 981, 218, 1110, 185, 77, 900, 371, 904, 1390, 21, 1882, 595, 1718, 1476, 152, 420, 918, 192, 1679, 1484, 1863, 787, 567, 851, 441, 530, 517, 1419, 1388, 329, 301, 1330, 876, 478, 1530, 676, 1844, 403, 74, 647, 728, 230, 519, 256, 737, 235, 1796, 182, 858, 504, 1287, 1124, 1229, 294, 625, 894, 759, 1544, 330, 1711, 505, 903, 1055, 1238, 1397, 1686, 136, 1275, 1580, 1584, 59, 1112, 1636, 166, 655, 1520, 1540, 374, 496, 414, 1226, 154, 860, 531, 1465, 1345, 1662, 1284, 669, 1627, 1408, 36, 191, 1748, 7, 1498, 802, 325, 957, 208, 228, 1201, 950, 1318, 155, 948, 133, 920, 442, 225, 611, 1633, 796, 667, 1652, 1304, 1609, 1611, 527, 1427, 1354, 689, 930, 870, 925, 56, 1402, 100, 189, 1068, 1737, 322, 523, 247, 971, 1445, 55, 579, 1374, 1571, 1521, 890, 785, 58, 671, 1608, 1168, 1742, 899, 299, 778, 1542, 761, 566, 46, 1708, 1719, 351, 1392, 651, 1764, 811, 449, 922, 261, 1036, 694, 127, 1114, 707, 1487, 1852, 1802, 873, 174, 1865, 1710, 763, 164, 1632, 345, 539, 1141, 805, 919, 911, 184, 548, 1422, 1625, 1155, 399, 1795, 1845, 1889, 1565, 45, 603, 1444, 1517, 1823, 1246, 477, 64, 1164, 1411, 781, 8, 1635, 1583, 1200, 241, 151, 177, 333, 629, 1453, 293, 1760, 636, 1239, 1115, 727, 273, 1394, 1266, 1184, 1619, 1743, 313, 1904, 982, 1367, 153, 564, 1806, 331, 1862, 1848, 606, 1264, 57, 97, 1774, 1814, 1086, 1029, 393, 1488, 85, 1509, 1550, 725, 1638, 1846, 1342, 1728, 993, 421, 1781, 681, 473, 1604, 364, 1613, 679, 780, 1885, 581, 1130, 116, 823, 355, 736, 75, 398, 557, 1740, 1515, 1596, 1250, 641, 1683, 198, 1363, 589, 1223, 1209, 417, 209, 1810, 9, 535, 1500, 1881, 1208, 909, 0, 702, 1897, 598, 1189, 748, 675, 1691, 1152, 755, 4, 1416, 830, 439, 1222, 1340, 692, 1003, 34, 356, 170, 1761, 1657, 1578, 401, 795, 1507, 997, 644, 1166, 447, 518, 563, 336, 1820, 343, 597, 844, 1058, 497, 311, 1463, 754, 1218, 1191, 1148, 1612, 1022, 1344, 1776, 942, 906, 1409, 1098, 130, 1418, 1830, 190, 1303, 1749, 607, 825, 92, 677, 628, 326, 715, 949, 27, 1537, 1025, 1439, 1277, 396, 1270, 53, 558, 584, 616, 630, 1533, 532, 1113, 612, 1080, 173, 1090, 838, 17, 897, 1306, 1311, 1131, 388, 1118, 1528, 1426, 1257, 1460, 1714, 1407, 144, 1734, 258, 1731, 526, 367, 1834, 126, 1104, 638, 791, 265, 223, 461, 1457, 139, 456, 1905, 1663, 1412, 1568, 1763, 883, 1661, 1678, 493, 1606, 1813, 541, 1757, 276, 296, 1673, 222, 1707, 183, 257, 615, 1478, 742, 376, 810, 661, 365, 156, 1298, 1701, 1653, 202, 1334, 1197, 1482, 106, 323, 1448, 1558, 1179, 1854, 902, 1049, 297, 216, 1268, 277, 1336, 1393, 65, 1456, 1052, 5, 1735, 1495, 1175, 988, 117, 721, 1788, 315, 1819, 1305, 1794, 520, 543, 1214, 917, 731, 1091, 1147, 1070, 68, 892, 1486, 464, 783, 115, 1883, 1372, 752, 383, 1122, 582, 1039, 1213, 574, 1594, 1870, 1111, 1792, 706, 1674, 233, 1607, 691, 1417, 1071, 711, 1538, 252, 741, 1396, 1211, 1429, 1906, 513, 799, 1384, 1138, 1688, 1681, 1045, 961, 743, 1824, 619, 766, 1727, 147, 827, 1117, 1547, 1892, 39, 82, 1546, 963, 178, 658, 1592, 425, 484, 415, 1204, 1331, 1207, 561, 912, 451, 1548, 1494, 1210, 1676, 685, 1291, 793, 632, 1018], [1054, 207, 1715, 1233, 514, 238, 1377, 1677, 878, 1624, 1145, 1009, 469, 962, 1194, 93, 1556, 1851, 1569, 1089, 745, 423, 23, 821, 29, 1401, 789, 1791, 788, 1079, 1347, 503, 1199, 753, 848, 1294, 801, 682, 955, 112, 1188, 402, 1878, 1817, 1288, 1821, 1245, 1302, 1007, 1705, 271, 510, 1510, 327, 1127, 486, 1555, 1004, 1589, 1511, 1700, 1373, 1668, 341, 1489, 1790, 1492, 321, 659, 578, 303, 118, 960, 453, 160, 683, 1832, 434, 701, 928, 480, 1446, 1552, 704, 94, 1317, 1410, 394, 186, 771, 859, 1395, 1646, 1570, 1353, 714, 1297, 360, 1153, 1185, 1766, 1471, 1013, 1356, 1437, 78, 63, 1618, 537, 482, 3, 450, 1339, 490, 857, 251, 898, 916, 546, 1809, 1689, 1078, 1069, 1, 1035, 1534, 1158, 203, 1837, 1095, 1235, 295, 933, 1474, 1559, 240, 105, 419, 1751, 1061, 1896, 1162, 1508, 1195, 237, 509, 1875, 6, 1564, 1698, 1907, 20, 1023, 1157, 1724, 132, 1912, 108, 1839, 734, 413, 316, 1249, 1880, 430, 915, 952, 813, 1532, 1116, 1859, 137, 1703, 141, 1785, 1582, 643, 119, 12, 968, 1193, 408, 214, 601, 967, 803, 1551, 363, 424, 958, 1826, 196]]
Resuming from epoch 65: /Users/suraj/Downloads/outputs/wall_single/checkpoints/model_latest.pth
num_action_repeat: 1
num_proprio_repeat: 1
proprio encoder: ProprioceptiveEmbedding(
  (patch_embed): Conv1d(2, 10, kernel_size=(1,), stride=(1,))
)
action encoder: ProprioceptiveEmbedding(
  (patch_embed): Conv1d(10, 10, kernel_size=(1,), stride=(1,))
)
proprio_dim: 10, after repeat: 10
action_dim: 10, after repeat: 10
emb_dim: 404
Model emb_dim:  404
eval_seed:  [21, 22, 23, 24, 25, 26, 27, 28, 29, 30]
Dumped plan targets to /Users/suraj/Desktop/EAI_DINO/results/wall_transition/transition_run_v2/fp16/budget_bA/seed_2/plan_targets.pkl
Success rate:  0.0
{'success': array([False, False, False, False, False, False, False, False, False,
       False]), 'state_dist': array([33.3842183 , 26.53675041, 29.86991161, 30.68299641, 12.44017851,
       22.50523551, 23.98046346, 18.02750627, 21.06557762, 25.63179621])}
Success rate:  0.1
{'success': array([False, False, False, False, False, False, False, False, False,
        True]), 'state_dist': array([30.67991322, 26.61472697, 15.92410336, 15.20292666, 13.98713978,
       21.85563136, 21.56701458,  8.78868975, 15.07110687,  4.09397388])}
MPC iter 0 Eval ------- 
Success rate:  0.1
{'success': array([False, False, False, False, False, False, False, False, False,
        True]), 'state_dist': array([30.67991322, 26.61472697, 15.92410336, 15.20292666, 13.98713978,
       21.85563136, 21.56701458,  8.78868975, 15.07110687,  4.09397388])}
self.is_success:  [False False False False False False False False False  True]
Success rate:  0.4
{'success': array([False, False,  True,  True, False, False, False,  True, False,
        True]), 'state_dist': array([28.50959555, 25.00294085,  2.43326381,  2.70379525, 12.00067121,
       19.25005256, 21.71137707,  1.85578876, 13.28172511,  2.65063246])}
Success rate:  0.5
{'success': array([False,  True,  True,  True, False, False, False,  True, False,
        True]), 'state_dist': array([27.66883761,  1.37870855,  2.12775826,  3.25281409, 14.88478004,
       19.97122409, 21.95973432,  2.99430092, 13.90019612,  1.18039506])}
MPC iter 1 Eval ------- 
Success rate:  0.5
{'success': array([False,  True,  True,  True, False, False, False,  True, False,
        True]), 'state_dist': array([27.66883761,  1.37870855,  2.12775826,  3.25281409, 14.88478004,
       19.97122409, 21.95973432,  2.99430092, 13.90019612,  4.09397388])}
self.is_success:  [False  True  True  True False False False  True False  True]
Success rate:  0.5
{'success': array([False,  True,  True,  True, False, False, False,  True, False,
        True]), 'state_dist': array([27.66883761,  1.37870855,  2.12775826,  3.25281409, 14.88478004,
       19.97122409, 21.95973432,  2.99430092, 13.90019612,  4.09397388])}
[ok] variant=fp16 budget=bA opt_steps=2 seed=2 success=0.5000
Planning device: mps
Loading wall dataset...
Loaded 1920 rollouts
Using cache found in /Users/suraj/.cache/torch/hub/facebookresearch_dinov2_main
[[102, 33, 1056, 1591, 354, 245, 790, 1323, 142, 1745, 1588, 1473, 38, 1192, 735, 832, 547, 1186, 843, 660, 869, 83, 695, 1629, 179, 1658, 157, 1758, 1747, 250, 312, 1361, 1163, 1798, 275, 1099, 1787, 964, 1066, 609, 1666, 774, 181, 1502, 407, 668, 593, 1623, 1101, 565, 1350, 1572, 1094, 512, 148, 809, 263, 1853, 908, 927, 626, 569, 1730, 757, 1574, 1866, 1107, 1706, 391, 1255, 947, 828, 1720, 1057, 19, 1364, 1575, 1914, 1562, 1909, 534, 973, 538, 1017, 646, 285, 309, 1884, 1059, 552, 697, 1702, 145, 819, 649, 665, 169, 1051, 171, 1529, 1470, 291, 1371, 1240, 1641, 1746, 1443, 1307, 1801, 369, 1365, 525, 167, 1121, 1430, 874, 528, 1459, 1617, 770, 359, 923, 507, 884, 1616, 1314, 1149, 1379, 891, 1442, 1047, 1887, 248, 1767, 1620, 283, 392, 1290, 1650, 242, 1399, 807, 159, 204, 775, 1827, 500, 1352, 700, 1265, 1102, 149, 1440, 1258, 1738, 347, 690, 468, 1726, 1234, 1126, 868, 1501, 621, 585, 1523, 121, 1108, 846, 1167, 1405, 114, 474, 1406, 195, 1144, 586, 384, 1680, 298, 308, 529, 901, 475, 992, 1811, 1655, 914, 1598, 560, 1452, 385, 1032, 1895, 756, 1893, 485, 1293, 1876, 378, 206, 61, 1762, 1335, 1779, 1062, 111, 550, 1357, 284, 1074, 880, 592, 712, 1454, 1660, 1067, 946, 1011, 193, 1838, 1072, 1065, 1267, 1217, 591, 678, 792, 180, 1313, 69, 84, 1603, 1775, 201, 1415, 457, 1359, 400, 1759, 1081, 554, 471, 1841, 446, 1670, 688, 140, 1600, 871, 1093, 460, 1831, 818, 940, 1128, 614, 1000, 987, 1048, 72, 465, 804, 1804, 826, 1006, 1129, 270, 954, 86, 107, 1744, 751, 1143, 1554, 1750, 556, 1692, 664, 943, 907, 1713, 881, 1793, 849, 972, 264, 1431, 1040, 1391, 680, 1864, 724, 1549, 455, 600, 389, 1301, 1262, 1073, 1216, 613, 314, 15, 657, 896, 549, 575, 719, 545, 937, 1585, 165, 1252, 338, 970, 1366, 1247, 1024, 14, 855, 212, 887, 977, 1225, 776, 10, 1903, 1423, 596, 726, 431, 959, 1159, 1033, 1458, 1196, 1526, 317, 1358, 454, 1647, 976, 773, 1786, 1462, 488, 41, 571, 1464, 599, 979, 864, 18, 306, 1299, 797, 332, 1424, 1286, 66, 51, 1230, 1527, 1042, 762, 219, 487, 1026, 1282, 1285, 1503, 1597, 1573, 758, 999, 30, 1215, 1315, 1227, 387, 1867, 1421, 220, 932, 1829, 26, 1822, 290, 1088, 1902, 429, 463, 197, 1156, 1539, 1491, 1027, 1901, 733, 1879, 833, 278, 1251, 1899, 1642, 73, 272, 1019, 1084, 1346, 1803, 845, 568, 286, 76, 956, 1237, 48, 939, 1601, 481, 1187, 176, 1231, 1545, 1664, 1244, 87, 47, 194, 1586, 1316, 1125, 1649, 1077, 995, 1665, 1428, 1219, 1712, 1038, 542, 998, 70, 929, 1648, 476, 886, 1134, 1733, 854, 853, 1283, 1432, 1723, 1269, 281, 1174, 110, 1685, 1868, 777, 1522, 353, 798, 1773, 409, 768, 1273, 1490, 221, 1154, 1499, 71, 1637, 720, 1850, 1198, 1755, 1915, 716, 1900, 1835, 672, 319, 1536, 226, 1472, 1602, 969, 492, 428, 895, 814, 1133, 62, 656, 1722, 1621, 1142, 1087, 524, 1590, 1030, 650, 1451, 1913, 1259, 1917, 544, 377, 862, 1202, 1177, 1274, 1123, 617, 605, 1106, 1855, 422, 1769, 362, 1721, 1329, 1206, 1506, 135, 1320, 217, 120, 1120, 1836, 710, 717, 1799, 1557, 722, 1694, 405, 375, 1034, 260, 1496, 411, 1672, 28, 637, 373, 1808, 134, 1012, 536, 1752, 983, 1135, 1576, 483, 13, 404, 841, 1172, 1041, 1843, 161, 847, 1369, 1910, 1782, 1671, 1376, 1856, 498, 806, 635, 1212, 438, 835, 1849, 1109, 1349, 1043, 2, 466, 610, 1165, 885, 951, 344, 300, 1807, 1908, 287, 1877, 705, 1872, 1581, 985, 328, 708, 730, 350, 307, 146, 840, 1180, 494, 16, 555, 1368, 1780, 779, 1771, 1203, 1754, 744, 863, 1684, 639, 1919, 738, 938, 1053, 618, 91, 1886, 1028, 472, 1050, 138, 131, 89, 416, 991, 1254, 467, 227, 1765, 1634, 1789, 1622, 1205, 1874, 839, 1151, 654, 1182, 815, 470, 670, 150, 718, 352, 1579, 879, 443, 1690, 32, 435, 1383, 501, 882, 1085, 1176, 1382, 1171, 686, 1140, 1105, 800, 1516, 1485, 516, 1475, 1434, 1911, 889, 239, 652, 1535, 1639, 335, 1325, 1784, 765, 663, 1224, 448, 1815, 739, 1812, 1076, 747, 1467, 732, 1654, 1828, 502, 1319, 1425, 1160, 1468, 368, 1732, 1248, 143, 808, 674, 713, 129, 1599, 288, 1005, 1643, 1729, 1918, 1064, 279, 1741, 406, 867, 729, 604, 1220, 750, 304, 936, 215, 1626, 1778, 1031, 1756, 305, 1699, 412, 1387, 1640, 210, 188, 253, 645, 1279, 349, 1898, 262, 1082, 213, 255, 1514, 1375, 576, 698, 986, 1119, 508, 1753, 104, 1296, 1380, 128, 163, 693, 1524, 924, 842, 812, 1348, 199, 1386, 1628, 1435, 1772, 817, 931, 334, 1360, 390, 1413, 1783, 944, 905, 1271, 1132, 1857, 35, 340, 1461, 506, 1150, 1455, 594, 1020, 1178, 1770, 1389, 1276, 1355, 1228, 990, 1480, 1100, 1326, 282, 1321, 852, 200, 1146, 1253, 49, 1682, 1221, 1840, 1525, 1037, 1170, 1800, 648, 1243, 266, 926, 782, 1667, 984, 570, 1289, 1860, 893, 1630, 479, 339, 246, 866, 1631, 211, 684, 60, 125, 1513, 836, 43, 1450, 515, 1256, 244, 1063, 1693, 913, 966, 54, 432, 1869, 254, 1916, 577, 1096, 540, 1075, 1261, 1871, 1587, 381, 634, 205, 269, 489, 1890, 37, 746, 386, 551, 1414, 953, 1403, 709, 622, 1497, 1561, 1324, 158, 624, 426, 1466, 44, 267, 994, 318, 1398, 397, 95, 786, 81, 1332, 837, 289, 865, 965, 67, 1696, 816, 1044, 820, 229, 1400, 1362, 491, 1139, 1873, 1338, 559, 1016, 1021, 1436, 1002, 1797, 40, 224, 1615, 1385, 941, 1308, 978, 794, 231, 834, 1675, 1736, 31, 1181, 562, 831, 1272, 767, 372, 1825, 1669, 760, 380, 1343, 42, 1351, 1337, 1441, 268, 1644, 1015, 52, 1469, 1861, 1481, 22, 1605, 361, 1381, 410, 1333, 975, 1046, 1595, 348, 1768, 366, 1281, 772, 974, 495, 358, 590, 187, 631, 1695, 687, 1328, 572, 588, 1805, 620, 1577, 1449, 1433, 1659, 320, 418, 346, 602, 573, 1709, 1300, 113, 427, 1891, 1341, 236, 1001, 370, 723, 1092, 1560, 379, 662, 79, 850, 1704, 824, 627, 436, 666, 1103, 653, 945, 1370, 1232, 587, 234, 103, 1858, 934, 1420, 123, 1818, 1310, 499, 1739, 1493, 1847, 1553, 740, 124, 1260, 1378, 1842, 1777, 1816, 1543, 749, 608, 1563, 996, 25, 101, 90, 459, 337, 122, 580, 829, 533, 292, 452, 1614, 1183, 1322, 1278, 521, 1136, 1190, 96, 259, 1645, 1008, 1888, 342, 445, 1504, 162, 382, 1894, 784, 1404, 1531, 1312, 444, 1097, 1447, 1280, 872, 168, 50, 1687, 1593, 1610, 98, 1242, 769, 642, 1309, 888, 433, 302, 1263, 1169, 1656, 1295, 243, 921, 1438, 1161, 877, 640, 1541, 24, 703, 980, 1173, 935, 1519, 440, 1512, 1137, 822, 1014, 310, 511, 583, 1518, 458, 274, 109, 856, 522, 11, 462, 1236, 232, 633, 1567, 1241, 989, 1725, 280, 875, 1083, 1833, 324, 1566, 249, 172, 696, 1505, 1010, 1477, 1327, 910, 861, 88, 99, 357, 437, 80, 1292, 764, 175, 395, 1716, 699, 1483, 1717, 673, 623, 1697, 1479, 1060, 1651, 553, 981, 218, 1110, 185, 77, 900, 371, 904, 1390, 21, 1882, 595, 1718, 1476, 152, 420, 918, 192, 1679, 1484, 1863, 787, 567, 851, 441, 530, 517, 1419, 1388, 329, 301, 1330, 876, 478, 1530, 676, 1844, 403, 74, 647, 728, 230, 519, 256, 737, 235, 1796, 182, 858, 504, 1287, 1124, 1229, 294, 625, 894, 759, 1544, 330, 1711, 505, 903, 1055, 1238, 1397, 1686, 136, 1275, 1580, 1584, 59, 1112, 1636, 166, 655, 1520, 1540, 374, 496, 414, 1226, 154, 860, 531, 1465, 1345, 1662, 1284, 669, 1627, 1408, 36, 191, 1748, 7, 1498, 802, 325, 957, 208, 228, 1201, 950, 1318, 155, 948, 133, 920, 442, 225, 611, 1633, 796, 667, 1652, 1304, 1609, 1611, 527, 1427, 1354, 689, 930, 870, 925, 56, 1402, 100, 189, 1068, 1737, 322, 523, 247, 971, 1445, 55, 579, 1374, 1571, 1521, 890, 785, 58, 671, 1608, 1168, 1742, 899, 299, 778, 1542, 761, 566, 46, 1708, 1719, 351, 1392, 651, 1764, 811, 449, 922, 261, 1036, 694, 127, 1114, 707, 1487, 1852, 1802, 873, 174, 1865, 1710, 763, 164, 1632, 345, 539, 1141, 805, 919, 911, 184, 548, 1422, 1625, 1155, 399, 1795, 1845, 1889, 1565, 45, 603, 1444, 1517, 1823, 1246, 477, 64, 1164, 1411, 781, 8, 1635, 1583, 1200, 241, 151, 177, 333, 629, 1453, 293, 1760, 636, 1239, 1115, 727, 273, 1394, 1266, 1184, 1619, 1743, 313, 1904, 982, 1367, 153, 564, 1806, 331, 1862, 1848, 606, 1264, 57, 97, 1774, 1814, 1086, 1029, 393, 1488, 85, 1509, 1550, 725, 1638, 1846, 1342, 1728, 993, 421, 1781, 681, 473, 1604, 364, 1613, 679, 780, 1885, 581, 1130, 116, 823, 355, 736, 75, 398, 557, 1740, 1515, 1596, 1250, 641, 1683, 198, 1363, 589, 1223, 1209, 417, 209, 1810, 9, 535, 1500, 1881, 1208, 909, 0, 702, 1897, 598, 1189, 748, 675, 1691, 1152, 755, 4, 1416, 830, 439, 1222, 1340, 692, 1003, 34, 356, 170, 1761, 1657, 1578, 401, 795, 1507, 997, 644, 1166, 447, 518, 563, 336, 1820, 343, 597, 844, 1058, 497, 311, 1463, 754, 1218, 1191, 1148, 1612, 1022, 1344, 1776, 942, 906, 1409, 1098, 130, 1418, 1830, 190, 1303, 1749, 607, 825, 92, 677, 628, 326, 715, 949, 27, 1537, 1025, 1439, 1277, 396, 1270, 53, 558, 584, 616, 630, 1533, 532, 1113, 612, 1080, 173, 1090, 838, 17, 897, 1306, 1311, 1131, 388, 1118, 1528, 1426, 1257, 1460, 1714, 1407, 144, 1734, 258, 1731, 526, 367, 1834, 126, 1104, 638, 791, 265, 223, 461, 1457, 139, 456, 1905, 1663, 1412, 1568, 1763, 883, 1661, 1678, 493, 1606, 1813, 541, 1757, 276, 296, 1673, 222, 1707, 183, 257, 615, 1478, 742, 376, 810, 661, 365, 156, 1298, 1701, 1653, 202, 1334, 1197, 1482, 106, 323, 1448, 1558, 1179, 1854, 902, 1049, 297, 216, 1268, 277, 1336, 1393, 65, 1456, 1052, 5, 1735, 1495, 1175, 988, 117, 721, 1788, 315, 1819, 1305, 1794, 520, 543, 1214, 917, 731, 1091, 1147, 1070, 68, 892, 1486, 464, 783, 115, 1883, 1372, 752, 383, 1122, 582, 1039, 1213, 574, 1594, 1870, 1111, 1792, 706, 1674, 233, 1607, 691, 1417, 1071, 711, 1538, 252, 741, 1396, 1211, 1429, 1906, 513, 799, 1384, 1138, 1688, 1681, 1045, 961, 743, 1824, 619, 766, 1727, 147, 827, 1117, 1547, 1892, 39, 82, 1546, 963, 178, 658, 1592, 425, 484, 415, 1204, 1331, 1207, 561, 912, 451, 1548, 1494, 1210, 1676, 685, 1291, 793, 632, 1018], [1054, 207, 1715, 1233, 514, 238, 1377, 1677, 878, 1624, 1145, 1009, 469, 962, 1194, 93, 1556, 1851, 1569, 1089, 745, 423, 23, 821, 29, 1401, 789, 1791, 788, 1079, 1347, 503, 1199, 753, 848, 1294, 801, 682, 955, 112, 1188, 402, 1878, 1817, 1288, 1821, 1245, 1302, 1007, 1705, 271, 510, 1510, 327, 1127, 486, 1555, 1004, 1589, 1511, 1700, 1373, 1668, 341, 1489, 1790, 1492, 321, 659, 578, 303, 118, 960, 453, 160, 683, 1832, 434, 701, 928, 480, 1446, 1552, 704, 94, 1317, 1410, 394, 186, 771, 859, 1395, 1646, 1570, 1353, 714, 1297, 360, 1153, 1185, 1766, 1471, 1013, 1356, 1437, 78, 63, 1618, 537, 482, 3, 450, 1339, 490, 857, 251, 898, 916, 546, 1809, 1689, 1078, 1069, 1, 1035, 1534, 1158, 203, 1837, 1095, 1235, 295, 933, 1474, 1559, 240, 105, 419, 1751, 1061, 1896, 1162, 1508, 1195, 237, 509, 1875, 6, 1564, 1698, 1907, 20, 1023, 1157, 1724, 132, 1912, 108, 1839, 734, 413, 316, 1249, 1880, 430, 915, 952, 813, 1532, 1116, 1859, 137, 1703, 141, 1785, 1582, 643, 119, 12, 968, 1193, 408, 214, 601, 967, 803, 1551, 363, 424, 958, 1826, 196]]
Resuming from epoch 65: /Users/suraj/Downloads/outputs/wall_single/checkpoints/model_latest.pth
num_action_repeat: 1
num_proprio_repeat: 1
proprio encoder: ProprioceptiveEmbedding(
  (patch_embed): Conv1d(2, 10, kernel_size=(1,), stride=(1,))
)
action encoder: ProprioceptiveEmbedding(
  (patch_embed): Conv1d(10, 10, kernel_size=(1,), stride=(1,))
)
proprio_dim: 10, after repeat: 10
action_dim: 10, after repeat: 10
emb_dim: 404
Model emb_dim:  404
eval_seed:  [31, 32, 33, 34, 35, 36, 37, 38, 39, 40]
Dumped plan targets to /Users/suraj/Desktop/EAI_DINO/results/wall_transition/transition_run_v2/fp16/budget_bA/seed_3/plan_targets.pkl
Success rate:  0.0
{'success': array([False, False, False, False, False, False, False, False, False,
       False]), 'state_dist': array([26.6773626 , 17.23634183, 18.699506  , 34.54733877, 15.97626158,
       35.71260713, 17.08891601, 26.5300609 , 32.98526906, 27.48647151])}
Success rate:  0.2
{'success': array([False, False,  True, False, False, False,  True, False, False,
       False]), 'state_dist': array([24.12203282, 11.18205137,  4.49114268, 21.82097633,  5.22718699,
       20.87673872,  2.47110915, 26.94717422, 17.13994582, 15.15115509])}
MPC iter 0 Eval ------- 
Success rate:  0.2
{'success': array([False, False,  True, False, False, False,  True, False, False,
       False]), 'state_dist': array([24.12203282, 11.18205137,  4.49114268, 21.82097633,  5.22718699,
       20.87673872,  2.47110915, 26.94717422, 17.13994582, 15.15115509])}
self.is_success:  [False False  True False False False  True False False False]
Success rate:  0.5
{'success': array([False, False,  True, False,  True, False,  True, False,  True,
        True]), 'state_dist': array([22.754314  ,  5.11395816,  1.87656756,  6.54098721,  2.06979268,
        7.1880368 ,  0.80003495, 27.17559739,  2.658926  ,  3.29291407])}
Success rate:  0.6
{'success': array([False, False,  True,  True,  True,  True,  True, False, False,
        True]), 'state_dist': array([23.61422689,  4.62419474,  1.87994151,  3.47176035,  1.8088286 ,
        1.98755742,  1.9738216 , 27.04588081,  5.16137374,  1.27451641])}
MPC iter 1 Eval ------- 
Success rate:  0.6
{'success': array([False, False,  True,  True,  True,  True,  True, False, False,
        True]), 'state_dist': array([23.61422689,  4.62419474,  4.49114268,  3.47176035,  1.8088286 ,
        1.98755742,  2.47110915, 27.04588081,  5.16137374,  1.27451641])}
self.is_success:  [False False  True  True  True  True  True False False  True]
Success rate:  0.6
{'success': array([False, False,  True,  True,  True,  True,  True, False, False,
        True]), 'state_dist': array([23.61422689,  4.62419474,  4.49114268,  3.47176035,  1.8088286 ,
        1.98755742,  2.47110915, 27.04588081,  5.16137374,  1.27451641])}
[ok] variant=fp16 budget=bA opt_steps=2 seed=3 success=0.6000
Planning device: mps
Loading wall dataset...
Loaded 1920 rollouts
Using cache found in /Users/suraj/.cache/torch/hub/facebookresearch_dinov2_main
[[102, 33, 1056, 1591, 354, 245, 790, 1323, 142, 1745, 1588, 1473, 38, 1192, 735, 832, 547, 1186, 843, 660, 869, 83, 695, 1629, 179, 1658, 157, 1758, 1747, 250, 312, 1361, 1163, 1798, 275, 1099, 1787, 964, 1066, 609, 1666, 774, 181, 1502, 407, 668, 593, 1623, 1101, 565, 1350, 1572, 1094, 512, 148, 809, 263, 1853, 908, 927, 626, 569, 1730, 757, 1574, 1866, 1107, 1706, 391, 1255, 947, 828, 1720, 1057, 19, 1364, 1575, 1914, 1562, 1909, 534, 973, 538, 1017, 646, 285, 309, 1884, 1059, 552, 697, 1702, 145, 819, 649, 665, 169, 1051, 171, 1529, 1470, 291, 1371, 1240, 1641, 1746, 1443, 1307, 1801, 369, 1365, 525, 167, 1121, 1430, 874, 528, 1459, 1617, 770, 359, 923, 507, 884, 1616, 1314, 1149, 1379, 891, 1442, 1047, 1887, 248, 1767, 1620, 283, 392, 1290, 1650, 242, 1399, 807, 159, 204, 775, 1827, 500, 1352, 700, 1265, 1102, 149, 1440, 1258, 1738, 347, 690, 468, 1726, 1234, 1126, 868, 1501, 621, 585, 1523, 121, 1108, 846, 1167, 1405, 114, 474, 1406, 195, 1144, 586, 384, 1680, 298, 308, 529, 901, 475, 992, 1811, 1655, 914, 1598, 560, 1452, 385, 1032, 1895, 756, 1893, 485, 1293, 1876, 378, 206, 61, 1762, 1335, 1779, 1062, 111, 550, 1357, 284, 1074, 880, 592, 712, 1454, 1660, 1067, 946, 1011, 193, 1838, 1072, 1065, 1267, 1217, 591, 678, 792, 180, 1313, 69, 84, 1603, 1775, 201, 1415, 457, 1359, 400, 1759, 1081, 554, 471, 1841, 446, 1670, 688, 140, 1600, 871, 1093, 460, 1831, 818, 940, 1128, 614, 1000, 987, 1048, 72, 465, 804, 1804, 826, 1006, 1129, 270, 954, 86, 107, 1744, 751, 1143, 1554, 1750, 556, 1692, 664, 943, 907, 1713, 881, 1793, 849, 972, 264, 1431, 1040, 1391, 680, 1864, 724, 1549, 455, 600, 389, 1301, 1262, 1073, 1216, 613, 314, 15, 657, 896, 549, 575, 719, 545, 937, 1585, 165, 1252, 338, 970, 1366, 1247, 1024, 14, 855, 212, 887, 977, 1225, 776, 10, 1903, 1423, 596, 726, 431, 959, 1159, 1033, 1458, 1196, 1526, 317, 1358, 454, 1647, 976, 773, 1786, 1462, 488, 41, 571, 1464, 599, 979, 864, 18, 306, 1299, 797, 332, 1424, 1286, 66, 51, 1230, 1527, 1042, 762, 219, 487, 1026, 1282, 1285, 1503, 1597, 1573, 758, 999, 30, 1215, 1315, 1227, 387, 1867, 1421, 220, 932, 1829, 26, 1822, 290, 1088, 1902, 429, 463, 197, 1156, 1539, 1491, 1027, 1901, 733, 1879, 833, 278, 1251, 1899, 1642, 73, 272, 1019, 1084, 1346, 1803, 845, 568, 286, 76, 956, 1237, 48, 939, 1601, 481, 1187, 176, 1231, 1545, 1664, 1244, 87, 47, 194, 1586, 1316, 1125, 1649, 1077, 995, 1665, 1428, 1219, 1712, 1038, 542, 998, 70, 929, 1648, 476, 886, 1134, 1733, 854, 853, 1283, 1432, 1723, 1269, 281, 1174, 110, 1685, 1868, 777, 1522, 353, 798, 1773, 409, 768, 1273, 1490, 221, 1154, 1499, 71, 1637, 720, 1850, 1198, 1755, 1915, 716, 1900, 1835, 672, 319, 1536, 226, 1472, 1602, 969, 492, 428, 895, 814, 1133, 62, 656, 1722, 1621, 1142, 1087, 524, 1590, 1030, 650, 1451, 1913, 1259, 1917, 544, 377, 862, 1202, 1177, 1274, 1123, 617, 605, 1106, 1855, 422, 1769, 362, 1721, 1329, 1206, 1506, 135, 1320, 217, 120, 1120, 1836, 710, 717, 1799, 1557, 722, 1694, 405, 375, 1034, 260, 1496, 411, 1672, 28, 637, 373, 1808, 134, 1012, 536, 1752, 983, 1135, 1576, 483, 13, 404, 841, 1172, 1041, 1843, 161, 847, 1369, 1910, 1782, 1671, 1376, 1856, 498, 806, 635, 1212, 438, 835, 1849, 1109, 1349, 1043, 2, 466, 610, 1165, 885, 951, 344, 300, 1807, 1908, 287, 1877, 705, 1872, 1581, 985, 328, 708, 730, 350, 307, 146, 840, 1180, 494, 16, 555, 1368, 1780, 779, 1771, 1203, 1754, 744, 863, 1684, 639, 1919, 738, 938, 1053, 618, 91, 1886, 1028, 472, 1050, 138, 131, 89, 416, 991, 1254, 467, 227, 1765, 1634, 1789, 1622, 1205, 1874, 839, 1151, 654, 1182, 815, 470, 670, 150, 718, 352, 1579, 879, 443, 1690, 32, 435, 1383, 501, 882, 1085, 1176, 1382, 1171, 686, 1140, 1105, 800, 1516, 1485, 516, 1475, 1434, 1911, 889, 239, 652, 1535, 1639, 335, 1325, 1784, 765, 663, 1224, 448, 1815, 739, 1812, 1076, 747, 1467, 732, 1654, 1828, 502, 1319, 1425, 1160, 1468, 368, 1732, 1248, 143, 808, 674, 713, 129, 1599, 288, 1005, 1643, 1729, 1918, 1064, 279, 1741, 406, 867, 729, 604, 1220, 750, 304, 936, 215, 1626, 1778, 1031, 1756, 305, 1699, 412, 1387, 1640, 210, 188, 253, 645, 1279, 349, 1898, 262, 1082, 213, 255, 1514, 1375, 576, 698, 986, 1119, 508, 1753, 104, 1296, 1380, 128, 163, 693, 1524, 924, 842, 812, 1348, 199, 1386, 1628, 1435, 1772, 817, 931, 334, 1360, 390, 1413, 1783, 944, 905, 1271, 1132, 1857, 35, 340, 1461, 506, 1150, 1455, 594, 1020, 1178, 1770, 1389, 1276, 1355, 1228, 990, 1480, 1100, 1326, 282, 1321, 852, 200, 1146, 1253, 49, 1682, 1221, 1840, 1525, 1037, 1170, 1800, 648, 1243, 266, 926, 782, 1667, 984, 570, 1289, 1860, 893, 1630, 479, 339, 246, 866, 1631, 211, 684, 60, 125, 1513, 836, 43, 1450, 515, 1256, 244, 1063, 1693, 913, 966, 54, 432, 1869, 254, 1916, 577, 1096, 540, 1075, 1261, 1871, 1587, 381, 634, 205, 269, 489, 1890, 37, 746, 386, 551, 1414, 953, 1403, 709, 622, 1497, 1561, 1324, 158, 624, 426, 1466, 44, 267, 994, 318, 1398, 397, 95, 786, 81, 1332, 837, 289, 865, 965, 67, 1696, 816, 1044, 820, 229, 1400, 1362, 491, 1139, 1873, 1338, 559, 1016, 1021, 1436, 1002, 1797, 40, 224, 1615, 1385, 941, 1308, 978, 794, 231, 834, 1675, 1736, 31, 1181, 562, 831, 1272, 767, 372, 1825, 1669, 760, 380, 1343, 42, 1351, 1337, 1441, 268, 1644, 1015, 52, 1469, 1861, 1481, 22, 1605, 361, 1381, 410, 1333, 975, 1046, 1595, 348, 1768, 366, 1281, 772, 974, 495, 358, 590, 187, 631, 1695, 687, 1328, 572, 588, 1805, 620, 1577, 1449, 1433, 1659, 320, 418, 346, 602, 573, 1709, 1300, 113, 427, 1891, 1341, 236, 1001, 370, 723, 1092, 1560, 379, 662, 79, 850, 1704, 824, 627, 436, 666, 1103, 653, 945, 1370, 1232, 587, 234, 103, 1858, 934, 1420, 123, 1818, 1310, 499, 1739, 1493, 1847, 1553, 740, 124, 1260, 1378, 1842, 1777, 1816, 1543, 749, 608, 1563, 996, 25, 101, 90, 459, 337, 122, 580, 829, 533, 292, 452, 1614, 1183, 1322, 1278, 521, 1136, 1190, 96, 259, 1645, 1008, 1888, 342, 445, 1504, 162, 382, 1894, 784, 1404, 1531, 1312, 444, 1097, 1447, 1280, 872, 168, 50, 1687, 1593, 1610, 98, 1242, 769, 642, 1309, 888, 433, 302, 1263, 1169, 1656, 1295, 243, 921, 1438, 1161, 877, 640, 1541, 24, 703, 980, 1173, 935, 1519, 440, 1512, 1137, 822, 1014, 310, 511, 583, 1518, 458, 274, 109, 856, 522, 11, 462, 1236, 232, 633, 1567, 1241, 989, 1725, 280, 875, 1083, 1833, 324, 1566, 249, 172, 696, 1505, 1010, 1477, 1327, 910, 861, 88, 99, 357, 437, 80, 1292, 764, 175, 395, 1716, 699, 1483, 1717, 673, 623, 1697, 1479, 1060, 1651, 553, 981, 218, 1110, 185, 77, 900, 371, 904, 1390, 21, 1882, 595, 1718, 1476, 152, 420, 918, 192, 1679, 1484, 1863, 787, 567, 851, 441, 530, 517, 1419, 1388, 329, 301, 1330, 876, 478, 1530, 676, 1844, 403, 74, 647, 728, 230, 519, 256, 737, 235, 1796, 182, 858, 504, 1287, 1124, 1229, 294, 625, 894, 759, 1544, 330, 1711, 505, 903, 1055, 1238, 1397, 1686, 136, 1275, 1580, 1584, 59, 1112, 1636, 166, 655, 1520, 1540, 374, 496, 414, 1226, 154, 860, 531, 1465, 1345, 1662, 1284, 669, 1627, 1408, 36, 191, 1748, 7, 1498, 802, 325, 957, 208, 228, 1201, 950, 1318, 155, 948, 133, 920, 442, 225, 611, 1633, 796, 667, 1652, 1304, 1609, 1611, 527, 1427, 1354, 689, 930, 870, 925, 56, 1402, 100, 189, 1068, 1737, 322, 523, 247, 971, 1445, 55, 579, 1374, 1571, 1521, 890, 785, 58, 671, 1608, 1168, 1742, 899, 299, 778, 1542, 761, 566, 46, 1708, 1719, 351, 1392, 651, 1764, 811, 449, 922, 261, 1036, 694, 127, 1114, 707, 1487, 1852, 1802, 873, 174, 1865, 1710, 763, 164, 1632, 345, 539, 1141, 805, 919, 911, 184, 548, 1422, 1625, 1155, 399, 1795, 1845, 1889, 1565, 45, 603, 1444, 1517, 1823, 1246, 477, 64, 1164, 1411, 781, 8, 1635, 1583, 1200, 241, 151, 177, 333, 629, 1453, 293, 1760, 636, 1239, 1115, 727, 273, 1394, 1266, 1184, 1619, 1743, 313, 1904, 982, 1367, 153, 564, 1806, 331, 1862, 1848, 606, 1264, 57, 97, 1774, 1814, 1086, 1029, 393, 1488, 85, 1509, 1550, 725, 1638, 1846, 1342, 1728, 993, 421, 1781, 681, 473, 1604, 364, 1613, 679, 780, 1885, 581, 1130, 116, 823, 355, 736, 75, 398, 557, 1740, 1515, 1596, 1250, 641, 1683, 198, 1363, 589, 1223, 1209, 417, 209, 1810, 9, 535, 1500, 1881, 1208, 909, 0, 702, 1897, 598, 1189, 748, 675, 1691, 1152, 755, 4, 1416, 830, 439, 1222, 1340, 692, 1003, 34, 356, 170, 1761, 1657, 1578, 401, 795, 1507, 997, 644, 1166, 447, 518, 563, 336, 1820, 343, 597, 844, 1058, 497, 311, 1463, 754, 1218, 1191, 1148, 1612, 1022, 1344, 1776, 942, 906, 1409, 1098, 130, 1418, 1830, 190, 1303, 1749, 607, 825, 92, 677, 628, 326, 715, 949, 27, 1537, 1025, 1439, 1277, 396, 1270, 53, 558, 584, 616, 630, 1533, 532, 1113, 612, 1080, 173, 1090, 838, 17, 897, 1306, 1311, 1131, 388, 1118, 1528, 1426, 1257, 1460, 1714, 1407, 144, 1734, 258, 1731, 526, 367, 1834, 126, 1104, 638, 791, 265, 223, 461, 1457, 139, 456, 1905, 1663, 1412, 1568, 1763, 883, 1661, 1678, 493, 1606, 1813, 541, 1757, 276, 296, 1673, 222, 1707, 183, 257, 615, 1478, 742, 376, 810, 661, 365, 156, 1298, 1701, 1653, 202, 1334, 1197, 1482, 106, 323, 1448, 1558, 1179, 1854, 902, 1049, 297, 216, 1268, 277, 1336, 1393, 65, 1456, 1052, 5, 1735, 1495, 1175, 988, 117, 721, 1788, 315, 1819, 1305, 1794, 520, 543, 1214, 917, 731, 1091, 1147, 1070, 68, 892, 1486, 464, 783, 115, 1883, 1372, 752, 383, 1122, 582, 1039, 1213, 574, 1594, 1870, 1111, 1792, 706, 1674, 233, 1607, 691, 1417, 1071, 711, 1538, 252, 741, 1396, 1211, 1429, 1906, 513, 799, 1384, 1138, 1688, 1681, 1045, 961, 743, 1824, 619, 766, 1727, 147, 827, 1117, 1547, 1892, 39, 82, 1546, 963, 178, 658, 1592, 425, 484, 415, 1204, 1331, 1207, 561, 912, 451, 1548, 1494, 1210, 1676, 685, 1291, 793, 632, 1018], [1054, 207, 1715, 1233, 514, 238, 1377, 1677, 878, 1624, 1145, 1009, 469, 962, 1194, 93, 1556, 1851, 1569, 1089, 745, 423, 23, 821, 29, 1401, 789, 1791, 788, 1079, 1347, 503, 1199, 753, 848, 1294, 801, 682, 955, 112, 1188, 402, 1878, 1817, 1288, 1821, 1245, 1302, 1007, 1705, 271, 510, 1510, 327, 1127, 486, 1555, 1004, 1589, 1511, 1700, 1373, 1668, 341, 1489, 1790, 1492, 321, 659, 578, 303, 118, 960, 453, 160, 683, 1832, 434, 701, 928, 480, 1446, 1552, 704, 94, 1317, 1410, 394, 186, 771, 859, 1395, 1646, 1570, 1353, 714, 1297, 360, 1153, 1185, 1766, 1471, 1013, 1356, 1437, 78, 63, 1618, 537, 482, 3, 450, 1339, 490, 857, 251, 898, 916, 546, 1809, 1689, 1078, 1069, 1, 1035, 1534, 1158, 203, 1837, 1095, 1235, 295, 933, 1474, 1559, 240, 105, 419, 1751, 1061, 1896, 1162, 1508, 1195, 237, 509, 1875, 6, 1564, 1698, 1907, 20, 1023, 1157, 1724, 132, 1912, 108, 1839, 734, 413, 316, 1249, 1880, 430, 915, 952, 813, 1532, 1116, 1859, 137, 1703, 141, 1785, 1582, 643, 119, 12, 968, 1193, 408, 214, 601, 967, 803, 1551, 363, 424, 958, 1826, 196]]
Resuming from epoch 65: /Users/suraj/Downloads/outputs/wall_single/checkpoints/model_latest.pth
num_action_repeat: 1
num_proprio_repeat: 1
proprio encoder: ProprioceptiveEmbedding(
  (patch_embed): Conv1d(2, 10, kernel_size=(1,), stride=(1,))
)
action encoder: ProprioceptiveEmbedding(
  (patch_embed): Conv1d(10, 10, kernel_size=(1,), stride=(1,))
)
proprio_dim: 10, after repeat: 10
action_dim: 10, after repeat: 10
emb_dim: 404
Model emb_dim:  404
eval_seed:  [11, 12, 13, 14, 15, 16, 17, 18, 19, 20]
Dumped plan targets to /Users/suraj/Desktop/EAI_DINO/results/wall_transition/transition_run_v2/uniform_int8/budget_bA/seed_1/plan_targets.pkl
Success rate:  0.0
{'success': array([False, False, False, False, False, False, False, False, False,
       False]), 'state_dist': array([24.04976961, 25.97460321, 14.36582731, 40.47083781, 12.33656459,
       29.65911838, 19.68779123, 30.72773642, 26.86647493, 20.93027721])}
Success rate:  0.1
{'success': array([ True, False, False, False, False, False, False, False, False,
       False]), 'state_dist': array([ 2.8674402 , 12.09025488, 14.75381404, 23.26091771,  7.93966567,
       27.01607672, 20.39844405, 19.33118151, 26.92468502, 17.74270766])}
MPC iter 0 Eval ------- 
Success rate:  0.1
{'success': array([ True, False, False, False, False, False, False, False, False,
       False]), 'state_dist': array([ 2.8674402 , 12.09025488, 14.75381404, 23.26091771,  7.93966567,
       27.01607672, 20.39844405, 19.33118151, 26.92468502, 17.74270766])}
self.is_success:  [ True False False False False False False False False False]
Success rate:  0.3
{'success': array([ True,  True, False, False,  True, False, False, False, False,
       False]), 'state_dist': array([ 3.36406816,  1.35221499, 15.07820655, 24.83392482,  0.96309334,
       24.58670953, 22.0547151 ,  6.32549824, 26.88155198, 20.07069793])}
Success rate:  0.5
{'success': array([ True,  True, False,  True,  True, False, False,  True, False,
       False]), 'state_dist': array([ 3.3528968 ,  1.52114741, 15.09366323,  2.65147224,  1.33545964,
       25.2255263 , 19.17061047,  2.58696923, 23.80180858, 19.39754696])}
MPC iter 1 Eval ------- 
Success rate:  0.5
{'success': array([ True,  True, False,  True,  True, False, False,  True, False,
       False]), 'state_dist': array([ 2.8674402 ,  1.52114741, 15.09366323,  2.65147224,  1.33545964,
       25.2255263 , 19.17061047,  2.58696923, 23.80180858, 19.39754696])}
self.is_success:  [ True  True False  True  True False False  True False False]
Success rate:  0.5
{'success': array([ True,  True, False,  True,  True, False, False,  True, False,
       False]), 'state_dist': array([ 2.8674402 ,  1.52114741, 15.09366323,  2.65147224,  1.33545964,
       25.2255263 , 19.17061047,  2.58696923, 23.80180858, 19.39754696])}
[ok] variant=uniform_int8 budget=bA opt_steps=2 seed=1 success=0.5000
Planning device: mps
Loading wall dataset...
Loaded 1920 rollouts
Using cache found in /Users/suraj/.cache/torch/hub/facebookresearch_dinov2_main
[[102, 33, 1056, 1591, 354, 245, 790, 1323, 142, 1745, 1588, 1473, 38, 1192, 735, 832, 547, 1186, 843, 660, 869, 83, 695, 1629, 179, 1658, 157, 1758, 1747, 250, 312, 1361, 1163, 1798, 275, 1099, 1787, 964, 1066, 609, 1666, 774, 181, 1502, 407, 668, 593, 1623, 1101, 565, 1350, 1572, 1094, 512, 148, 809, 263, 1853, 908, 927, 626, 569, 1730, 757, 1574, 1866, 1107, 1706, 391, 1255, 947, 828, 1720, 1057, 19, 1364, 1575, 1914, 1562, 1909, 534, 973, 538, 1017, 646, 285, 309, 1884, 1059, 552, 697, 1702, 145, 819, 649, 665, 169, 1051, 171, 1529, 1470, 291, 1371, 1240, 1641, 1746, 1443, 1307, 1801, 369, 1365, 525, 167, 1121, 1430, 874, 528, 1459, 1617, 770, 359, 923, 507, 884, 1616, 1314, 1149, 1379, 891, 1442, 1047, 1887, 248, 1767, 1620, 283, 392, 1290, 1650, 242, 1399, 807, 159, 204, 775, 1827, 500, 1352, 700, 1265, 1102, 149, 1440, 1258, 1738, 347, 690, 468, 1726, 1234, 1126, 868, 1501, 621, 585, 1523, 121, 1108, 846, 1167, 1405, 114, 474, 1406, 195, 1144, 586, 384, 1680, 298, 308, 529, 901, 475, 992, 1811, 1655, 914, 1598, 560, 1452, 385, 1032, 1895, 756, 1893, 485, 1293, 1876, 378, 206, 61, 1762, 1335, 1779, 1062, 111, 550, 1357, 284, 1074, 880, 592, 712, 1454, 1660, 1067, 946, 1011, 193, 1838, 1072, 1065, 1267, 1217, 591, 678, 792, 180, 1313, 69, 84, 1603, 1775, 201, 1415, 457, 1359, 400, 1759, 1081, 554, 471, 1841, 446, 1670, 688, 140, 1600, 871, 1093, 460, 1831, 818, 940, 1128, 614, 1000, 987, 1048, 72, 465, 804, 1804, 826, 1006, 1129, 270, 954, 86, 107, 1744, 751, 1143, 1554, 1750, 556, 1692, 664, 943, 907, 1713, 881, 1793, 849, 972, 264, 1431, 1040, 1391, 680, 1864, 724, 1549, 455, 600, 389, 1301, 1262, 1073, 1216, 613, 314, 15, 657, 896, 549, 575, 719, 545, 937, 1585, 165, 1252, 338, 970, 1366, 1247, 1024, 14, 855, 212, 887, 977, 1225, 776, 10, 1903, 1423, 596, 726, 431, 959, 1159, 1033, 1458, 1196, 1526, 317, 1358, 454, 1647, 976, 773, 1786, 1462, 488, 41, 571, 1464, 599, 979, 864, 18, 306, 1299, 797, 332, 1424, 1286, 66, 51, 1230, 1527, 1042, 762, 219, 487, 1026, 1282, 1285, 1503, 1597, 1573, 758, 999, 30, 1215, 1315, 1227, 387, 1867, 1421, 220, 932, 1829, 26, 1822, 290, 1088, 1902, 429, 463, 197, 1156, 1539, 1491, 1027, 1901, 733, 1879, 833, 278, 1251, 1899, 1642, 73, 272, 1019, 1084, 1346, 1803, 845, 568, 286, 76, 956, 1237, 48, 939, 1601, 481, 1187, 176, 1231, 1545, 1664, 1244, 87, 47, 194, 1586, 1316, 1125, 1649, 1077, 995, 1665, 1428, 1219, 1712, 1038, 542, 998, 70, 929, 1648, 476, 886, 1134, 1733, 854, 853, 1283, 1432, 1723, 1269, 281, 1174, 110, 1685, 1868, 777, 1522, 353, 798, 1773, 409, 768, 1273, 1490, 221, 1154, 1499, 71, 1637, 720, 1850, 1198, 1755, 1915, 716, 1900, 1835, 672, 319, 1536, 226, 1472, 1602, 969, 492, 428, 895, 814, 1133, 62, 656, 1722, 1621, 1142, 1087, 524, 1590, 1030, 650, 1451, 1913, 1259, 1917, 544, 377, 862, 1202, 1177, 1274, 1123, 617, 605, 1106, 1855, 422, 1769, 362, 1721, 1329, 1206, 1506, 135, 1320, 217, 120, 1120, 1836, 710, 717, 1799, 1557, 722, 1694, 405, 375, 1034, 260, 1496, 411, 1672, 28, 637, 373, 1808, 134, 1012, 536, 1752, 983, 1135, 1576, 483, 13, 404, 841, 1172, 1041, 1843, 161, 847, 1369, 1910, 1782, 1671, 1376, 1856, 498, 806, 635, 1212, 438, 835, 1849, 1109, 1349, 1043, 2, 466, 610, 1165, 885, 951, 344, 300, 1807, 1908, 287, 1877, 705, 1872, 1581, 985, 328, 708, 730, 350, 307, 146, 840, 1180, 494, 16, 555, 1368, 1780, 779, 1771, 1203, 1754, 744, 863, 1684, 639, 1919, 738, 938, 1053, 618, 91, 1886, 1028, 472, 1050, 138, 131, 89, 416, 991, 1254, 467, 227, 1765, 1634, 1789, 1622, 1205, 1874, 839, 1151, 654, 1182, 815, 470, 670, 150, 718, 352, 1579, 879, 443, 1690, 32, 435, 1383, 501, 882, 1085, 1176, 1382, 1171, 686, 1140, 1105, 800, 1516, 1485, 516, 1475, 1434, 1911, 889, 239, 652, 1535, 1639, 335, 1325, 1784, 765, 663, 1224, 448, 1815, 739, 1812, 1076, 747, 1467, 732, 1654, 1828, 502, 1319, 1425, 1160, 1468, 368, 1732, 1248, 143, 808, 674, 713, 129, 1599, 288, 1005, 1643, 1729, 1918, 1064, 279, 1741, 406, 867, 729, 604, 1220, 750, 304, 936, 215, 1626, 1778, 1031, 1756, 305, 1699, 412, 1387, 1640, 210, 188, 253, 645, 1279, 349, 1898, 262, 1082, 213, 255, 1514, 1375, 576, 698, 986, 1119, 508, 1753, 104, 1296, 1380, 128, 163, 693, 1524, 924, 842, 812, 1348, 199, 1386, 1628, 1435, 1772, 817, 931, 334, 1360, 390, 1413, 1783, 944, 905, 1271, 1132, 1857, 35, 340, 1461, 506, 1150, 1455, 594, 1020, 1178, 1770, 1389, 1276, 1355, 1228, 990, 1480, 1100, 1326, 282, 1321, 852, 200, 1146, 1253, 49, 1682, 1221, 1840, 1525, 1037, 1170, 1800, 648, 1243, 266, 926, 782, 1667, 984, 570, 1289, 1860, 893, 1630, 479, 339, 246, 866, 1631, 211, 684, 60, 125, 1513, 836, 43, 1450, 515, 1256, 244, 1063, 1693, 913, 966, 54, 432, 1869, 254, 1916, 577, 1096, 540, 1075, 1261, 1871, 1587, 381, 634, 205, 269, 489, 1890, 37, 746, 386, 551, 1414, 953, 1403, 709, 622, 1497, 1561, 1324, 158, 624, 426, 1466, 44, 267, 994, 318, 1398, 397, 95, 786, 81, 1332, 837, 289, 865, 965, 67, 1696, 816, 1044, 820, 229, 1400, 1362, 491, 1139, 1873, 1338, 559, 1016, 1021, 1436, 1002, 1797, 40, 224, 1615, 1385, 941, 1308, 978, 794, 231, 834, 1675, 1736, 31, 1181, 562, 831, 1272, 767, 372, 1825, 1669, 760, 380, 1343, 42, 1351, 1337, 1441, 268, 1644, 1015, 52, 1469, 1861, 1481, 22, 1605, 361, 1381, 410, 1333, 975, 1046, 1595, 348, 1768, 366, 1281, 772, 974, 495, 358, 590, 187, 631, 1695, 687, 1328, 572, 588, 1805, 620, 1577, 1449, 1433, 1659, 320, 418, 346, 602, 573, 1709, 1300, 113, 427, 1891, 1341, 236, 1001, 370, 723, 1092, 1560, 379, 662, 79, 850, 1704, 824, 627, 436, 666, 1103, 653, 945, 1370, 1232, 587, 234, 103, 1858, 934, 1420, 123, 1818, 1310, 499, 1739, 1493, 1847, 1553, 740, 124, 1260, 1378, 1842, 1777, 1816, 1543, 749, 608, 1563, 996, 25, 101, 90, 459, 337, 122, 580, 829, 533, 292, 452, 1614, 1183, 1322, 1278, 521, 1136, 1190, 96, 259, 1645, 1008, 1888, 342, 445, 1504, 162, 382, 1894, 784, 1404, 1531, 1312, 444, 1097, 1447, 1280, 872, 168, 50, 1687, 1593, 1610, 98, 1242, 769, 642, 1309, 888, 433, 302, 1263, 1169, 1656, 1295, 243, 921, 1438, 1161, 877, 640, 1541, 24, 703, 980, 1173, 935, 1519, 440, 1512, 1137, 822, 1014, 310, 511, 583, 1518, 458, 274, 109, 856, 522, 11, 462, 1236, 232, 633, 1567, 1241, 989, 1725, 280, 875, 1083, 1833, 324, 1566, 249, 172, 696, 1505, 1010, 1477, 1327, 910, 861, 88, 99, 357, 437, 80, 1292, 764, 175, 395, 1716, 699, 1483, 1717, 673, 623, 1697, 1479, 1060, 1651, 553, 981, 218, 1110, 185, 77, 900, 371, 904, 1390, 21, 1882, 595, 1718, 1476, 152, 420, 918, 192, 1679, 1484, 1863, 787, 567, 851, 441, 530, 517, 1419, 1388, 329, 301, 1330, 876, 478, 1530, 676, 1844, 403, 74, 647, 728, 230, 519, 256, 737, 235, 1796, 182, 858, 504, 1287, 1124, 1229, 294, 625, 894, 759, 1544, 330, 1711, 505, 903, 1055, 1238, 1397, 1686, 136, 1275, 1580, 1584, 59, 1112, 1636, 166, 655, 1520, 1540, 374, 496, 414, 1226, 154, 860, 531, 1465, 1345, 1662, 1284, 669, 1627, 1408, 36, 191, 1748, 7, 1498, 802, 325, 957, 208, 228, 1201, 950, 1318, 155, 948, 133, 920, 442, 225, 611, 1633, 796, 667, 1652, 1304, 1609, 1611, 527, 1427, 1354, 689, 930, 870, 925, 56, 1402, 100, 189, 1068, 1737, 322, 523, 247, 971, 1445, 55, 579, 1374, 1571, 1521, 890, 785, 58, 671, 1608, 1168, 1742, 899, 299, 778, 1542, 761, 566, 46, 1708, 1719, 351, 1392, 651, 1764, 811, 449, 922, 261, 1036, 694, 127, 1114, 707, 1487, 1852, 1802, 873, 174, 1865, 1710, 763, 164, 1632, 345, 539, 1141, 805, 919, 911, 184, 548, 1422, 1625, 1155, 399, 1795, 1845, 1889, 1565, 45, 603, 1444, 1517, 1823, 1246, 477, 64, 1164, 1411, 781, 8, 1635, 1583, 1200, 241, 151, 177, 333, 629, 1453, 293, 1760, 636, 1239, 1115, 727, 273, 1394, 1266, 1184, 1619, 1743, 313, 1904, 982, 1367, 153, 564, 1806, 331, 1862, 1848, 606, 1264, 57, 97, 1774, 1814, 1086, 1029, 393, 1488, 85, 1509, 1550, 725, 1638, 1846, 1342, 1728, 993, 421, 1781, 681, 473, 1604, 364, 1613, 679, 780, 1885, 581, 1130, 116, 823, 355, 736, 75, 398, 557, 1740, 1515, 1596, 1250, 641, 1683, 198, 1363, 589, 1223, 1209, 417, 209, 1810, 9, 535, 1500, 1881, 1208, 909, 0, 702, 1897, 598, 1189, 748, 675, 1691, 1152, 755, 4, 1416, 830, 439, 1222, 1340, 692, 1003, 34, 356, 170, 1761, 1657, 1578, 401, 795, 1507, 997, 644, 1166, 447, 518, 563, 336, 1820, 343, 597, 844, 1058, 497, 311, 1463, 754, 1218, 1191, 1148, 1612, 1022, 1344, 1776, 942, 906, 1409, 1098, 130, 1418, 1830, 190, 1303, 1749, 607, 825, 92, 677, 628, 326, 715, 949, 27, 1537, 1025, 1439, 1277, 396, 1270, 53, 558, 584, 616, 630, 1533, 532, 1113, 612, 1080, 173, 1090, 838, 17, 897, 1306, 1311, 1131, 388, 1118, 1528, 1426, 1257, 1460, 1714, 1407, 144, 1734, 258, 1731, 526, 367, 1834, 126, 1104, 638, 791, 265, 223, 461, 1457, 139, 456, 1905, 1663, 1412, 1568, 1763, 883, 1661, 1678, 493, 1606, 1813, 541, 1757, 276, 296, 1673, 222, 1707, 183, 257, 615, 1478, 742, 376, 810, 661, 365, 156, 1298, 1701, 1653, 202, 1334, 1197, 1482, 106, 323, 1448, 1558, 1179, 1854, 902, 1049, 297, 216, 1268, 277, 1336, 1393, 65, 1456, 1052, 5, 1735, 1495, 1175, 988, 117, 721, 1788, 315, 1819, 1305, 1794, 520, 543, 1214, 917, 731, 1091, 1147, 1070, 68, 892, 1486, 464, 783, 115, 1883, 1372, 752, 383, 1122, 582, 1039, 1213, 574, 1594, 1870, 1111, 1792, 706, 1674, 233, 1607, 691, 1417, 1071, 711, 1538, 252, 741, 1396, 1211, 1429, 1906, 513, 799, 1384, 1138, 1688, 1681, 1045, 961, 743, 1824, 619, 766, 1727, 147, 827, 1117, 1547, 1892, 39, 82, 1546, 963, 178, 658, 1592, 425, 484, 415, 1204, 1331, 1207, 561, 912, 451, 1548, 1494, 1210, 1676, 685, 1291, 793, 632, 1018], [1054, 207, 1715, 1233, 514, 238, 1377, 1677, 878, 1624, 1145, 1009, 469, 962, 1194, 93, 1556, 1851, 1569, 1089, 745, 423, 23, 821, 29, 1401, 789, 1791, 788, 1079, 1347, 503, 1199, 753, 848, 1294, 801, 682, 955, 112, 1188, 402, 1878, 1817, 1288, 1821, 1245, 1302, 1007, 1705, 271, 510, 1510, 327, 1127, 486, 1555, 1004, 1589, 1511, 1700, 1373, 1668, 341, 1489, 1790, 1492, 321, 659, 578, 303, 118, 960, 453, 160, 683, 1832, 434, 701, 928, 480, 1446, 1552, 704, 94, 1317, 1410, 394, 186, 771, 859, 1395, 1646, 1570, 1353, 714, 1297, 360, 1153, 1185, 1766, 1471, 1013, 1356, 1437, 78, 63, 1618, 537, 482, 3, 450, 1339, 490, 857, 251, 898, 916, 546, 1809, 1689, 1078, 1069, 1, 1035, 1534, 1158, 203, 1837, 1095, 1235, 295, 933, 1474, 1559, 240, 105, 419, 1751, 1061, 1896, 1162, 1508, 1195, 237, 509, 1875, 6, 1564, 1698, 1907, 20, 1023, 1157, 1724, 132, 1912, 108, 1839, 734, 413, 316, 1249, 1880, 430, 915, 952, 813, 1532, 1116, 1859, 137, 1703, 141, 1785, 1582, 643, 119, 12, 968, 1193, 408, 214, 601, 967, 803, 1551, 363, 424, 958, 1826, 196]]
Resuming from epoch 65: /Users/suraj/Downloads/outputs/wall_single/checkpoints/model_latest.pth
num_action_repeat: 1
num_proprio_repeat: 1
proprio encoder: ProprioceptiveEmbedding(
  (patch_embed): Conv1d(2, 10, kernel_size=(1,), stride=(1,))
)
action encoder: ProprioceptiveEmbedding(
  (patch_embed): Conv1d(10, 10, kernel_size=(1,), stride=(1,))
)
proprio_dim: 10, after repeat: 10
action_dim: 10, after repeat: 10
emb_dim: 404
Model emb_dim:  404
eval_seed:  [21, 22, 23, 24, 25, 26, 27, 28, 29, 30]
Dumped plan targets to /Users/suraj/Desktop/EAI_DINO/results/wall_transition/transition_run_v2/uniform_int8/budget_bA/seed_2/plan_targets.pkl
Success rate:  0.0
{'success': array([False, False, False, False, False, False, False, False, False,
       False]), 'state_dist': array([33.29879315, 26.58471831, 29.86991183, 30.62867693, 12.42285102,
       22.36060597, 23.85378851, 18.49923378, 21.06557783, 25.61027385])}
Success rate:  0.0
{'success': array([False, False, False, False, False, False, False, False, False,
       False]), 'state_dist': array([29.95387369, 25.71480786, 16.15640295, 15.0741854 , 13.58372771,
       20.96709951, 21.63857877,  9.41535771, 16.82164652,  4.73307372])}
MPC iter 0 Eval ------- 
Success rate:  0.0
{'success': array([False, False, False, False, False, False, False, False, False,
       False]), 'state_dist': array([29.95387369, 25.71480786, 16.15640295, 15.0741854 , 13.58372771,
       20.96709951, 21.63857877,  9.41535771, 16.82164652,  4.73307372])}
self.is_success:  [False False False False False False False False False False]
Success rate:  0.4
{'success': array([False, False,  True,  True, False, False, False,  True, False,
        True]), 'state_dist': array([28.43860436, 10.59346976,  2.67262077,  4.31233352, 12.66588462,
       19.48461603, 21.72533352,  2.23512158, 14.14512065,  2.27761192])}
Success rate:  0.5
{'success': array([False,  True,  True,  True, False, False, False,  True, False,
        True]), 'state_dist': array([28.10763095,  1.21477248,  2.2907458 ,  3.1591957 , 12.75927327,
       19.97670622, 21.64485905,  2.58428487,  5.11640577,  1.10220667])}
MPC iter 1 Eval ------- 
Success rate:  0.5
{'success': array([False,  True,  True,  True, False, False, False,  True, False,
        True]), 'state_dist': array([28.10763095,  1.21477248,  2.2907458 ,  3.1591957 , 12.75927327,
       19.97670622, 21.64485905,  2.58428487,  5.11640577,  1.10220667])}
self.is_success:  [False  True  True  True False False False  True False  True]
Success rate:  0.5
{'success': array([False,  True,  True,  True, False, False, False,  True, False,
        True]), 'state_dist': array([28.10763095,  1.21477248,  2.2907458 ,  3.1591957 , 12.75927327,
       19.97670622, 21.64485905,  2.58428487,  5.11640577,  1.10220667])}
[ok] variant=uniform_int8 budget=bA opt_steps=2 seed=2 success=0.5000
Planning device: mps
Loading wall dataset...
Loaded 1920 rollouts
Using cache found in /Users/suraj/.cache/torch/hub/facebookresearch_dinov2_main
[[102, 33, 1056, 1591, 354, 245, 790, 1323, 142, 1745, 1588, 1473, 38, 1192, 735, 832, 547, 1186, 843, 660, 869, 83, 695, 1629, 179, 1658, 157, 1758, 1747, 250, 312, 1361, 1163, 1798, 275, 1099, 1787, 964, 1066, 609, 1666, 774, 181, 1502, 407, 668, 593, 1623, 1101, 565, 1350, 1572, 1094, 512, 148, 809, 263, 1853, 908, 927, 626, 569, 1730, 757, 1574, 1866, 1107, 1706, 391, 1255, 947, 828, 1720, 1057, 19, 1364, 1575, 1914, 1562, 1909, 534, 973, 538, 1017, 646, 285, 309, 1884, 1059, 552, 697, 1702, 145, 819, 649, 665, 169, 1051, 171, 1529, 1470, 291, 1371, 1240, 1641, 1746, 1443, 1307, 1801, 369, 1365, 525, 167, 1121, 1430, 874, 528, 1459, 1617, 770, 359, 923, 507, 884, 1616, 1314, 1149, 1379, 891, 1442, 1047, 1887, 248, 1767, 1620, 283, 392, 1290, 1650, 242, 1399, 807, 159, 204, 775, 1827, 500, 1352, 700, 1265, 1102, 149, 1440, 1258, 1738, 347, 690, 468, 1726, 1234, 1126, 868, 1501, 621, 585, 1523, 121, 1108, 846, 1167, 1405, 114, 474, 1406, 195, 1144, 586, 384, 1680, 298, 308, 529, 901, 475, 992, 1811, 1655, 914, 1598, 560, 1452, 385, 1032, 1895, 756, 1893, 485, 1293, 1876, 378, 206, 61, 1762, 1335, 1779, 1062, 111, 550, 1357, 284, 1074, 880, 592, 712, 1454, 1660, 1067, 946, 1011, 193, 1838, 1072, 1065, 1267, 1217, 591, 678, 792, 180, 1313, 69, 84, 1603, 1775, 201, 1415, 457, 1359, 400, 1759, 1081, 554, 471, 1841, 446, 1670, 688, 140, 1600, 871, 1093, 460, 1831, 818, 940, 1128, 614, 1000, 987, 1048, 72, 465, 804, 1804, 826, 1006, 1129, 270, 954, 86, 107, 1744, 751, 1143, 1554, 1750, 556, 1692, 664, 943, 907, 1713, 881, 1793, 849, 972, 264, 1431, 1040, 1391, 680, 1864, 724, 1549, 455, 600, 389, 1301, 1262, 1073, 1216, 613, 314, 15, 657, 896, 549, 575, 719, 545, 937, 1585, 165, 1252, 338, 970, 1366, 1247, 1024, 14, 855, 212, 887, 977, 1225, 776, 10, 1903, 1423, 596, 726, 431, 959, 1159, 1033, 1458, 1196, 1526, 317, 1358, 454, 1647, 976, 773, 1786, 1462, 488, 41, 571, 1464, 599, 979, 864, 18, 306, 1299, 797, 332, 1424, 1286, 66, 51, 1230, 1527, 1042, 762, 219, 487, 1026, 1282, 1285, 1503, 1597, 1573, 758, 999, 30, 1215, 1315, 1227, 387, 1867, 1421, 220, 932, 1829, 26, 1822, 290, 1088, 1902, 429, 463, 197, 1156, 1539, 1491, 1027, 1901, 733, 1879, 833, 278, 1251, 1899, 1642, 73, 272, 1019, 1084, 1346, 1803, 845, 568, 286, 76, 956, 1237, 48, 939, 1601, 481, 1187, 176, 1231, 1545, 1664, 1244, 87, 47, 194, 1586, 1316, 1125, 1649, 1077, 995, 1665, 1428, 1219, 1712, 1038, 542, 998, 70, 929, 1648, 476, 886, 1134, 1733, 854, 853, 1283, 1432, 1723, 1269, 281, 1174, 110, 1685, 1868, 777, 1522, 353, 798, 1773, 409, 768, 1273, 1490, 221, 1154, 1499, 71, 1637, 720, 1850, 1198, 1755, 1915, 716, 1900, 1835, 672, 319, 1536, 226, 1472, 1602, 969, 492, 428, 895, 814, 1133, 62, 656, 1722, 1621, 1142, 1087, 524, 1590, 1030, 650, 1451, 1913, 1259, 1917, 544, 377, 862, 1202, 1177, 1274, 1123, 617, 605, 1106, 1855, 422, 1769, 362, 1721, 1329, 1206, 1506, 135, 1320, 217, 120, 1120, 1836, 710, 717, 1799, 1557, 722, 1694, 405, 375, 1034, 260, 1496, 411, 1672, 28, 637, 373, 1808, 134, 1012, 536, 1752, 983, 1135, 1576, 483, 13, 404, 841, 1172, 1041, 1843, 161, 847, 1369, 1910, 1782, 1671, 1376, 1856, 498, 806, 635, 1212, 438, 835, 1849, 1109, 1349, 1043, 2, 466, 610, 1165, 885, 951, 344, 300, 1807, 1908, 287, 1877, 705, 1872, 1581, 985, 328, 708, 730, 350, 307, 146, 840, 1180, 494, 16, 555, 1368, 1780, 779, 1771, 1203, 1754, 744, 863, 1684, 639, 1919, 738, 938, 1053, 618, 91, 1886, 1028, 472, 1050, 138, 131, 89, 416, 991, 1254, 467, 227, 1765, 1634, 1789, 1622, 1205, 1874, 839, 1151, 654, 1182, 815, 470, 670, 150, 718, 352, 1579, 879, 443, 1690, 32, 435, 1383, 501, 882, 1085, 1176, 1382, 1171, 686, 1140, 1105, 800, 1516, 1485, 516, 1475, 1434, 1911, 889, 239, 652, 1535, 1639, 335, 1325, 1784, 765, 663, 1224, 448, 1815, 739, 1812, 1076, 747, 1467, 732, 1654, 1828, 502, 1319, 1425, 1160, 1468, 368, 1732, 1248, 143, 808, 674, 713, 129, 1599, 288, 1005, 1643, 1729, 1918, 1064, 279, 1741, 406, 867, 729, 604, 1220, 750, 304, 936, 215, 1626, 1778, 1031, 1756, 305, 1699, 412, 1387, 1640, 210, 188, 253, 645, 1279, 349, 1898, 262, 1082, 213, 255, 1514, 1375, 576, 698, 986, 1119, 508, 1753, 104, 1296, 1380, 128, 163, 693, 1524, 924, 842, 812, 1348, 199, 1386, 1628, 1435, 1772, 817, 931, 334, 1360, 390, 1413, 1783, 944, 905, 1271, 1132, 1857, 35, 340, 1461, 506, 1150, 1455, 594, 1020, 1178, 1770, 1389, 1276, 1355, 1228, 990, 1480, 1100, 1326, 282, 1321, 852, 200, 1146, 1253, 49, 1682, 1221, 1840, 1525, 1037, 1170, 1800, 648, 1243, 266, 926, 782, 1667, 984, 570, 1289, 1860, 893, 1630, 479, 339, 246, 866, 1631, 211, 684, 60, 125, 1513, 836, 43, 1450, 515, 1256, 244, 1063, 1693, 913, 966, 54, 432, 1869, 254, 1916, 577, 1096, 540, 1075, 1261, 1871, 1587, 381, 634, 205, 269, 489, 1890, 37, 746, 386, 551, 1414, 953, 1403, 709, 622, 1497, 1561, 1324, 158, 624, 426, 1466, 44, 267, 994, 318, 1398, 397, 95, 786, 81, 1332, 837, 289, 865, 965, 67, 1696, 816, 1044, 820, 229, 1400, 1362, 491, 1139, 1873, 1338, 559, 1016, 1021, 1436, 1002, 1797, 40, 224, 1615, 1385, 941, 1308, 978, 794, 231, 834, 1675, 1736, 31, 1181, 562, 831, 1272, 767, 372, 1825, 1669, 760, 380, 1343, 42, 1351, 1337, 1441, 268, 1644, 1015, 52, 1469, 1861, 1481, 22, 1605, 361, 1381, 410, 1333, 975, 1046, 1595, 348, 1768, 366, 1281, 772, 974, 495, 358, 590, 187, 631, 1695, 687, 1328, 572, 588, 1805, 620, 1577, 1449, 1433, 1659, 320, 418, 346, 602, 573, 1709, 1300, 113, 427, 1891, 1341, 236, 1001, 370, 723, 1092, 1560, 379, 662, 79, 850, 1704, 824, 627, 436, 666, 1103, 653, 945, 1370, 1232, 587, 234, 103, 1858, 934, 1420, 123, 1818, 1310, 499, 1739, 1493, 1847, 1553, 740, 124, 1260, 1378, 1842, 1777, 1816, 1543, 749, 608, 1563, 996, 25, 101, 90, 459, 337, 122, 580, 829, 533, 292, 452, 1614, 1183, 1322, 1278, 521, 1136, 1190, 96, 259, 1645, 1008, 1888, 342, 445, 1504, 162, 382, 1894, 784, 1404, 1531, 1312, 444, 1097, 1447, 1280, 872, 168, 50, 1687, 1593, 1610, 98, 1242, 769, 642, 1309, 888, 433, 302, 1263, 1169, 1656, 1295, 243, 921, 1438, 1161, 877, 640, 1541, 24, 703, 980, 1173, 935, 1519, 440, 1512, 1137, 822, 1014, 310, 511, 583, 1518, 458, 274, 109, 856, 522, 11, 462, 1236, 232, 633, 1567, 1241, 989, 1725, 280, 875, 1083, 1833, 324, 1566, 249, 172, 696, 1505, 1010, 1477, 1327, 910, 861, 88, 99, 357, 437, 80, 1292, 764, 175, 395, 1716, 699, 1483, 1717, 673, 623, 1697, 1479, 1060, 1651, 553, 981, 218, 1110, 185, 77, 900, 371, 904, 1390, 21, 1882, 595, 1718, 1476, 152, 420, 918, 192, 1679, 1484, 1863, 787, 567, 851, 441, 530, 517, 1419, 1388, 329, 301, 1330, 876, 478, 1530, 676, 1844, 403, 74, 647, 728, 230, 519, 256, 737, 235, 1796, 182, 858, 504, 1287, 1124, 1229, 294, 625, 894, 759, 1544, 330, 1711, 505, 903, 1055, 1238, 1397, 1686, 136, 1275, 1580, 1584, 59, 1112, 1636, 166, 655, 1520, 1540, 374, 496, 414, 1226, 154, 860, 531, 1465, 1345, 1662, 1284, 669, 1627, 1408, 36, 191, 1748, 7, 1498, 802, 325, 957, 208, 228, 1201, 950, 1318, 155, 948, 133, 920, 442, 225, 611, 1633, 796, 667, 1652, 1304, 1609, 1611, 527, 1427, 1354, 689, 930, 870, 925, 56, 1402, 100, 189, 1068, 1737, 322, 523, 247, 971, 1445, 55, 579, 1374, 1571, 1521, 890, 785, 58, 671, 1608, 1168, 1742, 899, 299, 778, 1542, 761, 566, 46, 1708, 1719, 351, 1392, 651, 1764, 811, 449, 922, 261, 1036, 694, 127, 1114, 707, 1487, 1852, 1802, 873, 174, 1865, 1710, 763, 164, 1632, 345, 539, 1141, 805, 919, 911, 184, 548, 1422, 1625, 1155, 399, 1795, 1845, 1889, 1565, 45, 603, 1444, 1517, 1823, 1246, 477, 64, 1164, 1411, 781, 8, 1635, 1583, 1200, 241, 151, 177, 333, 629, 1453, 293, 1760, 636, 1239, 1115, 727, 273, 1394, 1266, 1184, 1619, 1743, 313, 1904, 982, 1367, 153, 564, 1806, 331, 1862, 1848, 606, 1264, 57, 97, 1774, 1814, 1086, 1029, 393, 1488, 85, 1509, 1550, 725, 1638, 1846, 1342, 1728, 993, 421, 1781, 681, 473, 1604, 364, 1613, 679, 780, 1885, 581, 1130, 116, 823, 355, 736, 75, 398, 557, 1740, 1515, 1596, 1250, 641, 1683, 198, 1363, 589, 1223, 1209, 417, 209, 1810, 9, 535, 1500, 1881, 1208, 909, 0, 702, 1897, 598, 1189, 748, 675, 1691, 1152, 755, 4, 1416, 830, 439, 1222, 1340, 692, 1003, 34, 356, 170, 1761, 1657, 1578, 401, 795, 1507, 997, 644, 1166, 447, 518, 563, 336, 1820, 343, 597, 844, 1058, 497, 311, 1463, 754, 1218, 1191, 1148, 1612, 1022, 1344, 1776, 942, 906, 1409, 1098, 130, 1418, 1830, 190, 1303, 1749, 607, 825, 92, 677, 628, 326, 715, 949, 27, 1537, 1025, 1439, 1277, 396, 1270, 53, 558, 584, 616, 630, 1533, 532, 1113, 612, 1080, 173, 1090, 838, 17, 897, 1306, 1311, 1131, 388, 1118, 1528, 1426, 1257, 1460, 1714, 1407, 144, 1734, 258, 1731, 526, 367, 1834, 126, 1104, 638, 791, 265, 223, 461, 1457, 139, 456, 1905, 1663, 1412, 1568, 1763, 883, 1661, 1678, 493, 1606, 1813, 541, 1757, 276, 296, 1673, 222, 1707, 183, 257, 615, 1478, 742, 376, 810, 661, 365, 156, 1298, 1701, 1653, 202, 1334, 1197, 1482, 106, 323, 1448, 1558, 1179, 1854, 902, 1049, 297, 216, 1268, 277, 1336, 1393, 65, 1456, 1052, 5, 1735, 1495, 1175, 988, 117, 721, 1788, 315, 1819, 1305, 1794, 520, 543, 1214, 917, 731, 1091, 1147, 1070, 68, 892, 1486, 464, 783, 115, 1883, 1372, 752, 383, 1122, 582, 1039, 1213, 574, 1594, 1870, 1111, 1792, 706, 1674, 233, 1607, 691, 1417, 1071, 711, 1538, 252, 741, 1396, 1211, 1429, 1906, 513, 799, 1384, 1138, 1688, 1681, 1045, 961, 743, 1824, 619, 766, 1727, 147, 827, 1117, 1547, 1892, 39, 82, 1546, 963, 178, 658, 1592, 425, 484, 415, 1204, 1331, 1207, 561, 912, 451, 1548, 1494, 1210, 1676, 685, 1291, 793, 632, 1018], [1054, 207, 1715, 1233, 514, 238, 1377, 1677, 878, 1624, 1145, 1009, 469, 962, 1194, 93, 1556, 1851, 1569, 1089, 745, 423, 23, 821, 29, 1401, 789, 1791, 788, 1079, 1347, 503, 1199, 753, 848, 1294, 801, 682, 955, 112, 1188, 402, 1878, 1817, 1288, 1821, 1245, 1302, 1007, 1705, 271, 510, 1510, 327, 1127, 486, 1555, 1004, 1589, 1511, 1700, 1373, 1668, 341, 1489, 1790, 1492, 321, 659, 578, 303, 118, 960, 453, 160, 683, 1832, 434, 701, 928, 480, 1446, 1552, 704, 94, 1317, 1410, 394, 186, 771, 859, 1395, 1646, 1570, 1353, 714, 1297, 360, 1153, 1185, 1766, 1471, 1013, 1356, 1437, 78, 63, 1618, 537, 482, 3, 450, 1339, 490, 857, 251, 898, 916, 546, 1809, 1689, 1078, 1069, 1, 1035, 1534, 1158, 203, 1837, 1095, 1235, 295, 933, 1474, 1559, 240, 105, 419, 1751, 1061, 1896, 1162, 1508, 1195, 237, 509, 1875, 6, 1564, 1698, 1907, 20, 1023, 1157, 1724, 132, 1912, 108, 1839, 734, 413, 316, 1249, 1880, 430, 915, 952, 813, 1532, 1116, 1859, 137, 1703, 141, 1785, 1582, 643, 119, 12, 968, 1193, 408, 214, 601, 967, 803, 1551, 363, 424, 958, 1826, 196]]
Resuming from epoch 65: /Users/suraj/Downloads/outputs/wall_single/checkpoints/model_latest.pth
num_action_repeat: 1
num_proprio_repeat: 1
proprio encoder: ProprioceptiveEmbedding(
  (patch_embed): Conv1d(2, 10, kernel_size=(1,), stride=(1,))
)
action encoder: ProprioceptiveEmbedding(
  (patch_embed): Conv1d(10, 10, kernel_size=(1,), stride=(1,))
)
proprio_dim: 10, after repeat: 10
action_dim: 10, after repeat: 10
emb_dim: 404
Model emb_dim:  404
eval_seed:  [31, 32, 33, 34, 35, 36, 37, 38, 39, 40]
Dumped plan targets to /Users/suraj/Desktop/EAI_DINO/results/wall_transition/transition_run_v2/uniform_int8/budget_bA/seed_3/plan_targets.pkl
Success rate:  0.0
{'success': array([False, False, False, False, False, False, False, False, False,
       False]), 'state_dist': array([26.67736243, 17.44014724, 18.69950586, 34.54733844, 15.97626162,
       35.26576495, 17.02727873, 26.6322499 , 33.15194038, 27.18265903])}
Success rate:  0.1
{'success': array([False, False, False, False, False, False,  True, False, False,
       False]), 'state_dist': array([23.85460813, 11.87625373,  4.54696598, 22.5291378 ,  5.91189503,
       20.44580989,  1.41107508, 26.47285392, 17.310458  , 15.53032991])}
MPC iter 0 Eval ------- 
Success rate:  0.1
{'success': array([False, False, False, False, False, False,  True, False, False,
       False]), 'state_dist': array([23.85460813, 11.87625373,  4.54696598, 22.5291378 ,  5.91189503,
       20.44580989,  1.41107508, 26.47285392, 17.310458  , 15.53032991])}
self.is_success:  [False False False False False False  True False False False]
Success rate:  0.4
{'success': array([False, False,  True, False,  True, False,  True, False,  True,
       False]), 'state_dist': array([23.2659884 ,  5.31995987,  1.72478058,  7.04567992,  2.38840333,
        5.41303177,  1.04181593, 27.57638777,  2.43373482,  4.51940096])}
Success rate:  0.6
{'success': array([False, False,  True,  True,  True,  True,  True, False, False,
        True]), 'state_dist': array([23.61795366,  5.20802659,  1.95497247,  3.60779577,  1.98108028,
        1.92210835,  1.71469363, 26.66776236,  4.95282245,  0.3942743 ])}
MPC iter 1 Eval ------- 
Success rate:  0.6
{'success': array([False, False,  True,  True,  True,  True,  True, False, False,
        True]), 'state_dist': array([23.61795366,  5.20802659,  1.95497247,  3.60779577,  1.98108028,
        1.92210835,  1.41107508, 26.66776236,  4.95282245,  0.3942743 ])}
self.is_success:  [False False  True  True  True  True  True False False  True]
Success rate:  0.6
{'success': array([False, False,  True,  True,  True,  True,  True, False, False,
        True]), 'state_dist': array([23.61795366,  5.20802659,  1.95497247,  3.60779577,  1.98108028,
        1.92210835,  1.41107508, 26.66776236,  4.95282245,  0.3942743 ])}
[ok] variant=uniform_int8 budget=bA opt_steps=2 seed=3 success=0.6000
Planning device: mps
Loading wall dataset...
Loaded 1920 rollouts
Using cache found in /Users/suraj/.cache/torch/hub/facebookresearch_dinov2_main
[[102, 33, 1056, 1591, 354, 245, 790, 1323, 142, 1745, 1588, 1473, 38, 1192, 735, 832, 547, 1186, 843, 660, 869, 83, 695, 1629, 179, 1658, 157, 1758, 1747, 250, 312, 1361, 1163, 1798, 275, 1099, 1787, 964, 1066, 609, 1666, 774, 181, 1502, 407, 668, 593, 1623, 1101, 565, 1350, 1572, 1094, 512, 148, 809, 263, 1853, 908, 927, 626, 569, 1730, 757, 1574, 1866, 1107, 1706, 391, 1255, 947, 828, 1720, 1057, 19, 1364, 1575, 1914, 1562, 1909, 534, 973, 538, 1017, 646, 285, 309, 1884, 1059, 552, 697, 1702, 145, 819, 649, 665, 169, 1051, 171, 1529, 1470, 291, 1371, 1240, 1641, 1746, 1443, 1307, 1801, 369, 1365, 525, 167, 1121, 1430, 874, 528, 1459, 1617, 770, 359, 923, 507, 884, 1616, 1314, 1149, 1379, 891, 1442, 1047, 1887, 248, 1767, 1620, 283, 392, 1290, 1650, 242, 1399, 807, 159, 204, 775, 1827, 500, 1352, 700, 1265, 1102, 149, 1440, 1258, 1738, 347, 690, 468, 1726, 1234, 1126, 868, 1501, 621, 585, 1523, 121, 1108, 846, 1167, 1405, 114, 474, 1406, 195, 1144, 586, 384, 1680, 298, 308, 529, 901, 475, 992, 1811, 1655, 914, 1598, 560, 1452, 385, 1032, 1895, 756, 1893, 485, 1293, 1876, 378, 206, 61, 1762, 1335, 1779, 1062, 111, 550, 1357, 284, 1074, 880, 592, 712, 1454, 1660, 1067, 946, 1011, 193, 1838, 1072, 1065, 1267, 1217, 591, 678, 792, 180, 1313, 69, 84, 1603, 1775, 201, 1415, 457, 1359, 400, 1759, 1081, 554, 471, 1841, 446, 1670, 688, 140, 1600, 871, 1093, 460, 1831, 818, 940, 1128, 614, 1000, 987, 1048, 72, 465, 804, 1804, 826, 1006, 1129, 270, 954, 86, 107, 1744, 751, 1143, 1554, 1750, 556, 1692, 664, 943, 907, 1713, 881, 1793, 849, 972, 264, 1431, 1040, 1391, 680, 1864, 724, 1549, 455, 600, 389, 1301, 1262, 1073, 1216, 613, 314, 15, 657, 896, 549, 575, 719, 545, 937, 1585, 165, 1252, 338, 970, 1366, 1247, 1024, 14, 855, 212, 887, 977, 1225, 776, 10, 1903, 1423, 596, 726, 431, 959, 1159, 1033, 1458, 1196, 1526, 317, 1358, 454, 1647, 976, 773, 1786, 1462, 488, 41, 571, 1464, 599, 979, 864, 18, 306, 1299, 797, 332, 1424, 1286, 66, 51, 1230, 1527, 1042, 762, 219, 487, 1026, 1282, 1285, 1503, 1597, 1573, 758, 999, 30, 1215, 1315, 1227, 387, 1867, 1421, 220, 932, 1829, 26, 1822, 290, 1088, 1902, 429, 463, 197, 1156, 1539, 1491, 1027, 1901, 733, 1879, 833, 278, 1251, 1899, 1642, 73, 272, 1019, 1084, 1346, 1803, 845, 568, 286, 76, 956, 1237, 48, 939, 1601, 481, 1187, 176, 1231, 1545, 1664, 1244, 87, 47, 194, 1586, 1316, 1125, 1649, 1077, 995, 1665, 1428, 1219, 1712, 1038, 542, 998, 70, 929, 1648, 476, 886, 1134, 1733, 854, 853, 1283, 1432, 1723, 1269, 281, 1174, 110, 1685, 1868, 777, 1522, 353, 798, 1773, 409, 768, 1273, 1490, 221, 1154, 1499, 71, 1637, 720, 1850, 1198, 1755, 1915, 716, 1900, 1835, 672, 319, 1536, 226, 1472, 1602, 969, 492, 428, 895, 814, 1133, 62, 656, 1722, 1621, 1142, 1087, 524, 1590, 1030, 650, 1451, 1913, 1259, 1917, 544, 377, 862, 1202, 1177, 1274, 1123, 617, 605, 1106, 1855, 422, 1769, 362, 1721, 1329, 1206, 1506, 135, 1320, 217, 120, 1120, 1836, 710, 717, 1799, 1557, 722, 1694, 405, 375, 1034, 260, 1496, 411, 1672, 28, 637, 373, 1808, 134, 1012, 536, 1752, 983, 1135, 1576, 483, 13, 404, 841, 1172, 1041, 1843, 161, 847, 1369, 1910, 1782, 1671, 1376, 1856, 498, 806, 635, 1212, 438, 835, 1849, 1109, 1349, 1043, 2, 466, 610, 1165, 885, 951, 344, 300, 1807, 1908, 287, 1877, 705, 1872, 1581, 985, 328, 708, 730, 350, 307, 146, 840, 1180, 494, 16, 555, 1368, 1780, 779, 1771, 1203, 1754, 744, 863, 1684, 639, 1919, 738, 938, 1053, 618, 91, 1886, 1028, 472, 1050, 138, 131, 89, 416, 991, 1254, 467, 227, 1765, 1634, 1789, 1622, 1205, 1874, 839, 1151, 654, 1182, 815, 470, 670, 150, 718, 352, 1579, 879, 443, 1690, 32, 435, 1383, 501, 882, 1085, 1176, 1382, 1171, 686, 1140, 1105, 800, 1516, 1485, 516, 1475, 1434, 1911, 889, 239, 652, 1535, 1639, 335, 1325, 1784, 765, 663, 1224, 448, 1815, 739, 1812, 1076, 747, 1467, 732, 1654, 1828, 502, 1319, 1425, 1160, 1468, 368, 1732, 1248, 143, 808, 674, 713, 129, 1599, 288, 1005, 1643, 1729, 1918, 1064, 279, 1741, 406, 867, 729, 604, 1220, 750, 304, 936, 215, 1626, 1778, 1031, 1756, 305, 1699, 412, 1387, 1640, 210, 188, 253, 645, 1279, 349, 1898, 262, 1082, 213, 255, 1514, 1375, 576, 698, 986, 1119, 508, 1753, 104, 1296, 1380, 128, 163, 693, 1524, 924, 842, 812, 1348, 199, 1386, 1628, 1435, 1772, 817, 931, 334, 1360, 390, 1413, 1783, 944, 905, 1271, 1132, 1857, 35, 340, 1461, 506, 1150, 1455, 594, 1020, 1178, 1770, 1389, 1276, 1355, 1228, 990, 1480, 1100, 1326, 282, 1321, 852, 200, 1146, 1253, 49, 1682, 1221, 1840, 1525, 1037, 1170, 1800, 648, 1243, 266, 926, 782, 1667, 984, 570, 1289, 1860, 893, 1630, 479, 339, 246, 866, 1631, 211, 684, 60, 125, 1513, 836, 43, 1450, 515, 1256, 244, 1063, 1693, 913, 966, 54, 432, 1869, 254, 1916, 577, 1096, 540, 1075, 1261, 1871, 1587, 381, 634, 205, 269, 489, 1890, 37, 746, 386, 551, 1414, 953, 1403, 709, 622, 1497, 1561, 1324, 158, 624, 426, 1466, 44, 267, 994, 318, 1398, 397, 95, 786, 81, 1332, 837, 289, 865, 965, 67, 1696, 816, 1044, 820, 229, 1400, 1362, 491, 1139, 1873, 1338, 559, 1016, 1021, 1436, 1002, 1797, 40, 224, 1615, 1385, 941, 1308, 978, 794, 231, 834, 1675, 1736, 31, 1181, 562, 831, 1272, 767, 372, 1825, 1669, 760, 380, 1343, 42, 1351, 1337, 1441, 268, 1644, 1015, 52, 1469, 1861, 1481, 22, 1605, 361, 1381, 410, 1333, 975, 1046, 1595, 348, 1768, 366, 1281, 772, 974, 495, 358, 590, 187, 631, 1695, 687, 1328, 572, 588, 1805, 620, 1577, 1449, 1433, 1659, 320, 418, 346, 602, 573, 1709, 1300, 113, 427, 1891, 1341, 236, 1001, 370, 723, 1092, 1560, 379, 662, 79, 850, 1704, 824, 627, 436, 666, 1103, 653, 945, 1370, 1232, 587, 234, 103, 1858, 934, 1420, 123, 1818, 1310, 499, 1739, 1493, 1847, 1553, 740, 124, 1260, 1378, 1842, 1777, 1816, 1543, 749, 608, 1563, 996, 25, 101, 90, 459, 337, 122, 580, 829, 533, 292, 452, 1614, 1183, 1322, 1278, 521, 1136, 1190, 96, 259, 1645, 1008, 1888, 342, 445, 1504, 162, 382, 1894, 784, 1404, 1531, 1312, 444, 1097, 1447, 1280, 872, 168, 50, 1687, 1593, 1610, 98, 1242, 769, 642, 1309, 888, 433, 302, 1263, 1169, 1656, 1295, 243, 921, 1438, 1161, 877, 640, 1541, 24, 703, 980, 1173, 935, 1519, 440, 1512, 1137, 822, 1014, 310, 511, 583, 1518, 458, 274, 109, 856, 522, 11, 462, 1236, 232, 633, 1567, 1241, 989, 1725, 280, 875, 1083, 1833, 324, 1566, 249, 172, 696, 1505, 1010, 1477, 1327, 910, 861, 88, 99, 357, 437, 80, 1292, 764, 175, 395, 1716, 699, 1483, 1717, 673, 623, 1697, 1479, 1060, 1651, 553, 981, 218, 1110, 185, 77, 900, 371, 904, 1390, 21, 1882, 595, 1718, 1476, 152, 420, 918, 192, 1679, 1484, 1863, 787, 567, 851, 441, 530, 517, 1419, 1388, 329, 301, 1330, 876, 478, 1530, 676, 1844, 403, 74, 647, 728, 230, 519, 256, 737, 235, 1796, 182, 858, 504, 1287, 1124, 1229, 294, 625, 894, 759, 1544, 330, 1711, 505, 903, 1055, 1238, 1397, 1686, 136, 1275, 1580, 1584, 59, 1112, 1636, 166, 655, 1520, 1540, 374, 496, 414, 1226, 154, 860, 531, 1465, 1345, 1662, 1284, 669, 1627, 1408, 36, 191, 1748, 7, 1498, 802, 325, 957, 208, 228, 1201, 950, 1318, 155, 948, 133, 920, 442, 225, 611, 1633, 796, 667, 1652, 1304, 1609, 1611, 527, 1427, 1354, 689, 930, 870, 925, 56, 1402, 100, 189, 1068, 1737, 322, 523, 247, 971, 1445, 55, 579, 1374, 1571, 1521, 890, 785, 58, 671, 1608, 1168, 1742, 899, 299, 778, 1542, 761, 566, 46, 1708, 1719, 351, 1392, 651, 1764, 811, 449, 922, 261, 1036, 694, 127, 1114, 707, 1487, 1852, 1802, 873, 174, 1865, 1710, 763, 164, 1632, 345, 539, 1141, 805, 919, 911, 184, 548, 1422, 1625, 1155, 399, 1795, 1845, 1889, 1565, 45, 603, 1444, 1517, 1823, 1246, 477, 64, 1164, 1411, 781, 8, 1635, 1583, 1200, 241, 151, 177, 333, 629, 1453, 293, 1760, 636, 1239, 1115, 727, 273, 1394, 1266, 1184, 1619, 1743, 313, 1904, 982, 1367, 153, 564, 1806, 331, 1862, 1848, 606, 1264, 57, 97, 1774, 1814, 1086, 1029, 393, 1488, 85, 1509, 1550, 725, 1638, 1846, 1342, 1728, 993, 421, 1781, 681, 473, 1604, 364, 1613, 679, 780, 1885, 581, 1130, 116, 823, 355, 736, 75, 398, 557, 1740, 1515, 1596, 1250, 641, 1683, 198, 1363, 589, 1223, 1209, 417, 209, 1810, 9, 535, 1500, 1881, 1208, 909, 0, 702, 1897, 598, 1189, 748, 675, 1691, 1152, 755, 4, 1416, 830, 439, 1222, 1340, 692, 1003, 34, 356, 170, 1761, 1657, 1578, 401, 795, 1507, 997, 644, 1166, 447, 518, 563, 336, 1820, 343, 597, 844, 1058, 497, 311, 1463, 754, 1218, 1191, 1148, 1612, 1022, 1344, 1776, 942, 906, 1409, 1098, 130, 1418, 1830, 190, 1303, 1749, 607, 825, 92, 677, 628, 326, 715, 949, 27, 1537, 1025, 1439, 1277, 396, 1270, 53, 558, 584, 616, 630, 1533, 532, 1113, 612, 1080, 173, 1090, 838, 17, 897, 1306, 1311, 1131, 388, 1118, 1528, 1426, 1257, 1460, 1714, 1407, 144, 1734, 258, 1731, 526, 367, 1834, 126, 1104, 638, 791, 265, 223, 461, 1457, 139, 456, 1905, 1663, 1412, 1568, 1763, 883, 1661, 1678, 493, 1606, 1813, 541, 1757, 276, 296, 1673, 222, 1707, 183, 257, 615, 1478, 742, 376, 810, 661, 365, 156, 1298, 1701, 1653, 202, 1334, 1197, 1482, 106, 323, 1448, 1558, 1179, 1854, 902, 1049, 297, 216, 1268, 277, 1336, 1393, 65, 1456, 1052, 5, 1735, 1495, 1175, 988, 117, 721, 1788, 315, 1819, 1305, 1794, 520, 543, 1214, 917, 731, 1091, 1147, 1070, 68, 892, 1486, 464, 783, 115, 1883, 1372, 752, 383, 1122, 582, 1039, 1213, 574, 1594, 1870, 1111, 1792, 706, 1674, 233, 1607, 691, 1417, 1071, 711, 1538, 252, 741, 1396, 1211, 1429, 1906, 513, 799, 1384, 1138, 1688, 1681, 1045, 961, 743, 1824, 619, 766, 1727, 147, 827, 1117, 1547, 1892, 39, 82, 1546, 963, 178, 658, 1592, 425, 484, 415, 1204, 1331, 1207, 561, 912, 451, 1548, 1494, 1210, 1676, 685, 1291, 793, 632, 1018], [1054, 207, 1715, 1233, 514, 238, 1377, 1677, 878, 1624, 1145, 1009, 469, 962, 1194, 93, 1556, 1851, 1569, 1089, 745, 423, 23, 821, 29, 1401, 789, 1791, 788, 1079, 1347, 503, 1199, 753, 848, 1294, 801, 682, 955, 112, 1188, 402, 1878, 1817, 1288, 1821, 1245, 1302, 1007, 1705, 271, 510, 1510, 327, 1127, 486, 1555, 1004, 1589, 1511, 1700, 1373, 1668, 341, 1489, 1790, 1492, 321, 659, 578, 303, 118, 960, 453, 160, 683, 1832, 434, 701, 928, 480, 1446, 1552, 704, 94, 1317, 1410, 394, 186, 771, 859, 1395, 1646, 1570, 1353, 714, 1297, 360, 1153, 1185, 1766, 1471, 1013, 1356, 1437, 78, 63, 1618, 537, 482, 3, 450, 1339, 490, 857, 251, 898, 916, 546, 1809, 1689, 1078, 1069, 1, 1035, 1534, 1158, 203, 1837, 1095, 1235, 295, 933, 1474, 1559, 240, 105, 419, 1751, 1061, 1896, 1162, 1508, 1195, 237, 509, 1875, 6, 1564, 1698, 1907, 20, 1023, 1157, 1724, 132, 1912, 108, 1839, 734, 413, 316, 1249, 1880, 430, 915, 952, 813, 1532, 1116, 1859, 137, 1703, 141, 1785, 1582, 643, 119, 12, 968, 1193, 408, 214, 601, 967, 803, 1551, 363, 424, 958, 1826, 196]]
Resuming from epoch 65: /Users/suraj/Downloads/outputs/wall_single/checkpoints/model_latest.pth
num_action_repeat: 1
num_proprio_repeat: 1
proprio encoder: ProprioceptiveEmbedding(
  (patch_embed): Conv1d(2, 10, kernel_size=(1,), stride=(1,))
)
action encoder: ProprioceptiveEmbedding(
  (patch_embed): Conv1d(10, 10, kernel_size=(1,), stride=(1,))
)
proprio_dim: 10, after repeat: 10
action_dim: 10, after repeat: 10
emb_dim: 404
Model emb_dim:  404
eval_seed:  [11, 12, 13, 14, 15, 16, 17, 18, 19, 20]
Dumped plan targets to /Users/suraj/Desktop/EAI_DINO/results/wall_transition/transition_run_v2/mixed_int8/budget_bA/seed_1/plan_targets.pkl
Success rate:  0.0
{'success': array([False, False, False, False, False, False, False, False, False,
       False]), 'state_dist': array([24.8544614 , 25.97460308, 14.36582728, 40.48087815, 12.33207738,
       29.65911849, 19.68779127, 30.65537152, 26.79719131, 21.20568313])}
Success rate:  0.1
{'success': array([ True, False, False, False, False, False, False, False, False,
       False]), 'state_dist': array([ 3.18221791, 12.10744837, 14.75381404, 23.98530835,  8.40042852,
       26.80800239, 20.73395623, 19.41735022, 27.18229869, 17.45504789])}
MPC iter 0 Eval ------- 
Success rate:  0.1
{'success': array([ True, False, False, False, False, False, False, False, False,
       False]), 'state_dist': array([ 3.18221791, 12.10744837, 14.75381404, 23.98530835,  8.40042852,
       26.80800239, 20.73395623, 19.41735022, 27.18229869, 17.45504789])}
self.is_success:  [ True False False False False False False False False False]
Success rate:  0.3
{'success': array([ True,  True, False, False,  True, False, False, False, False,
       False]), 'state_dist': array([ 2.94345409,  1.34319467, 15.08121563, 24.32847675,  0.78519883,
       24.72172174, 22.85827482,  6.62628002, 27.42451528, 19.02956325])}
Success rate:  0.5
{'success': array([ True,  True, False,  True,  True, False, False,  True, False,
       False]), 'state_dist': array([ 3.75491828,  1.57124573, 15.09375375,  2.6315105 ,  0.06195526,
       25.44681292, 11.60305992,  2.55731123, 15.15376053, 20.38458351])}
MPC iter 1 Eval ------- 
Success rate:  0.5
{'success': array([ True,  True, False,  True,  True, False, False,  True, False,
       False]), 'state_dist': array([ 3.18221791,  1.57124573, 15.09375375,  2.6315105 ,  0.06195526,
       25.44681292, 11.60305992,  2.55731123, 15.15376053, 20.38458351])}
self.is_success:  [ True  True False  True  True False False  True False False]
Success rate:  0.5
{'success': array([ True,  True, False,  True,  True, False, False,  True, False,
       False]), 'state_dist': array([ 3.18221791,  1.57124573, 15.09375375,  2.6315105 ,  0.06195526,
       25.44681292, 11.60305992,  2.55731123, 15.15376053, 20.38458351])}
[ok] variant=mixed_int8 budget=bA opt_steps=2 seed=1 success=0.5000
Planning device: mps
Loading wall dataset...
Loaded 1920 rollouts
Using cache found in /Users/suraj/.cache/torch/hub/facebookresearch_dinov2_main
[[102, 33, 1056, 1591, 354, 245, 790, 1323, 142, 1745, 1588, 1473, 38, 1192, 735, 832, 547, 1186, 843, 660, 869, 83, 695, 1629, 179, 1658, 157, 1758, 1747, 250, 312, 1361, 1163, 1798, 275, 1099, 1787, 964, 1066, 609, 1666, 774, 181, 1502, 407, 668, 593, 1623, 1101, 565, 1350, 1572, 1094, 512, 148, 809, 263, 1853, 908, 927, 626, 569, 1730, 757, 1574, 1866, 1107, 1706, 391, 1255, 947, 828, 1720, 1057, 19, 1364, 1575, 1914, 1562, 1909, 534, 973, 538, 1017, 646, 285, 309, 1884, 1059, 552, 697, 1702, 145, 819, 649, 665, 169, 1051, 171, 1529, 1470, 291, 1371, 1240, 1641, 1746, 1443, 1307, 1801, 369, 1365, 525, 167, 1121, 1430, 874, 528, 1459, 1617, 770, 359, 923, 507, 884, 1616, 1314, 1149, 1379, 891, 1442, 1047, 1887, 248, 1767, 1620, 283, 392, 1290, 1650, 242, 1399, 807, 159, 204, 775, 1827, 500, 1352, 700, 1265, 1102, 149, 1440, 1258, 1738, 347, 690, 468, 1726, 1234, 1126, 868, 1501, 621, 585, 1523, 121, 1108, 846, 1167, 1405, 114, 474, 1406, 195, 1144, 586, 384, 1680, 298, 308, 529, 901, 475, 992, 1811, 1655, 914, 1598, 560, 1452, 385, 1032, 1895, 756, 1893, 485, 1293, 1876, 378, 206, 61, 1762, 1335, 1779, 1062, 111, 550, 1357, 284, 1074, 880, 592, 712, 1454, 1660, 1067, 946, 1011, 193, 1838, 1072, 1065, 1267, 1217, 591, 678, 792, 180, 1313, 69, 84, 1603, 1775, 201, 1415, 457, 1359, 400, 1759, 1081, 554, 471, 1841, 446, 1670, 688, 140, 1600, 871, 1093, 460, 1831, 818, 940, 1128, 614, 1000, 987, 1048, 72, 465, 804, 1804, 826, 1006, 1129, 270, 954, 86, 107, 1744, 751, 1143, 1554, 1750, 556, 1692, 664, 943, 907, 1713, 881, 1793, 849, 972, 264, 1431, 1040, 1391, 680, 1864, 724, 1549, 455, 600, 389, 1301, 1262, 1073, 1216, 613, 314, 15, 657, 896, 549, 575, 719, 545, 937, 1585, 165, 1252, 338, 970, 1366, 1247, 1024, 14, 855, 212, 887, 977, 1225, 776, 10, 1903, 1423, 596, 726, 431, 959, 1159, 1033, 1458, 1196, 1526, 317, 1358, 454, 1647, 976, 773, 1786, 1462, 488, 41, 571, 1464, 599, 979, 864, 18, 306, 1299, 797, 332, 1424, 1286, 66, 51, 1230, 1527, 1042, 762, 219, 487, 1026, 1282, 1285, 1503, 1597, 1573, 758, 999, 30, 1215, 1315, 1227, 387, 1867, 1421, 220, 932, 1829, 26, 1822, 290, 1088, 1902, 429, 463, 197, 1156, 1539, 1491, 1027, 1901, 733, 1879, 833, 278, 1251, 1899, 1642, 73, 272, 1019, 1084, 1346, 1803, 845, 568, 286, 76, 956, 1237, 48, 939, 1601, 481, 1187, 176, 1231, 1545, 1664, 1244, 87, 47, 194, 1586, 1316, 1125, 1649, 1077, 995, 1665, 1428, 1219, 1712, 1038, 542, 998, 70, 929, 1648, 476, 886, 1134, 1733, 854, 853, 1283, 1432, 1723, 1269, 281, 1174, 110, 1685, 1868, 777, 1522, 353, 798, 1773, 409, 768, 1273, 1490, 221, 1154, 1499, 71, 1637, 720, 1850, 1198, 1755, 1915, 716, 1900, 1835, 672, 319, 1536, 226, 1472, 1602, 969, 492, 428, 895, 814, 1133, 62, 656, 1722, 1621, 1142, 1087, 524, 1590, 1030, 650, 1451, 1913, 1259, 1917, 544, 377, 862, 1202, 1177, 1274, 1123, 617, 605, 1106, 1855, 422, 1769, 362, 1721, 1329, 1206, 1506, 135, 1320, 217, 120, 1120, 1836, 710, 717, 1799, 1557, 722, 1694, 405, 375, 1034, 260, 1496, 411, 1672, 28, 637, 373, 1808, 134, 1012, 536, 1752, 983, 1135, 1576, 483, 13, 404, 841, 1172, 1041, 1843, 161, 847, 1369, 1910, 1782, 1671, 1376, 1856, 498, 806, 635, 1212, 438, 835, 1849, 1109, 1349, 1043, 2, 466, 610, 1165, 885, 951, 344, 300, 1807, 1908, 287, 1877, 705, 1872, 1581, 985, 328, 708, 730, 350, 307, 146, 840, 1180, 494, 16, 555, 1368, 1780, 779, 1771, 1203, 1754, 744, 863, 1684, 639, 1919, 738, 938, 1053, 618, 91, 1886, 1028, 472, 1050, 138, 131, 89, 416, 991, 1254, 467, 227, 1765, 1634, 1789, 1622, 1205, 1874, 839, 1151, 654, 1182, 815, 470, 670, 150, 718, 352, 1579, 879, 443, 1690, 32, 435, 1383, 501, 882, 1085, 1176, 1382, 1171, 686, 1140, 1105, 800, 1516, 1485, 516, 1475, 1434, 1911, 889, 239, 652, 1535, 1639, 335, 1325, 1784, 765, 663, 1224, 448, 1815, 739, 1812, 1076, 747, 1467, 732, 1654, 1828, 502, 1319, 1425, 1160, 1468, 368, 1732, 1248, 143, 808, 674, 713, 129, 1599, 288, 1005, 1643, 1729, 1918, 1064, 279, 1741, 406, 867, 729, 604, 1220, 750, 304, 936, 215, 1626, 1778, 1031, 1756, 305, 1699, 412, 1387, 1640, 210, 188, 253, 645, 1279, 349, 1898, 262, 1082, 213, 255, 1514, 1375, 576, 698, 986, 1119, 508, 1753, 104, 1296, 1380, 128, 163, 693, 1524, 924, 842, 812, 1348, 199, 1386, 1628, 1435, 1772, 817, 931, 334, 1360, 390, 1413, 1783, 944, 905, 1271, 1132, 1857, 35, 340, 1461, 506, 1150, 1455, 594, 1020, 1178, 1770, 1389, 1276, 1355, 1228, 990, 1480, 1100, 1326, 282, 1321, 852, 200, 1146, 1253, 49, 1682, 1221, 1840, 1525, 1037, 1170, 1800, 648, 1243, 266, 926, 782, 1667, 984, 570, 1289, 1860, 893, 1630, 479, 339, 246, 866, 1631, 211, 684, 60, 125, 1513, 836, 43, 1450, 515, 1256, 244, 1063, 1693, 913, 966, 54, 432, 1869, 254, 1916, 577, 1096, 540, 1075, 1261, 1871, 1587, 381, 634, 205, 269, 489, 1890, 37, 746, 386, 551, 1414, 953, 1403, 709, 622, 1497, 1561, 1324, 158, 624, 426, 1466, 44, 267, 994, 318, 1398, 397, 95, 786, 81, 1332, 837, 289, 865, 965, 67, 1696, 816, 1044, 820, 229, 1400, 1362, 491, 1139, 1873, 1338, 559, 1016, 1021, 1436, 1002, 1797, 40, 224, 1615, 1385, 941, 1308, 978, 794, 231, 834, 1675, 1736, 31, 1181, 562, 831, 1272, 767, 372, 1825, 1669, 760, 380, 1343, 42, 1351, 1337, 1441, 268, 1644, 1015, 52, 1469, 1861, 1481, 22, 1605, 361, 1381, 410, 1333, 975, 1046, 1595, 348, 1768, 366, 1281, 772, 974, 495, 358, 590, 187, 631, 1695, 687, 1328, 572, 588, 1805, 620, 1577, 1449, 1433, 1659, 320, 418, 346, 602, 573, 1709, 1300, 113, 427, 1891, 1341, 236, 1001, 370, 723, 1092, 1560, 379, 662, 79, 850, 1704, 824, 627, 436, 666, 1103, 653, 945, 1370, 1232, 587, 234, 103, 1858, 934, 1420, 123, 1818, 1310, 499, 1739, 1493, 1847, 1553, 740, 124, 1260, 1378, 1842, 1777, 1816, 1543, 749, 608, 1563, 996, 25, 101, 90, 459, 337, 122, 580, 829, 533, 292, 452, 1614, 1183, 1322, 1278, 521, 1136, 1190, 96, 259, 1645, 1008, 1888, 342, 445, 1504, 162, 382, 1894, 784, 1404, 1531, 1312, 444, 1097, 1447, 1280, 872, 168, 50, 1687, 1593, 1610, 98, 1242, 769, 642, 1309, 888, 433, 302, 1263, 1169, 1656, 1295, 243, 921, 1438, 1161, 877, 640, 1541, 24, 703, 980, 1173, 935, 1519, 440, 1512, 1137, 822, 1014, 310, 511, 583, 1518, 458, 274, 109, 856, 522, 11, 462, 1236, 232, 633, 1567, 1241, 989, 1725, 280, 875, 1083, 1833, 324, 1566, 249, 172, 696, 1505, 1010, 1477, 1327, 910, 861, 88, 99, 357, 437, 80, 1292, 764, 175, 395, 1716, 699, 1483, 1717, 673, 623, 1697, 1479, 1060, 1651, 553, 981, 218, 1110, 185, 77, 900, 371, 904, 1390, 21, 1882, 595, 1718, 1476, 152, 420, 918, 192, 1679, 1484, 1863, 787, 567, 851, 441, 530, 517, 1419, 1388, 329, 301, 1330, 876, 478, 1530, 676, 1844, 403, 74, 647, 728, 230, 519, 256, 737, 235, 1796, 182, 858, 504, 1287, 1124, 1229, 294, 625, 894, 759, 1544, 330, 1711, 505, 903, 1055, 1238, 1397, 1686, 136, 1275, 1580, 1584, 59, 1112, 1636, 166, 655, 1520, 1540, 374, 496, 414, 1226, 154, 860, 531, 1465, 1345, 1662, 1284, 669, 1627, 1408, 36, 191, 1748, 7, 1498, 802, 325, 957, 208, 228, 1201, 950, 1318, 155, 948, 133, 920, 442, 225, 611, 1633, 796, 667, 1652, 1304, 1609, 1611, 527, 1427, 1354, 689, 930, 870, 925, 56, 1402, 100, 189, 1068, 1737, 322, 523, 247, 971, 1445, 55, 579, 1374, 1571, 1521, 890, 785, 58, 671, 1608, 1168, 1742, 899, 299, 778, 1542, 761, 566, 46, 1708, 1719, 351, 1392, 651, 1764, 811, 449, 922, 261, 1036, 694, 127, 1114, 707, 1487, 1852, 1802, 873, 174, 1865, 1710, 763, 164, 1632, 345, 539, 1141, 805, 919, 911, 184, 548, 1422, 1625, 1155, 399, 1795, 1845, 1889, 1565, 45, 603, 1444, 1517, 1823, 1246, 477, 64, 1164, 1411, 781, 8, 1635, 1583, 1200, 241, 151, 177, 333, 629, 1453, 293, 1760, 636, 1239, 1115, 727, 273, 1394, 1266, 1184, 1619, 1743, 313, 1904, 982, 1367, 153, 564, 1806, 331, 1862, 1848, 606, 1264, 57, 97, 1774, 1814, 1086, 1029, 393, 1488, 85, 1509, 1550, 725, 1638, 1846, 1342, 1728, 993, 421, 1781, 681, 473, 1604, 364, 1613, 679, 780, 1885, 581, 1130, 116, 823, 355, 736, 75, 398, 557, 1740, 1515, 1596, 1250, 641, 1683, 198, 1363, 589, 1223, 1209, 417, 209, 1810, 9, 535, 1500, 1881, 1208, 909, 0, 702, 1897, 598, 1189, 748, 675, 1691, 1152, 755, 4, 1416, 830, 439, 1222, 1340, 692, 1003, 34, 356, 170, 1761, 1657, 1578, 401, 795, 1507, 997, 644, 1166, 447, 518, 563, 336, 1820, 343, 597, 844, 1058, 497, 311, 1463, 754, 1218, 1191, 1148, 1612, 1022, 1344, 1776, 942, 906, 1409, 1098, 130, 1418, 1830, 190, 1303, 1749, 607, 825, 92, 677, 628, 326, 715, 949, 27, 1537, 1025, 1439, 1277, 396, 1270, 53, 558, 584, 616, 630, 1533, 532, 1113, 612, 1080, 173, 1090, 838, 17, 897, 1306, 1311, 1131, 388, 1118, 1528, 1426, 1257, 1460, 1714, 1407, 144, 1734, 258, 1731, 526, 367, 1834, 126, 1104, 638, 791, 265, 223, 461, 1457, 139, 456, 1905, 1663, 1412, 1568, 1763, 883, 1661, 1678, 493, 1606, 1813, 541, 1757, 276, 296, 1673, 222, 1707, 183, 257, 615, 1478, 742, 376, 810, 661, 365, 156, 1298, 1701, 1653, 202, 1334, 1197, 1482, 106, 323, 1448, 1558, 1179, 1854, 902, 1049, 297, 216, 1268, 277, 1336, 1393, 65, 1456, 1052, 5, 1735, 1495, 1175, 988, 117, 721, 1788, 315, 1819, 1305, 1794, 520, 543, 1214, 917, 731, 1091, 1147, 1070, 68, 892, 1486, 464, 783, 115, 1883, 1372, 752, 383, 1122, 582, 1039, 1213, 574, 1594, 1870, 1111, 1792, 706, 1674, 233, 1607, 691, 1417, 1071, 711, 1538, 252, 741, 1396, 1211, 1429, 1906, 513, 799, 1384, 1138, 1688, 1681, 1045, 961, 743, 1824, 619, 766, 1727, 147, 827, 1117, 1547, 1892, 39, 82, 1546, 963, 178, 658, 1592, 425, 484, 415, 1204, 1331, 1207, 561, 912, 451, 1548, 1494, 1210, 1676, 685, 1291, 793, 632, 1018], [1054, 207, 1715, 1233, 514, 238, 1377, 1677, 878, 1624, 1145, 1009, 469, 962, 1194, 93, 1556, 1851, 1569, 1089, 745, 423, 23, 821, 29, 1401, 789, 1791, 788, 1079, 1347, 503, 1199, 753, 848, 1294, 801, 682, 955, 112, 1188, 402, 1878, 1817, 1288, 1821, 1245, 1302, 1007, 1705, 271, 510, 1510, 327, 1127, 486, 1555, 1004, 1589, 1511, 1700, 1373, 1668, 341, 1489, 1790, 1492, 321, 659, 578, 303, 118, 960, 453, 160, 683, 1832, 434, 701, 928, 480, 1446, 1552, 704, 94, 1317, 1410, 394, 186, 771, 859, 1395, 1646, 1570, 1353, 714, 1297, 360, 1153, 1185, 1766, 1471, 1013, 1356, 1437, 78, 63, 1618, 537, 482, 3, 450, 1339, 490, 857, 251, 898, 916, 546, 1809, 1689, 1078, 1069, 1, 1035, 1534, 1158, 203, 1837, 1095, 1235, 295, 933, 1474, 1559, 240, 105, 419, 1751, 1061, 1896, 1162, 1508, 1195, 237, 509, 1875, 6, 1564, 1698, 1907, 20, 1023, 1157, 1724, 132, 1912, 108, 1839, 734, 413, 316, 1249, 1880, 430, 915, 952, 813, 1532, 1116, 1859, 137, 1703, 141, 1785, 1582, 643, 119, 12, 968, 1193, 408, 214, 601, 967, 803, 1551, 363, 424, 958, 1826, 196]]
Resuming from epoch 65: /Users/suraj/Downloads/outputs/wall_single/checkpoints/model_latest.pth
num_action_repeat: 1
num_proprio_repeat: 1
proprio encoder: ProprioceptiveEmbedding(
  (patch_embed): Conv1d(2, 10, kernel_size=(1,), stride=(1,))
)
action encoder: ProprioceptiveEmbedding(
  (patch_embed): Conv1d(10, 10, kernel_size=(1,), stride=(1,))
)
proprio_dim: 10, after repeat: 10
action_dim: 10, after repeat: 10
emb_dim: 404
Model emb_dim:  404
eval_seed:  [21, 22, 23, 24, 25, 26, 27, 28, 29, 30]
Dumped plan targets to /Users/suraj/Desktop/EAI_DINO/results/wall_transition/transition_run_v2/mixed_int8/budget_bA/seed_2/plan_targets.pkl
Success rate:  0.0
{'success': array([False, False, False, False, False, False, False, False, False,
       False]), 'state_dist': array([33.38629897, 26.72836259, 29.86991188, 30.62867691, 12.38127924,
       22.36060614, 23.85378851, 17.99846133, 21.06557778, 25.63179629])}
Success rate:  0.1
{'success': array([False, False, False, False, False, False, False, False, False,
        True]), 'state_dist': array([29.77129724, 26.17091329, 15.92410233, 14.65787861, 13.79056928,
       20.9670996 , 21.63857908,  8.22266111, 16.47590516,  4.09397376])}
MPC iter 0 Eval ------- 
Success rate:  0.1
{'success': array([False, False, False, False, False, False, False, False, False,
        True]), 'state_dist': array([29.77129724, 26.17091329, 15.92410233, 14.65787861, 13.79056928,
       20.9670996 , 21.63857908,  8.22266111, 16.47590516,  4.09397376])}
self.is_success:  [False False False False False False False False False  True]
Success rate:  0.4
{'success': array([False, False,  True,  True, False, False, False,  True, False,
        True]), 'state_dist': array([28.76593059, 24.53782282,  2.43326296,  3.20654689, 12.1301479 ,
       19.18578184, 21.58775097,  1.99168077, 13.28876893,  2.3908178 ])}
Success rate:  0.5
{'success': array([False,  True,  True,  True, False, False, False,  True, False,
        True]), 'state_dist': array([28.08882885,  1.51489767,  2.31344057,  1.92596794, 13.16538014,
       20.77911938, 22.01651071,  2.20086981,  4.59792873,  1.32672033])}
MPC iter 1 Eval ------- 
Success rate:  0.5
{'success': array([False,  True,  True,  True, False, False, False,  True, False,
        True]), 'state_dist': array([28.08882885,  1.51489767,  2.31344057,  1.92596794, 13.16538014,
       20.77911938, 22.01651071,  2.20086981,  4.59792873,  4.09397376])}
self.is_success:  [False  True  True  True False False False  True False  True]
Success rate:  0.5
{'success': array([False,  True,  True,  True, False, False, False,  True, False,
        True]), 'state_dist': array([28.08882885,  1.51489767,  2.31344057,  1.92596794, 13.16538014,
       20.77911938, 22.01651071,  2.20086981,  4.59792873,  4.09397376])}
[ok] variant=mixed_int8 budget=bA opt_steps=2 seed=2 success=0.5000
Planning device: mps
Loading wall dataset...
Loaded 1920 rollouts
Using cache found in /Users/suraj/.cache/torch/hub/facebookresearch_dinov2_main
[[102, 33, 1056, 1591, 354, 245, 790, 1323, 142, 1745, 1588, 1473, 38, 1192, 735, 832, 547, 1186, 843, 660, 869, 83, 695, 1629, 179, 1658, 157, 1758, 1747, 250, 312, 1361, 1163, 1798, 275, 1099, 1787, 964, 1066, 609, 1666, 774, 181, 1502, 407, 668, 593, 1623, 1101, 565, 1350, 1572, 1094, 512, 148, 809, 263, 1853, 908, 927, 626, 569, 1730, 757, 1574, 1866, 1107, 1706, 391, 1255, 947, 828, 1720, 1057, 19, 1364, 1575, 1914, 1562, 1909, 534, 973, 538, 1017, 646, 285, 309, 1884, 1059, 552, 697, 1702, 145, 819, 649, 665, 169, 1051, 171, 1529, 1470, 291, 1371, 1240, 1641, 1746, 1443, 1307, 1801, 369, 1365, 525, 167, 1121, 1430, 874, 528, 1459, 1617, 770, 359, 923, 507, 884, 1616, 1314, 1149, 1379, 891, 1442, 1047, 1887, 248, 1767, 1620, 283, 392, 1290, 1650, 242, 1399, 807, 159, 204, 775, 1827, 500, 1352, 700, 1265, 1102, 149, 1440, 1258, 1738, 347, 690, 468, 1726, 1234, 1126, 868, 1501, 621, 585, 1523, 121, 1108, 846, 1167, 1405, 114, 474, 1406, 195, 1144, 586, 384, 1680, 298, 308, 529, 901, 475, 992, 1811, 1655, 914, 1598, 560, 1452, 385, 1032, 1895, 756, 1893, 485, 1293, 1876, 378, 206, 61, 1762, 1335, 1779, 1062, 111, 550, 1357, 284, 1074, 880, 592, 712, 1454, 1660, 1067, 946, 1011, 193, 1838, 1072, 1065, 1267, 1217, 591, 678, 792, 180, 1313, 69, 84, 1603, 1775, 201, 1415, 457, 1359, 400, 1759, 1081, 554, 471, 1841, 446, 1670, 688, 140, 1600, 871, 1093, 460, 1831, 818, 940, 1128, 614, 1000, 987, 1048, 72, 465, 804, 1804, 826, 1006, 1129, 270, 954, 86, 107, 1744, 751, 1143, 1554, 1750, 556, 1692, 664, 943, 907, 1713, 881, 1793, 849, 972, 264, 1431, 1040, 1391, 680, 1864, 724, 1549, 455, 600, 389, 1301, 1262, 1073, 1216, 613, 314, 15, 657, 896, 549, 575, 719, 545, 937, 1585, 165, 1252, 338, 970, 1366, 1247, 1024, 14, 855, 212, 887, 977, 1225, 776, 10, 1903, 1423, 596, 726, 431, 959, 1159, 1033, 1458, 1196, 1526, 317, 1358, 454, 1647, 976, 773, 1786, 1462, 488, 41, 571, 1464, 599, 979, 864, 18, 306, 1299, 797, 332, 1424, 1286, 66, 51, 1230, 1527, 1042, 762, 219, 487, 1026, 1282, 1285, 1503, 1597, 1573, 758, 999, 30, 1215, 1315, 1227, 387, 1867, 1421, 220, 932, 1829, 26, 1822, 290, 1088, 1902, 429, 463, 197, 1156, 1539, 1491, 1027, 1901, 733, 1879, 833, 278, 1251, 1899, 1642, 73, 272, 1019, 1084, 1346, 1803, 845, 568, 286, 76, 956, 1237, 48, 939, 1601, 481, 1187, 176, 1231, 1545, 1664, 1244, 87, 47, 194, 1586, 1316, 1125, 1649, 1077, 995, 1665, 1428, 1219, 1712, 1038, 542, 998, 70, 929, 1648, 476, 886, 1134, 1733, 854, 853, 1283, 1432, 1723, 1269, 281, 1174, 110, 1685, 1868, 777, 1522, 353, 798, 1773, 409, 768, 1273, 1490, 221, 1154, 1499, 71, 1637, 720, 1850, 1198, 1755, 1915, 716, 1900, 1835, 672, 319, 1536, 226, 1472, 1602, 969, 492, 428, 895, 814, 1133, 62, 656, 1722, 1621, 1142, 1087, 524, 1590, 1030, 650, 1451, 1913, 1259, 1917, 544, 377, 862, 1202, 1177, 1274, 1123, 617, 605, 1106, 1855, 422, 1769, 362, 1721, 1329, 1206, 1506, 135, 1320, 217, 120, 1120, 1836, 710, 717, 1799, 1557, 722, 1694, 405, 375, 1034, 260, 1496, 411, 1672, 28, 637, 373, 1808, 134, 1012, 536, 1752, 983, 1135, 1576, 483, 13, 404, 841, 1172, 1041, 1843, 161, 847, 1369, 1910, 1782, 1671, 1376, 1856, 498, 806, 635, 1212, 438, 835, 1849, 1109, 1349, 1043, 2, 466, 610, 1165, 885, 951, 344, 300, 1807, 1908, 287, 1877, 705, 1872, 1581, 985, 328, 708, 730, 350, 307, 146, 840, 1180, 494, 16, 555, 1368, 1780, 779, 1771, 1203, 1754, 744, 863, 1684, 639, 1919, 738, 938, 1053, 618, 91, 1886, 1028, 472, 1050, 138, 131, 89, 416, 991, 1254, 467, 227, 1765, 1634, 1789, 1622, 1205, 1874, 839, 1151, 654, 1182, 815, 470, 670, 150, 718, 352, 1579, 879, 443, 1690, 32, 435, 1383, 501, 882, 1085, 1176, 1382, 1171, 686, 1140, 1105, 800, 1516, 1485, 516, 1475, 1434, 1911, 889, 239, 652, 1535, 1639, 335, 1325, 1784, 765, 663, 1224, 448, 1815, 739, 1812, 1076, 747, 1467, 732, 1654, 1828, 502, 1319, 1425, 1160, 1468, 368, 1732, 1248, 143, 808, 674, 713, 129, 1599, 288, 1005, 1643, 1729, 1918, 1064, 279, 1741, 406, 867, 729, 604, 1220, 750, 304, 936, 215, 1626, 1778, 1031, 1756, 305, 1699, 412, 1387, 1640, 210, 188, 253, 645, 1279, 349, 1898, 262, 1082, 213, 255, 1514, 1375, 576, 698, 986, 1119, 508, 1753, 104, 1296, 1380, 128, 163, 693, 1524, 924, 842, 812, 1348, 199, 1386, 1628, 1435, 1772, 817, 931, 334, 1360, 390, 1413, 1783, 944, 905, 1271, 1132, 1857, 35, 340, 1461, 506, 1150, 1455, 594, 1020, 1178, 1770, 1389, 1276, 1355, 1228, 990, 1480, 1100, 1326, 282, 1321, 852, 200, 1146, 1253, 49, 1682, 1221, 1840, 1525, 1037, 1170, 1800, 648, 1243, 266, 926, 782, 1667, 984, 570, 1289, 1860, 893, 1630, 479, 339, 246, 866, 1631, 211, 684, 60, 125, 1513, 836, 43, 1450, 515, 1256, 244, 1063, 1693, 913, 966, 54, 432, 1869, 254, 1916, 577, 1096, 540, 1075, 1261, 1871, 1587, 381, 634, 205, 269, 489, 1890, 37, 746, 386, 551, 1414, 953, 1403, 709, 622, 1497, 1561, 1324, 158, 624, 426, 1466, 44, 267, 994, 318, 1398, 397, 95, 786, 81, 1332, 837, 289, 865, 965, 67, 1696, 816, 1044, 820, 229, 1400, 1362, 491, 1139, 1873, 1338, 559, 1016, 1021, 1436, 1002, 1797, 40, 224, 1615, 1385, 941, 1308, 978, 794, 231, 834, 1675, 1736, 31, 1181, 562, 831, 1272, 767, 372, 1825, 1669, 760, 380, 1343, 42, 1351, 1337, 1441, 268, 1644, 1015, 52, 1469, 1861, 1481, 22, 1605, 361, 1381, 410, 1333, 975, 1046, 1595, 348, 1768, 366, 1281, 772, 974, 495, 358, 590, 187, 631, 1695, 687, 1328, 572, 588, 1805, 620, 1577, 1449, 1433, 1659, 320, 418, 346, 602, 573, 1709, 1300, 113, 427, 1891, 1341, 236, 1001, 370, 723, 1092, 1560, 379, 662, 79, 850, 1704, 824, 627, 436, 666, 1103, 653, 945, 1370, 1232, 587, 234, 103, 1858, 934, 1420, 123, 1818, 1310, 499, 1739, 1493, 1847, 1553, 740, 124, 1260, 1378, 1842, 1777, 1816, 1543, 749, 608, 1563, 996, 25, 101, 90, 459, 337, 122, 580, 829, 533, 292, 452, 1614, 1183, 1322, 1278, 521, 1136, 1190, 96, 259, 1645, 1008, 1888, 342, 445, 1504, 162, 382, 1894, 784, 1404, 1531, 1312, 444, 1097, 1447, 1280, 872, 168, 50, 1687, 1593, 1610, 98, 1242, 769, 642, 1309, 888, 433, 302, 1263, 1169, 1656, 1295, 243, 921, 1438, 1161, 877, 640, 1541, 24, 703, 980, 1173, 935, 1519, 440, 1512, 1137, 822, 1014, 310, 511, 583, 1518, 458, 274, 109, 856, 522, 11, 462, 1236, 232, 633, 1567, 1241, 989, 1725, 280, 875, 1083, 1833, 324, 1566, 249, 172, 696, 1505, 1010, 1477, 1327, 910, 861, 88, 99, 357, 437, 80, 1292, 764, 175, 395, 1716, 699, 1483, 1717, 673, 623, 1697, 1479, 1060, 1651, 553, 981, 218, 1110, 185, 77, 900, 371, 904, 1390, 21, 1882, 595, 1718, 1476, 152, 420, 918, 192, 1679, 1484, 1863, 787, 567, 851, 441, 530, 517, 1419, 1388, 329, 301, 1330, 876, 478, 1530, 676, 1844, 403, 74, 647, 728, 230, 519, 256, 737, 235, 1796, 182, 858, 504, 1287, 1124, 1229, 294, 625, 894, 759, 1544, 330, 1711, 505, 903, 1055, 1238, 1397, 1686, 136, 1275, 1580, 1584, 59, 1112, 1636, 166, 655, 1520, 1540, 374, 496, 414, 1226, 154, 860, 531, 1465, 1345, 1662, 1284, 669, 1627, 1408, 36, 191, 1748, 7, 1498, 802, 325, 957, 208, 228, 1201, 950, 1318, 155, 948, 133, 920, 442, 225, 611, 1633, 796, 667, 1652, 1304, 1609, 1611, 527, 1427, 1354, 689, 930, 870, 925, 56, 1402, 100, 189, 1068, 1737, 322, 523, 247, 971, 1445, 55, 579, 1374, 1571, 1521, 890, 785, 58, 671, 1608, 1168, 1742, 899, 299, 778, 1542, 761, 566, 46, 1708, 1719, 351, 1392, 651, 1764, 811, 449, 922, 261, 1036, 694, 127, 1114, 707, 1487, 1852, 1802, 873, 174, 1865, 1710, 763, 164, 1632, 345, 539, 1141, 805, 919, 911, 184, 548, 1422, 1625, 1155, 399, 1795, 1845, 1889, 1565, 45, 603, 1444, 1517, 1823, 1246, 477, 64, 1164, 1411, 781, 8, 1635, 1583, 1200, 241, 151, 177, 333, 629, 1453, 293, 1760, 636, 1239, 1115, 727, 273, 1394, 1266, 1184, 1619, 1743, 313, 1904, 982, 1367, 153, 564, 1806, 331, 1862, 1848, 606, 1264, 57, 97, 1774, 1814, 1086, 1029, 393, 1488, 85, 1509, 1550, 725, 1638, 1846, 1342, 1728, 993, 421, 1781, 681, 473, 1604, 364, 1613, 679, 780, 1885, 581, 1130, 116, 823, 355, 736, 75, 398, 557, 1740, 1515, 1596, 1250, 641, 1683, 198, 1363, 589, 1223, 1209, 417, 209, 1810, 9, 535, 1500, 1881, 1208, 909, 0, 702, 1897, 598, 1189, 748, 675, 1691, 1152, 755, 4, 1416, 830, 439, 1222, 1340, 692, 1003, 34, 356, 170, 1761, 1657, 1578, 401, 795, 1507, 997, 644, 1166, 447, 518, 563, 336, 1820, 343, 597, 844, 1058, 497, 311, 1463, 754, 1218, 1191, 1148, 1612, 1022, 1344, 1776, 942, 906, 1409, 1098, 130, 1418, 1830, 190, 1303, 1749, 607, 825, 92, 677, 628, 326, 715, 949, 27, 1537, 1025, 1439, 1277, 396, 1270, 53, 558, 584, 616, 630, 1533, 532, 1113, 612, 1080, 173, 1090, 838, 17, 897, 1306, 1311, 1131, 388, 1118, 1528, 1426, 1257, 1460, 1714, 1407, 144, 1734, 258, 1731, 526, 367, 1834, 126, 1104, 638, 791, 265, 223, 461, 1457, 139, 456, 1905, 1663, 1412, 1568, 1763, 883, 1661, 1678, 493, 1606, 1813, 541, 1757, 276, 296, 1673, 222, 1707, 183, 257, 615, 1478, 742, 376, 810, 661, 365, 156, 1298, 1701, 1653, 202, 1334, 1197, 1482, 106, 323, 1448, 1558, 1179, 1854, 902, 1049, 297, 216, 1268, 277, 1336, 1393, 65, 1456, 1052, 5, 1735, 1495, 1175, 988, 117, 721, 1788, 315, 1819, 1305, 1794, 520, 543, 1214, 917, 731, 1091, 1147, 1070, 68, 892, 1486, 464, 783, 115, 1883, 1372, 752, 383, 1122, 582, 1039, 1213, 574, 1594, 1870, 1111, 1792, 706, 1674, 233, 1607, 691, 1417, 1071, 711, 1538, 252, 741, 1396, 1211, 1429, 1906, 513, 799, 1384, 1138, 1688, 1681, 1045, 961, 743, 1824, 619, 766, 1727, 147, 827, 1117, 1547, 1892, 39, 82, 1546, 963, 178, 658, 1592, 425, 484, 415, 1204, 1331, 1207, 561, 912, 451, 1548, 1494, 1210, 1676, 685, 1291, 793, 632, 1018], [1054, 207, 1715, 1233, 514, 238, 1377, 1677, 878, 1624, 1145, 1009, 469, 962, 1194, 93, 1556, 1851, 1569, 1089, 745, 423, 23, 821, 29, 1401, 789, 1791, 788, 1079, 1347, 503, 1199, 753, 848, 1294, 801, 682, 955, 112, 1188, 402, 1878, 1817, 1288, 1821, 1245, 1302, 1007, 1705, 271, 510, 1510, 327, 1127, 486, 1555, 1004, 1589, 1511, 1700, 1373, 1668, 341, 1489, 1790, 1492, 321, 659, 578, 303, 118, 960, 453, 160, 683, 1832, 434, 701, 928, 480, 1446, 1552, 704, 94, 1317, 1410, 394, 186, 771, 859, 1395, 1646, 1570, 1353, 714, 1297, 360, 1153, 1185, 1766, 1471, 1013, 1356, 1437, 78, 63, 1618, 537, 482, 3, 450, 1339, 490, 857, 251, 898, 916, 546, 1809, 1689, 1078, 1069, 1, 1035, 1534, 1158, 203, 1837, 1095, 1235, 295, 933, 1474, 1559, 240, 105, 419, 1751, 1061, 1896, 1162, 1508, 1195, 237, 509, 1875, 6, 1564, 1698, 1907, 20, 1023, 1157, 1724, 132, 1912, 108, 1839, 734, 413, 316, 1249, 1880, 430, 915, 952, 813, 1532, 1116, 1859, 137, 1703, 141, 1785, 1582, 643, 119, 12, 968, 1193, 408, 214, 601, 967, 803, 1551, 363, 424, 958, 1826, 196]]
Resuming from epoch 65: /Users/suraj/Downloads/outputs/wall_single/checkpoints/model_latest.pth
num_action_repeat: 1
num_proprio_repeat: 1
proprio encoder: ProprioceptiveEmbedding(
  (patch_embed): Conv1d(2, 10, kernel_size=(1,), stride=(1,))
)
action encoder: ProprioceptiveEmbedding(
  (patch_embed): Conv1d(10, 10, kernel_size=(1,), stride=(1,))
)
proprio_dim: 10, after repeat: 10
action_dim: 10, after repeat: 10
emb_dim: 404
Model emb_dim:  404
eval_seed:  [31, 32, 33, 34, 35, 36, 37, 38, 39, 40]
Dumped plan targets to /Users/suraj/Desktop/EAI_DINO/results/wall_transition/transition_run_v2/mixed_int8/budget_bA/seed_3/plan_targets.pkl
Success rate:  0.0
{'success': array([False, False, False, False, False, False, False, False, False,
       False]), 'state_dist': array([26.67736246, 17.38648724, 18.65140311, 34.5473383 , 15.9762616 ,
       35.33750566, 17.08891599, 26.53006083, 33.15194028, 27.92749968])}
Success rate:  0.1
{'success': array([False, False, False, False, False, False,  True, False, False,
       False]), 'state_dist': array([23.85460812, 11.19097624,  4.89474601, 21.96415295,  5.22718722,
       19.94347533,  2.47110876, 27.00811241, 17.8809197 , 16.17962517])}
MPC iter 0 Eval ------- 
Success rate:  0.1
{'success': array([False, False, False, False, False, False,  True, False, False,
       False]), 'state_dist': array([23.85460812, 11.19097624,  4.89474601, 21.96415295,  5.22718722,
       19.94347533,  2.47110876, 27.00811241, 17.8809197 , 16.17962517])}
self.is_success:  [False False False False False False  True False False False]
Success rate:  0.5
{'success': array([False, False,  True, False,  True, False,  True, False,  True,
        True]), 'state_dist': array([23.20328521,  5.33289086,  1.51566642,  6.6256021 ,  1.84504053,
        5.17789945,  0.6415351 , 27.01980862,  2.21718498,  2.42183293])}
Success rate:  0.6
{'success': array([False, False,  True,  True,  True,  True,  True, False, False,
        True]), 'state_dist': array([23.19826501,  5.64336606,  2.22430956,  3.32017803,  1.40495337,
        2.26841087,  1.90708743, 26.82026207,  4.99290281,  1.41518868])}
MPC iter 1 Eval ------- 
Success rate:  0.6
{'success': array([False, False,  True,  True,  True,  True,  True, False, False,
        True]), 'state_dist': array([23.19826501,  5.64336606,  2.22430956,  3.32017803,  1.40495337,
        2.26841087,  2.47110876, 26.82026207,  4.99290281,  1.41518868])}
self.is_success:  [False False  True  True  True  True  True False False  True]
Success rate:  0.6
{'success': array([False, False,  True,  True,  True,  True,  True, False, False,
        True]), 'state_dist': array([23.19826501,  5.64336606,  2.22430956,  3.32017803,  1.40495337,
        2.26841087,  2.47110876, 26.82026207,  4.99290281,  1.41518868])}
[ok] variant=mixed_int8 budget=bA opt_steps=2 seed=3 success=0.6000
Planning device: mps
Loading wall dataset...
Loaded 1920 rollouts
Using cache found in /Users/suraj/.cache/torch/hub/facebookresearch_dinov2_main
[[102, 33, 1056, 1591, 354, 245, 790, 1323, 142, 1745, 1588, 1473, 38, 1192, 735, 832, 547, 1186, 843, 660, 869, 83, 695, 1629, 179, 1658, 157, 1758, 1747, 250, 312, 1361, 1163, 1798, 275, 1099, 1787, 964, 1066, 609, 1666, 774, 181, 1502, 407, 668, 593, 1623, 1101, 565, 1350, 1572, 1094, 512, 148, 809, 263, 1853, 908, 927, 626, 569, 1730, 757, 1574, 1866, 1107, 1706, 391, 1255, 947, 828, 1720, 1057, 19, 1364, 1575, 1914, 1562, 1909, 534, 973, 538, 1017, 646, 285, 309, 1884, 1059, 552, 697, 1702, 145, 819, 649, 665, 169, 1051, 171, 1529, 1470, 291, 1371, 1240, 1641, 1746, 1443, 1307, 1801, 369, 1365, 525, 167, 1121, 1430, 874, 528, 1459, 1617, 770, 359, 923, 507, 884, 1616, 1314, 1149, 1379, 891, 1442, 1047, 1887, 248, 1767, 1620, 283, 392, 1290, 1650, 242, 1399, 807, 159, 204, 775, 1827, 500, 1352, 700, 1265, 1102, 149, 1440, 1258, 1738, 347, 690, 468, 1726, 1234, 1126, 868, 1501, 621, 585, 1523, 121, 1108, 846, 1167, 1405, 114, 474, 1406, 195, 1144, 586, 384, 1680, 298, 308, 529, 901, 475, 992, 1811, 1655, 914, 1598, 560, 1452, 385, 1032, 1895, 756, 1893, 485, 1293, 1876, 378, 206, 61, 1762, 1335, 1779, 1062, 111, 550, 1357, 284, 1074, 880, 592, 712, 1454, 1660, 1067, 946, 1011, 193, 1838, 1072, 1065, 1267, 1217, 591, 678, 792, 180, 1313, 69, 84, 1603, 1775, 201, 1415, 457, 1359, 400, 1759, 1081, 554, 471, 1841, 446, 1670, 688, 140, 1600, 871, 1093, 460, 1831, 818, 940, 1128, 614, 1000, 987, 1048, 72, 465, 804, 1804, 826, 1006, 1129, 270, 954, 86, 107, 1744, 751, 1143, 1554, 1750, 556, 1692, 664, 943, 907, 1713, 881, 1793, 849, 972, 264, 1431, 1040, 1391, 680, 1864, 724, 1549, 455, 600, 389, 1301, 1262, 1073, 1216, 613, 314, 15, 657, 896, 549, 575, 719, 545, 937, 1585, 165, 1252, 338, 970, 1366, 1247, 1024, 14, 855, 212, 887, 977, 1225, 776, 10, 1903, 1423, 596, 726, 431, 959, 1159, 1033, 1458, 1196, 1526, 317, 1358, 454, 1647, 976, 773, 1786, 1462, 488, 41, 571, 1464, 599, 979, 864, 18, 306, 1299, 797, 332, 1424, 1286, 66, 51, 1230, 1527, 1042, 762, 219, 487, 1026, 1282, 1285, 1503, 1597, 1573, 758, 999, 30, 1215, 1315, 1227, 387, 1867, 1421, 220, 932, 1829, 26, 1822, 290, 1088, 1902, 429, 463, 197, 1156, 1539, 1491, 1027, 1901, 733, 1879, 833, 278, 1251, 1899, 1642, 73, 272, 1019, 1084, 1346, 1803, 845, 568, 286, 76, 956, 1237, 48, 939, 1601, 481, 1187, 176, 1231, 1545, 1664, 1244, 87, 47, 194, 1586, 1316, 1125, 1649, 1077, 995, 1665, 1428, 1219, 1712, 1038, 542, 998, 70, 929, 1648, 476, 886, 1134, 1733, 854, 853, 1283, 1432, 1723, 1269, 281, 1174, 110, 1685, 1868, 777, 1522, 353, 798, 1773, 409, 768, 1273, 1490, 221, 1154, 1499, 71, 1637, 720, 1850, 1198, 1755, 1915, 716, 1900, 1835, 672, 319, 1536, 226, 1472, 1602, 969, 492, 428, 895, 814, 1133, 62, 656, 1722, 1621, 1142, 1087, 524, 1590, 1030, 650, 1451, 1913, 1259, 1917, 544, 377, 862, 1202, 1177, 1274, 1123, 617, 605, 1106, 1855, 422, 1769, 362, 1721, 1329, 1206, 1506, 135, 1320, 217, 120, 1120, 1836, 710, 717, 1799, 1557, 722, 1694, 405, 375, 1034, 260, 1496, 411, 1672, 28, 637, 373, 1808, 134, 1012, 536, 1752, 983, 1135, 1576, 483, 13, 404, 841, 1172, 1041, 1843, 161, 847, 1369, 1910, 1782, 1671, 1376, 1856, 498, 806, 635, 1212, 438, 835, 1849, 1109, 1349, 1043, 2, 466, 610, 1165, 885, 951, 344, 300, 1807, 1908, 287, 1877, 705, 1872, 1581, 985, 328, 708, 730, 350, 307, 146, 840, 1180, 494, 16, 555, 1368, 1780, 779, 1771, 1203, 1754, 744, 863, 1684, 639, 1919, 738, 938, 1053, 618, 91, 1886, 1028, 472, 1050, 138, 131, 89, 416, 991, 1254, 467, 227, 1765, 1634, 1789, 1622, 1205, 1874, 839, 1151, 654, 1182, 815, 470, 670, 150, 718, 352, 1579, 879, 443, 1690, 32, 435, 1383, 501, 882, 1085, 1176, 1382, 1171, 686, 1140, 1105, 800, 1516, 1485, 516, 1475, 1434, 1911, 889, 239, 652, 1535, 1639, 335, 1325, 1784, 765, 663, 1224, 448, 1815, 739, 1812, 1076, 747, 1467, 732, 1654, 1828, 502, 1319, 1425, 1160, 1468, 368, 1732, 1248, 143, 808, 674, 713, 129, 1599, 288, 1005, 1643, 1729, 1918, 1064, 279, 1741, 406, 867, 729, 604, 1220, 750, 304, 936, 215, 1626, 1778, 1031, 1756, 305, 1699, 412, 1387, 1640, 210, 188, 253, 645, 1279, 349, 1898, 262, 1082, 213, 255, 1514, 1375, 576, 698, 986, 1119, 508, 1753, 104, 1296, 1380, 128, 163, 693, 1524, 924, 842, 812, 1348, 199, 1386, 1628, 1435, 1772, 817, 931, 334, 1360, 390, 1413, 1783, 944, 905, 1271, 1132, 1857, 35, 340, 1461, 506, 1150, 1455, 594, 1020, 1178, 1770, 1389, 1276, 1355, 1228, 990, 1480, 1100, 1326, 282, 1321, 852, 200, 1146, 1253, 49, 1682, 1221, 1840, 1525, 1037, 1170, 1800, 648, 1243, 266, 926, 782, 1667, 984, 570, 1289, 1860, 893, 1630, 479, 339, 246, 866, 1631, 211, 684, 60, 125, 1513, 836, 43, 1450, 515, 1256, 244, 1063, 1693, 913, 966, 54, 432, 1869, 254, 1916, 577, 1096, 540, 1075, 1261, 1871, 1587, 381, 634, 205, 269, 489, 1890, 37, 746, 386, 551, 1414, 953, 1403, 709, 622, 1497, 1561, 1324, 158, 624, 426, 1466, 44, 267, 994, 318, 1398, 397, 95, 786, 81, 1332, 837, 289, 865, 965, 67, 1696, 816, 1044, 820, 229, 1400, 1362, 491, 1139, 1873, 1338, 559, 1016, 1021, 1436, 1002, 1797, 40, 224, 1615, 1385, 941, 1308, 978, 794, 231, 834, 1675, 1736, 31, 1181, 562, 831, 1272, 767, 372, 1825, 1669, 760, 380, 1343, 42, 1351, 1337, 1441, 268, 1644, 1015, 52, 1469, 1861, 1481, 22, 1605, 361, 1381, 410, 1333, 975, 1046, 1595, 348, 1768, 366, 1281, 772, 974, 495, 358, 590, 187, 631, 1695, 687, 1328, 572, 588, 1805, 620, 1577, 1449, 1433, 1659, 320, 418, 346, 602, 573, 1709, 1300, 113, 427, 1891, 1341, 236, 1001, 370, 723, 1092, 1560, 379, 662, 79, 850, 1704, 824, 627, 436, 666, 1103, 653, 945, 1370, 1232, 587, 234, 103, 1858, 934, 1420, 123, 1818, 1310, 499, 1739, 1493, 1847, 1553, 740, 124, 1260, 1378, 1842, 1777, 1816, 1543, 749, 608, 1563, 996, 25, 101, 90, 459, 337, 122, 580, 829, 533, 292, 452, 1614, 1183, 1322, 1278, 521, 1136, 1190, 96, 259, 1645, 1008, 1888, 342, 445, 1504, 162, 382, 1894, 784, 1404, 1531, 1312, 444, 1097, 1447, 1280, 872, 168, 50, 1687, 1593, 1610, 98, 1242, 769, 642, 1309, 888, 433, 302, 1263, 1169, 1656, 1295, 243, 921, 1438, 1161, 877, 640, 1541, 24, 703, 980, 1173, 935, 1519, 440, 1512, 1137, 822, 1014, 310, 511, 583, 1518, 458, 274, 109, 856, 522, 11, 462, 1236, 232, 633, 1567, 1241, 989, 1725, 280, 875, 1083, 1833, 324, 1566, 249, 172, 696, 1505, 1010, 1477, 1327, 910, 861, 88, 99, 357, 437, 80, 1292, 764, 175, 395, 1716, 699, 1483, 1717, 673, 623, 1697, 1479, 1060, 1651, 553, 981, 218, 1110, 185, 77, 900, 371, 904, 1390, 21, 1882, 595, 1718, 1476, 152, 420, 918, 192, 1679, 1484, 1863, 787, 567, 851, 441, 530, 517, 1419, 1388, 329, 301, 1330, 876, 478, 1530, 676, 1844, 403, 74, 647, 728, 230, 519, 256, 737, 235, 1796, 182, 858, 504, 1287, 1124, 1229, 294, 625, 894, 759, 1544, 330, 1711, 505, 903, 1055, 1238, 1397, 1686, 136, 1275, 1580, 1584, 59, 1112, 1636, 166, 655, 1520, 1540, 374, 496, 414, 1226, 154, 860, 531, 1465, 1345, 1662, 1284, 669, 1627, 1408, 36, 191, 1748, 7, 1498, 802, 325, 957, 208, 228, 1201, 950, 1318, 155, 948, 133, 920, 442, 225, 611, 1633, 796, 667, 1652, 1304, 1609, 1611, 527, 1427, 1354, 689, 930, 870, 925, 56, 1402, 100, 189, 1068, 1737, 322, 523, 247, 971, 1445, 55, 579, 1374, 1571, 1521, 890, 785, 58, 671, 1608, 1168, 1742, 899, 299, 778, 1542, 761, 566, 46, 1708, 1719, 351, 1392, 651, 1764, 811, 449, 922, 261, 1036, 694, 127, 1114, 707, 1487, 1852, 1802, 873, 174, 1865, 1710, 763, 164, 1632, 345, 539, 1141, 805, 919, 911, 184, 548, 1422, 1625, 1155, 399, 1795, 1845, 1889, 1565, 45, 603, 1444, 1517, 1823, 1246, 477, 64, 1164, 1411, 781, 8, 1635, 1583, 1200, 241, 151, 177, 333, 629, 1453, 293, 1760, 636, 1239, 1115, 727, 273, 1394, 1266, 1184, 1619, 1743, 313, 1904, 982, 1367, 153, 564, 1806, 331, 1862, 1848, 606, 1264, 57, 97, 1774, 1814, 1086, 1029, 393, 1488, 85, 1509, 1550, 725, 1638, 1846, 1342, 1728, 993, 421, 1781, 681, 473, 1604, 364, 1613, 679, 780, 1885, 581, 1130, 116, 823, 355, 736, 75, 398, 557, 1740, 1515, 1596, 1250, 641, 1683, 198, 1363, 589, 1223, 1209, 417, 209, 1810, 9, 535, 1500, 1881, 1208, 909, 0, 702, 1897, 598, 1189, 748, 675, 1691, 1152, 755, 4, 1416, 830, 439, 1222, 1340, 692, 1003, 34, 356, 170, 1761, 1657, 1578, 401, 795, 1507, 997, 644, 1166, 447, 518, 563, 336, 1820, 343, 597, 844, 1058, 497, 311, 1463, 754, 1218, 1191, 1148, 1612, 1022, 1344, 1776, 942, 906, 1409, 1098, 130, 1418, 1830, 190, 1303, 1749, 607, 825, 92, 677, 628, 326, 715, 949, 27, 1537, 1025, 1439, 1277, 396, 1270, 53, 558, 584, 616, 630, 1533, 532, 1113, 612, 1080, 173, 1090, 838, 17, 897, 1306, 1311, 1131, 388, 1118, 1528, 1426, 1257, 1460, 1714, 1407, 144, 1734, 258, 1731, 526, 367, 1834, 126, 1104, 638, 791, 265, 223, 461, 1457, 139, 456, 1905, 1663, 1412, 1568, 1763, 883, 1661, 1678, 493, 1606, 1813, 541, 1757, 276, 296, 1673, 222, 1707, 183, 257, 615, 1478, 742, 376, 810, 661, 365, 156, 1298, 1701, 1653, 202, 1334, 1197, 1482, 106, 323, 1448, 1558, 1179, 1854, 902, 1049, 297, 216, 1268, 277, 1336, 1393, 65, 1456, 1052, 5, 1735, 1495, 1175, 988, 117, 721, 1788, 315, 1819, 1305, 1794, 520, 543, 1214, 917, 731, 1091, 1147, 1070, 68, 892, 1486, 464, 783, 115, 1883, 1372, 752, 383, 1122, 582, 1039, 1213, 574, 1594, 1870, 1111, 1792, 706, 1674, 233, 1607, 691, 1417, 1071, 711, 1538, 252, 741, 1396, 1211, 1429, 1906, 513, 799, 1384, 1138, 1688, 1681, 1045, 961, 743, 1824, 619, 766, 1727, 147, 827, 1117, 1547, 1892, 39, 82, 1546, 963, 178, 658, 1592, 425, 484, 415, 1204, 1331, 1207, 561, 912, 451, 1548, 1494, 1210, 1676, 685, 1291, 793, 632, 1018], [1054, 207, 1715, 1233, 514, 238, 1377, 1677, 878, 1624, 1145, 1009, 469, 962, 1194, 93, 1556, 1851, 1569, 1089, 745, 423, 23, 821, 29, 1401, 789, 1791, 788, 1079, 1347, 503, 1199, 753, 848, 1294, 801, 682, 955, 112, 1188, 402, 1878, 1817, 1288, 1821, 1245, 1302, 1007, 1705, 271, 510, 1510, 327, 1127, 486, 1555, 1004, 1589, 1511, 1700, 1373, 1668, 341, 1489, 1790, 1492, 321, 659, 578, 303, 118, 960, 453, 160, 683, 1832, 434, 701, 928, 480, 1446, 1552, 704, 94, 1317, 1410, 394, 186, 771, 859, 1395, 1646, 1570, 1353, 714, 1297, 360, 1153, 1185, 1766, 1471, 1013, 1356, 1437, 78, 63, 1618, 537, 482, 3, 450, 1339, 490, 857, 251, 898, 916, 546, 1809, 1689, 1078, 1069, 1, 1035, 1534, 1158, 203, 1837, 1095, 1235, 295, 933, 1474, 1559, 240, 105, 419, 1751, 1061, 1896, 1162, 1508, 1195, 237, 509, 1875, 6, 1564, 1698, 1907, 20, 1023, 1157, 1724, 132, 1912, 108, 1839, 734, 413, 316, 1249, 1880, 430, 915, 952, 813, 1532, 1116, 1859, 137, 1703, 141, 1785, 1582, 643, 119, 12, 968, 1193, 408, 214, 601, 967, 803, 1551, 363, 424, 958, 1826, 196]]
Resuming from epoch 65: /Users/suraj/Downloads/outputs/wall_single/checkpoints/model_latest.pth
num_action_repeat: 1
num_proprio_repeat: 1
proprio encoder: ProprioceptiveEmbedding(
  (patch_embed): Conv1d(2, 10, kernel_size=(1,), stride=(1,))
)
action encoder: ProprioceptiveEmbedding(
  (patch_embed): Conv1d(10, 10, kernel_size=(1,), stride=(1,))
)
proprio_dim: 10, after repeat: 10
action_dim: 10, after repeat: 10
emb_dim: 404
Model emb_dim:  404
eval_seed:  [11, 12, 13, 14, 15, 16, 17, 18, 19, 20]
Dumped plan targets to /Users/suraj/Desktop/EAI_DINO/results/wall_transition/transition_run_v2/uniform_int4/budget_bA/seed_1/plan_targets.pkl
Success rate:  0.0
{'success': array([False, False, False, False, False, False, False, False, False,
       False]), 'state_dist': array([23.14457174, 29.51356966, 15.28558441, 44.39854245, 16.4522852 ,
       32.92075654, 23.17105698, 33.47650659, 30.13778198, 29.23467847])}
Success rate:  0.0
{'success': array([False, False, False, False, False, False, False, False, False,
       False]), 'state_dist': array([ 9.61010938, 22.49531484, 16.33850752, 33.71625408, 15.3560432 ,
       25.42252848, 22.39362549, 25.10525706, 28.96842135, 22.23971791])}
MPC iter 0 Eval ------- 
Success rate:  0.0
{'success': array([False, False, False, False, False, False, False, False, False,
       False]), 'state_dist': array([ 9.61010938, 22.49531484, 16.33850752, 33.71625408, 15.3560432 ,
       25.42252848, 22.39362549, 25.10525706, 28.96842135, 22.23971791])}
self.is_success:  [False False False False False False False False False False]
Success rate:  0.1
{'success': array([ True, False, False, False, False, False, False, False, False,
       False]), 'state_dist': array([ 3.76566074, 16.98722252, 16.40018407, 27.16842102, 13.73102909,
       16.18258752, 20.5887067 , 18.31346622, 20.87724251, 17.92213231])}
Success rate:  0.1
{'success': array([False, False, False, False, False,  True, False, False, False,
       False]), 'state_dist': array([ 7.09528583, 12.73383514, 17.43126948, 25.66293201, 14.89203169,
        4.18809088, 15.39240432,  7.85322469, 13.09757719, 17.61403237])}
MPC iter 1 Eval ------- 
Success rate:  0.1
{'success': array([False, False, False, False, False,  True, False, False, False,
       False]), 'state_dist': array([ 7.09528583, 12.73383514, 17.43126948, 25.66293201, 14.89203169,
        4.18809088, 15.39240432,  7.85322469, 13.09757719, 17.61403237])}
self.is_success:  [False False False False False  True False False False False]
Success rate:  0.1
{'success': array([False, False, False, False, False,  True, False, False, False,
       False]), 'state_dist': array([ 7.09528583, 12.73383514, 17.43126948, 25.66293201, 14.89203169,
        4.18809088, 15.39240432,  7.85322469, 13.09757719, 17.61403237])}
[ok] variant=uniform_int4 budget=bA opt_steps=2 seed=1 success=0.1000
Planning device: mps
Loading wall dataset...
Loaded 1920 rollouts
Using cache found in /Users/suraj/.cache/torch/hub/facebookresearch_dinov2_main
[[102, 33, 1056, 1591, 354, 245, 790, 1323, 142, 1745, 1588, 1473, 38, 1192, 735, 832, 547, 1186, 843, 660, 869, 83, 695, 1629, 179, 1658, 157, 1758, 1747, 250, 312, 1361, 1163, 1798, 275, 1099, 1787, 964, 1066, 609, 1666, 774, 181, 1502, 407, 668, 593, 1623, 1101, 565, 1350, 1572, 1094, 512, 148, 809, 263, 1853, 908, 927, 626, 569, 1730, 757, 1574, 1866, 1107, 1706, 391, 1255, 947, 828, 1720, 1057, 19, 1364, 1575, 1914, 1562, 1909, 534, 973, 538, 1017, 646, 285, 309, 1884, 1059, 552, 697, 1702, 145, 819, 649, 665, 169, 1051, 171, 1529, 1470, 291, 1371, 1240, 1641, 1746, 1443, 1307, 1801, 369, 1365, 525, 167, 1121, 1430, 874, 528, 1459, 1617, 770, 359, 923, 507, 884, 1616, 1314, 1149, 1379, 891, 1442, 1047, 1887, 248, 1767, 1620, 283, 392, 1290, 1650, 242, 1399, 807, 159, 204, 775, 1827, 500, 1352, 700, 1265, 1102, 149, 1440, 1258, 1738, 347, 690, 468, 1726, 1234, 1126, 868, 1501, 621, 585, 1523, 121, 1108, 846, 1167, 1405, 114, 474, 1406, 195, 1144, 586, 384, 1680, 298, 308, 529, 901, 475, 992, 1811, 1655, 914, 1598, 560, 1452, 385, 1032, 1895, 756, 1893, 485, 1293, 1876, 378, 206, 61, 1762, 1335, 1779, 1062, 111, 550, 1357, 284, 1074, 880, 592, 712, 1454, 1660, 1067, 946, 1011, 193, 1838, 1072, 1065, 1267, 1217, 591, 678, 792, 180, 1313, 69, 84, 1603, 1775, 201, 1415, 457, 1359, 400, 1759, 1081, 554, 471, 1841, 446, 1670, 688, 140, 1600, 871, 1093, 460, 1831, 818, 940, 1128, 614, 1000, 987, 1048, 72, 465, 804, 1804, 826, 1006, 1129, 270, 954, 86, 107, 1744, 751, 1143, 1554, 1750, 556, 1692, 664, 943, 907, 1713, 881, 1793, 849, 972, 264, 1431, 1040, 1391, 680, 1864, 724, 1549, 455, 600, 389, 1301, 1262, 1073, 1216, 613, 314, 15, 657, 896, 549, 575, 719, 545, 937, 1585, 165, 1252, 338, 970, 1366, 1247, 1024, 14, 855, 212, 887, 977, 1225, 776, 10, 1903, 1423, 596, 726, 431, 959, 1159, 1033, 1458, 1196, 1526, 317, 1358, 454, 1647, 976, 773, 1786, 1462, 488, 41, 571, 1464, 599, 979, 864, 18, 306, 1299, 797, 332, 1424, 1286, 66, 51, 1230, 1527, 1042, 762, 219, 487, 1026, 1282, 1285, 1503, 1597, 1573, 758, 999, 30, 1215, 1315, 1227, 387, 1867, 1421, 220, 932, 1829, 26, 1822, 290, 1088, 1902, 429, 463, 197, 1156, 1539, 1491, 1027, 1901, 733, 1879, 833, 278, 1251, 1899, 1642, 73, 272, 1019, 1084, 1346, 1803, 845, 568, 286, 76, 956, 1237, 48, 939, 1601, 481, 1187, 176, 1231, 1545, 1664, 1244, 87, 47, 194, 1586, 1316, 1125, 1649, 1077, 995, 1665, 1428, 1219, 1712, 1038, 542, 998, 70, 929, 1648, 476, 886, 1134, 1733, 854, 853, 1283, 1432, 1723, 1269, 281, 1174, 110, 1685, 1868, 777, 1522, 353, 798, 1773, 409, 768, 1273, 1490, 221, 1154, 1499, 71, 1637, 720, 1850, 1198, 1755, 1915, 716, 1900, 1835, 672, 319, 1536, 226, 1472, 1602, 969, 492, 428, 895, 814, 1133, 62, 656, 1722, 1621, 1142, 1087, 524, 1590, 1030, 650, 1451, 1913, 1259, 1917, 544, 377, 862, 1202, 1177, 1274, 1123, 617, 605, 1106, 1855, 422, 1769, 362, 1721, 1329, 1206, 1506, 135, 1320, 217, 120, 1120, 1836, 710, 717, 1799, 1557, 722, 1694, 405, 375, 1034, 260, 1496, 411, 1672, 28, 637, 373, 1808, 134, 1012, 536, 1752, 983, 1135, 1576, 483, 13, 404, 841, 1172, 1041, 1843, 161, 847, 1369, 1910, 1782, 1671, 1376, 1856, 498, 806, 635, 1212, 438, 835, 1849, 1109, 1349, 1043, 2, 466, 610, 1165, 885, 951, 344, 300, 1807, 1908, 287, 1877, 705, 1872, 1581, 985, 328, 708, 730, 350, 307, 146, 840, 1180, 494, 16, 555, 1368, 1780, 779, 1771, 1203, 1754, 744, 863, 1684, 639, 1919, 738, 938, 1053, 618, 91, 1886, 1028, 472, 1050, 138, 131, 89, 416, 991, 1254, 467, 227, 1765, 1634, 1789, 1622, 1205, 1874, 839, 1151, 654, 1182, 815, 470, 670, 150, 718, 352, 1579, 879, 443, 1690, 32, 435, 1383, 501, 882, 1085, 1176, 1382, 1171, 686, 1140, 1105, 800, 1516, 1485, 516, 1475, 1434, 1911, 889, 239, 652, 1535, 1639, 335, 1325, 1784, 765, 663, 1224, 448, 1815, 739, 1812, 1076, 747, 1467, 732, 1654, 1828, 502, 1319, 1425, 1160, 1468, 368, 1732, 1248, 143, 808, 674, 713, 129, 1599, 288, 1005, 1643, 1729, 1918, 1064, 279, 1741, 406, 867, 729, 604, 1220, 750, 304, 936, 215, 1626, 1778, 1031, 1756, 305, 1699, 412, 1387, 1640, 210, 188, 253, 645, 1279, 349, 1898, 262, 1082, 213, 255, 1514, 1375, 576, 698, 986, 1119, 508, 1753, 104, 1296, 1380, 128, 163, 693, 1524, 924, 842, 812, 1348, 199, 1386, 1628, 1435, 1772, 817, 931, 334, 1360, 390, 1413, 1783, 944, 905, 1271, 1132, 1857, 35, 340, 1461, 506, 1150, 1455, 594, 1020, 1178, 1770, 1389, 1276, 1355, 1228, 990, 1480, 1100, 1326, 282, 1321, 852, 200, 1146, 1253, 49, 1682, 1221, 1840, 1525, 1037, 1170, 1800, 648, 1243, 266, 926, 782, 1667, 984, 570, 1289, 1860, 893, 1630, 479, 339, 246, 866, 1631, 211, 684, 60, 125, 1513, 836, 43, 1450, 515, 1256, 244, 1063, 1693, 913, 966, 54, 432, 1869, 254, 1916, 577, 1096, 540, 1075, 1261, 1871, 1587, 381, 634, 205, 269, 489, 1890, 37, 746, 386, 551, 1414, 953, 1403, 709, 622, 1497, 1561, 1324, 158, 624, 426, 1466, 44, 267, 994, 318, 1398, 397, 95, 786, 81, 1332, 837, 289, 865, 965, 67, 1696, 816, 1044, 820, 229, 1400, 1362, 491, 1139, 1873, 1338, 559, 1016, 1021, 1436, 1002, 1797, 40, 224, 1615, 1385, 941, 1308, 978, 794, 231, 834, 1675, 1736, 31, 1181, 562, 831, 1272, 767, 372, 1825, 1669, 760, 380, 1343, 42, 1351, 1337, 1441, 268, 1644, 1015, 52, 1469, 1861, 1481, 22, 1605, 361, 1381, 410, 1333, 975, 1046, 1595, 348, 1768, 366, 1281, 772, 974, 495, 358, 590, 187, 631, 1695, 687, 1328, 572, 588, 1805, 620, 1577, 1449, 1433, 1659, 320, 418, 346, 602, 573, 1709, 1300, 113, 427, 1891, 1341, 236, 1001, 370, 723, 1092, 1560, 379, 662, 79, 850, 1704, 824, 627, 436, 666, 1103, 653, 945, 1370, 1232, 587, 234, 103, 1858, 934, 1420, 123, 1818, 1310, 499, 1739, 1493, 1847, 1553, 740, 124, 1260, 1378, 1842, 1777, 1816, 1543, 749, 608, 1563, 996, 25, 101, 90, 459, 337, 122, 580, 829, 533, 292, 452, 1614, 1183, 1322, 1278, 521, 1136, 1190, 96, 259, 1645, 1008, 1888, 342, 445, 1504, 162, 382, 1894, 784, 1404, 1531, 1312, 444, 1097, 1447, 1280, 872, 168, 50, 1687, 1593, 1610, 98, 1242, 769, 642, 1309, 888, 433, 302, 1263, 1169, 1656, 1295, 243, 921, 1438, 1161, 877, 640, 1541, 24, 703, 980, 1173, 935, 1519, 440, 1512, 1137, 822, 1014, 310, 511, 583, 1518, 458, 274, 109, 856, 522, 11, 462, 1236, 232, 633, 1567, 1241, 989, 1725, 280, 875, 1083, 1833, 324, 1566, 249, 172, 696, 1505, 1010, 1477, 1327, 910, 861, 88, 99, 357, 437, 80, 1292, 764, 175, 395, 1716, 699, 1483, 1717, 673, 623, 1697, 1479, 1060, 1651, 553, 981, 218, 1110, 185, 77, 900, 371, 904, 1390, 21, 1882, 595, 1718, 1476, 152, 420, 918, 192, 1679, 1484, 1863, 787, 567, 851, 441, 530, 517, 1419, 1388, 329, 301, 1330, 876, 478, 1530, 676, 1844, 403, 74, 647, 728, 230, 519, 256, 737, 235, 1796, 182, 858, 504, 1287, 1124, 1229, 294, 625, 894, 759, 1544, 330, 1711, 505, 903, 1055, 1238, 1397, 1686, 136, 1275, 1580, 1584, 59, 1112, 1636, 166, 655, 1520, 1540, 374, 496, 414, 1226, 154, 860, 531, 1465, 1345, 1662, 1284, 669, 1627, 1408, 36, 191, 1748, 7, 1498, 802, 325, 957, 208, 228, 1201, 950, 1318, 155, 948, 133, 920, 442, 225, 611, 1633, 796, 667, 1652, 1304, 1609, 1611, 527, 1427, 1354, 689, 930, 870, 925, 56, 1402, 100, 189, 1068, 1737, 322, 523, 247, 971, 1445, 55, 579, 1374, 1571, 1521, 890, 785, 58, 671, 1608, 1168, 1742, 899, 299, 778, 1542, 761, 566, 46, 1708, 1719, 351, 1392, 651, 1764, 811, 449, 922, 261, 1036, 694, 127, 1114, 707, 1487, 1852, 1802, 873, 174, 1865, 1710, 763, 164, 1632, 345, 539, 1141, 805, 919, 911, 184, 548, 1422, 1625, 1155, 399, 1795, 1845, 1889, 1565, 45, 603, 1444, 1517, 1823, 1246, 477, 64, 1164, 1411, 781, 8, 1635, 1583, 1200, 241, 151, 177, 333, 629, 1453, 293, 1760, 636, 1239, 1115, 727, 273, 1394, 1266, 1184, 1619, 1743, 313, 1904, 982, 1367, 153, 564, 1806, 331, 1862, 1848, 606, 1264, 57, 97, 1774, 1814, 1086, 1029, 393, 1488, 85, 1509, 1550, 725, 1638, 1846, 1342, 1728, 993, 421, 1781, 681, 473, 1604, 364, 1613, 679, 780, 1885, 581, 1130, 116, 823, 355, 736, 75, 398, 557, 1740, 1515, 1596, 1250, 641, 1683, 198, 1363, 589, 1223, 1209, 417, 209, 1810, 9, 535, 1500, 1881, 1208, 909, 0, 702, 1897, 598, 1189, 748, 675, 1691, 1152, 755, 4, 1416, 830, 439, 1222, 1340, 692, 1003, 34, 356, 170, 1761, 1657, 1578, 401, 795, 1507, 997, 644, 1166, 447, 518, 563, 336, 1820, 343, 597, 844, 1058, 497, 311, 1463, 754, 1218, 1191, 1148, 1612, 1022, 1344, 1776, 942, 906, 1409, 1098, 130, 1418, 1830, 190, 1303, 1749, 607, 825, 92, 677, 628, 326, 715, 949, 27, 1537, 1025, 1439, 1277, 396, 1270, 53, 558, 584, 616, 630, 1533, 532, 1113, 612, 1080, 173, 1090, 838, 17, 897, 1306, 1311, 1131, 388, 1118, 1528, 1426, 1257, 1460, 1714, 1407, 144, 1734, 258, 1731, 526, 367, 1834, 126, 1104, 638, 791, 265, 223, 461, 1457, 139, 456, 1905, 1663, 1412, 1568, 1763, 883, 1661, 1678, 493, 1606, 1813, 541, 1757, 276, 296, 1673, 222, 1707, 183, 257, 615, 1478, 742, 376, 810, 661, 365, 156, 1298, 1701, 1653, 202, 1334, 1197, 1482, 106, 323, 1448, 1558, 1179, 1854, 902, 1049, 297, 216, 1268, 277, 1336, 1393, 65, 1456, 1052, 5, 1735, 1495, 1175, 988, 117, 721, 1788, 315, 1819, 1305, 1794, 520, 543, 1214, 917, 731, 1091, 1147, 1070, 68, 892, 1486, 464, 783, 115, 1883, 1372, 752, 383, 1122, 582, 1039, 1213, 574, 1594, 1870, 1111, 1792, 706, 1674, 233, 1607, 691, 1417, 1071, 711, 1538, 252, 741, 1396, 1211, 1429, 1906, 513, 799, 1384, 1138, 1688, 1681, 1045, 961, 743, 1824, 619, 766, 1727, 147, 827, 1117, 1547, 1892, 39, 82, 1546, 963, 178, 658, 1592, 425, 484, 415, 1204, 1331, 1207, 561, 912, 451, 1548, 1494, 1210, 1676, 685, 1291, 793, 632, 1018], [1054, 207, 1715, 1233, 514, 238, 1377, 1677, 878, 1624, 1145, 1009, 469, 962, 1194, 93, 1556, 1851, 1569, 1089, 745, 423, 23, 821, 29, 1401, 789, 1791, 788, 1079, 1347, 503, 1199, 753, 848, 1294, 801, 682, 955, 112, 1188, 402, 1878, 1817, 1288, 1821, 1245, 1302, 1007, 1705, 271, 510, 1510, 327, 1127, 486, 1555, 1004, 1589, 1511, 1700, 1373, 1668, 341, 1489, 1790, 1492, 321, 659, 578, 303, 118, 960, 453, 160, 683, 1832, 434, 701, 928, 480, 1446, 1552, 704, 94, 1317, 1410, 394, 186, 771, 859, 1395, 1646, 1570, 1353, 714, 1297, 360, 1153, 1185, 1766, 1471, 1013, 1356, 1437, 78, 63, 1618, 537, 482, 3, 450, 1339, 490, 857, 251, 898, 916, 546, 1809, 1689, 1078, 1069, 1, 1035, 1534, 1158, 203, 1837, 1095, 1235, 295, 933, 1474, 1559, 240, 105, 419, 1751, 1061, 1896, 1162, 1508, 1195, 237, 509, 1875, 6, 1564, 1698, 1907, 20, 1023, 1157, 1724, 132, 1912, 108, 1839, 734, 413, 316, 1249, 1880, 430, 915, 952, 813, 1532, 1116, 1859, 137, 1703, 141, 1785, 1582, 643, 119, 12, 968, 1193, 408, 214, 601, 967, 803, 1551, 363, 424, 958, 1826, 196]]
Resuming from epoch 65: /Users/suraj/Downloads/outputs/wall_single/checkpoints/model_latest.pth
num_action_repeat: 1
num_proprio_repeat: 1
proprio encoder: ProprioceptiveEmbedding(
  (patch_embed): Conv1d(2, 10, kernel_size=(1,), stride=(1,))
)
action encoder: ProprioceptiveEmbedding(
  (patch_embed): Conv1d(10, 10, kernel_size=(1,), stride=(1,))
)
proprio_dim: 10, after repeat: 10
action_dim: 10, after repeat: 10
emb_dim: 404
Model emb_dim:  404
eval_seed:  [21, 22, 23, 24, 25, 26, 27, 28, 29, 30]
Dumped plan targets to /Users/suraj/Desktop/EAI_DINO/results/wall_transition/transition_run_v2/uniform_int4/budget_bA/seed_2/plan_targets.pkl
Success rate:  0.0
{'success': array([False, False, False, False, False, False, False, False, False,
       False]), 'state_dist': array([37.78610208, 32.73359934, 34.39917125, 50.96747259, 15.27998602,
       22.78112234, 25.62210373, 22.4122008 , 29.29282719, 24.65686247])}
Success rate:  0.0
{'success': array([False, False, False, False, False, False, False, False, False,
       False]), 'state_dist': array([30.45765437, 24.73808433, 26.39615369, 51.48103637, 16.21997111,
       19.79219549, 22.35734704, 20.67632701, 24.54510542, 12.39812829])}
MPC iter 0 Eval ------- 
Success rate:  0.0
{'success': array([False, False, False, False, False, False, False, False, False,
       False]), 'state_dist': array([30.45765437, 24.73808433, 26.39615369, 51.48103637, 16.21997111,
       19.79219549, 22.35734704, 20.67632701, 24.54510542, 12.39812829])}
self.is_success:  [False False False False False False False False False False]
Success rate:  0.0
{'success': array([False, False, False, False, False, False, False, False, False,
       False]), 'state_dist': array([31.91579781, 23.93666398, 16.56355806, 53.92318563,  5.42268391,
       19.42230116, 20.56201835, 17.2663884 , 14.76830067,  9.6466995 ])}
Success rate:  0.1
{'success': array([False, False,  True, False, False, False, False, False, False,
       False]), 'state_dist': array([30.51320217, 24.30607147,  3.88265251, 54.00372666,  7.0414115 ,
       19.62059734, 20.98291764, 14.71855571,  7.9632342 ,  8.25381471])}
MPC iter 1 Eval ------- 
Success rate:  0.1
{'success': array([False, False,  True, False, False, False, False, False, False,
       False]), 'state_dist': array([30.51320217, 24.30607147,  3.88265251, 54.00372666,  7.0414115 ,
       19.62059734, 20.98291764, 14.71855571,  7.9632342 ,  8.25381471])}
self.is_success:  [False False  True False False False False False False False]
Success rate:  0.1
{'success': array([False, False,  True, False, False, False, False, False, False,
       False]), 'state_dist': array([30.51320217, 24.30607147,  3.88265251, 54.00372666,  7.0414115 ,
       19.62059734, 20.98291764, 14.71855571,  7.9632342 ,  8.25381471])}
[ok] variant=uniform_int4 budget=bA opt_steps=2 seed=2 success=0.1000
Planning device: mps
Loading wall dataset...
Loaded 1920 rollouts
Using cache found in /Users/suraj/.cache/torch/hub/facebookresearch_dinov2_main
[[102, 33, 1056, 1591, 354, 245, 790, 1323, 142, 1745, 1588, 1473, 38, 1192, 735, 832, 547, 1186, 843, 660, 869, 83, 695, 1629, 179, 1658, 157, 1758, 1747, 250, 312, 1361, 1163, 1798, 275, 1099, 1787, 964, 1066, 609, 1666, 774, 181, 1502, 407, 668, 593, 1623, 1101, 565, 1350, 1572, 1094, 512, 148, 809, 263, 1853, 908, 927, 626, 569, 1730, 757, 1574, 1866, 1107, 1706, 391, 1255, 947, 828, 1720, 1057, 19, 1364, 1575, 1914, 1562, 1909, 534, 973, 538, 1017, 646, 285, 309, 1884, 1059, 552, 697, 1702, 145, 819, 649, 665, 169, 1051, 171, 1529, 1470, 291, 1371, 1240, 1641, 1746, 1443, 1307, 1801, 369, 1365, 525, 167, 1121, 1430, 874, 528, 1459, 1617, 770, 359, 923, 507, 884, 1616, 1314, 1149, 1379, 891, 1442, 1047, 1887, 248, 1767, 1620, 283, 392, 1290, 1650, 242, 1399, 807, 159, 204, 775, 1827, 500, 1352, 700, 1265, 1102, 149, 1440, 1258, 1738, 347, 690, 468, 1726, 1234, 1126, 868, 1501, 621, 585, 1523, 121, 1108, 846, 1167, 1405, 114, 474, 1406, 195, 1144, 586, 384, 1680, 298, 308, 529, 901, 475, 992, 1811, 1655, 914, 1598, 560, 1452, 385, 1032, 1895, 756, 1893, 485, 1293, 1876, 378, 206, 61, 1762, 1335, 1779, 1062, 111, 550, 1357, 284, 1074, 880, 592, 712, 1454, 1660, 1067, 946, 1011, 193, 1838, 1072, 1065, 1267, 1217, 591, 678, 792, 180, 1313, 69, 84, 1603, 1775, 201, 1415, 457, 1359, 400, 1759, 1081, 554, 471, 1841, 446, 1670, 688, 140, 1600, 871, 1093, 460, 1831, 818, 940, 1128, 614, 1000, 987, 1048, 72, 465, 804, 1804, 826, 1006, 1129, 270, 954, 86, 107, 1744, 751, 1143, 1554, 1750, 556, 1692, 664, 943, 907, 1713, 881, 1793, 849, 972, 264, 1431, 1040, 1391, 680, 1864, 724, 1549, 455, 600, 389, 1301, 1262, 1073, 1216, 613, 314, 15, 657, 896, 549, 575, 719, 545, 937, 1585, 165, 1252, 338, 970, 1366, 1247, 1024, 14, 855, 212, 887, 977, 1225, 776, 10, 1903, 1423, 596, 726, 431, 959, 1159, 1033, 1458, 1196, 1526, 317, 1358, 454, 1647, 976, 773, 1786, 1462, 488, 41, 571, 1464, 599, 979, 864, 18, 306, 1299, 797, 332, 1424, 1286, 66, 51, 1230, 1527, 1042, 762, 219, 487, 1026, 1282, 1285, 1503, 1597, 1573, 758, 999, 30, 1215, 1315, 1227, 387, 1867, 1421, 220, 932, 1829, 26, 1822, 290, 1088, 1902, 429, 463, 197, 1156, 1539, 1491, 1027, 1901, 733, 1879, 833, 278, 1251, 1899, 1642, 73, 272, 1019, 1084, 1346, 1803, 845, 568, 286, 76, 956, 1237, 48, 939, 1601, 481, 1187, 176, 1231, 1545, 1664, 1244, 87, 47, 194, 1586, 1316, 1125, 1649, 1077, 995, 1665, 1428, 1219, 1712, 1038, 542, 998, 70, 929, 1648, 476, 886, 1134, 1733, 854, 853, 1283, 1432, 1723, 1269, 281, 1174, 110, 1685, 1868, 777, 1522, 353, 798, 1773, 409, 768, 1273, 1490, 221, 1154, 1499, 71, 1637, 720, 1850, 1198, 1755, 1915, 716, 1900, 1835, 672, 319, 1536, 226, 1472, 1602, 969, 492, 428, 895, 814, 1133, 62, 656, 1722, 1621, 1142, 1087, 524, 1590, 1030, 650, 1451, 1913, 1259, 1917, 544, 377, 862, 1202, 1177, 1274, 1123, 617, 605, 1106, 1855, 422, 1769, 362, 1721, 1329, 1206, 1506, 135, 1320, 217, 120, 1120, 1836, 710, 717, 1799, 1557, 722, 1694, 405, 375, 1034, 260, 1496, 411, 1672, 28, 637, 373, 1808, 134, 1012, 536, 1752, 983, 1135, 1576, 483, 13, 404, 841, 1172, 1041, 1843, 161, 847, 1369, 1910, 1782, 1671, 1376, 1856, 498, 806, 635, 1212, 438, 835, 1849, 1109, 1349, 1043, 2, 466, 610, 1165, 885, 951, 344, 300, 1807, 1908, 287, 1877, 705, 1872, 1581, 985, 328, 708, 730, 350, 307, 146, 840, 1180, 494, 16, 555, 1368, 1780, 779, 1771, 1203, 1754, 744, 863, 1684, 639, 1919, 738, 938, 1053, 618, 91, 1886, 1028, 472, 1050, 138, 131, 89, 416, 991, 1254, 467, 227, 1765, 1634, 1789, 1622, 1205, 1874, 839, 1151, 654, 1182, 815, 470, 670, 150, 718, 352, 1579, 879, 443, 1690, 32, 435, 1383, 501, 882, 1085, 1176, 1382, 1171, 686, 1140, 1105, 800, 1516, 1485, 516, 1475, 1434, 1911, 889, 239, 652, 1535, 1639, 335, 1325, 1784, 765, 663, 1224, 448, 1815, 739, 1812, 1076, 747, 1467, 732, 1654, 1828, 502, 1319, 1425, 1160, 1468, 368, 1732, 1248, 143, 808, 674, 713, 129, 1599, 288, 1005, 1643, 1729, 1918, 1064, 279, 1741, 406, 867, 729, 604, 1220, 750, 304, 936, 215, 1626, 1778, 1031, 1756, 305, 1699, 412, 1387, 1640, 210, 188, 253, 645, 1279, 349, 1898, 262, 1082, 213, 255, 1514, 1375, 576, 698, 986, 1119, 508, 1753, 104, 1296, 1380, 128, 163, 693, 1524, 924, 842, 812, 1348, 199, 1386, 1628, 1435, 1772, 817, 931, 334, 1360, 390, 1413, 1783, 944, 905, 1271, 1132, 1857, 35, 340, 1461, 506, 1150, 1455, 594, 1020, 1178, 1770, 1389, 1276, 1355, 1228, 990, 1480, 1100, 1326, 282, 1321, 852, 200, 1146, 1253, 49, 1682, 1221, 1840, 1525, 1037, 1170, 1800, 648, 1243, 266, 926, 782, 1667, 984, 570, 1289, 1860, 893, 1630, 479, 339, 246, 866, 1631, 211, 684, 60, 125, 1513, 836, 43, 1450, 515, 1256, 244, 1063, 1693, 913, 966, 54, 432, 1869, 254, 1916, 577, 1096, 540, 1075, 1261, 1871, 1587, 381, 634, 205, 269, 489, 1890, 37, 746, 386, 551, 1414, 953, 1403, 709, 622, 1497, 1561, 1324, 158, 624, 426, 1466, 44, 267, 994, 318, 1398, 397, 95, 786, 81, 1332, 837, 289, 865, 965, 67, 1696, 816, 1044, 820, 229, 1400, 1362, 491, 1139, 1873, 1338, 559, 1016, 1021, 1436, 1002, 1797, 40, 224, 1615, 1385, 941, 1308, 978, 794, 231, 834, 1675, 1736, 31, 1181, 562, 831, 1272, 767, 372, 1825, 1669, 760, 380, 1343, 42, 1351, 1337, 1441, 268, 1644, 1015, 52, 1469, 1861, 1481, 22, 1605, 361, 1381, 410, 1333, 975, 1046, 1595, 348, 1768, 366, 1281, 772, 974, 495, 358, 590, 187, 631, 1695, 687, 1328, 572, 588, 1805, 620, 1577, 1449, 1433, 1659, 320, 418, 346, 602, 573, 1709, 1300, 113, 427, 1891, 1341, 236, 1001, 370, 723, 1092, 1560, 379, 662, 79, 850, 1704, 824, 627, 436, 666, 1103, 653, 945, 1370, 1232, 587, 234, 103, 1858, 934, 1420, 123, 1818, 1310, 499, 1739, 1493, 1847, 1553, 740, 124, 1260, 1378, 1842, 1777, 1816, 1543, 749, 608, 1563, 996, 25, 101, 90, 459, 337, 122, 580, 829, 533, 292, 452, 1614, 1183, 1322, 1278, 521, 1136, 1190, 96, 259, 1645, 1008, 1888, 342, 445, 1504, 162, 382, 1894, 784, 1404, 1531, 1312, 444, 1097, 1447, 1280, 872, 168, 50, 1687, 1593, 1610, 98, 1242, 769, 642, 1309, 888, 433, 302, 1263, 1169, 1656, 1295, 243, 921, 1438, 1161, 877, 640, 1541, 24, 703, 980, 1173, 935, 1519, 440, 1512, 1137, 822, 1014, 310, 511, 583, 1518, 458, 274, 109, 856, 522, 11, 462, 1236, 232, 633, 1567, 1241, 989, 1725, 280, 875, 1083, 1833, 324, 1566, 249, 172, 696, 1505, 1010, 1477, 1327, 910, 861, 88, 99, 357, 437, 80, 1292, 764, 175, 395, 1716, 699, 1483, 1717, 673, 623, 1697, 1479, 1060, 1651, 553, 981, 218, 1110, 185, 77, 900, 371, 904, 1390, 21, 1882, 595, 1718, 1476, 152, 420, 918, 192, 1679, 1484, 1863, 787, 567, 851, 441, 530, 517, 1419, 1388, 329, 301, 1330, 876, 478, 1530, 676, 1844, 403, 74, 647, 728, 230, 519, 256, 737, 235, 1796, 182, 858, 504, 1287, 1124, 1229, 294, 625, 894, 759, 1544, 330, 1711, 505, 903, 1055, 1238, 1397, 1686, 136, 1275, 1580, 1584, 59, 1112, 1636, 166, 655, 1520, 1540, 374, 496, 414, 1226, 154, 860, 531, 1465, 1345, 1662, 1284, 669, 1627, 1408, 36, 191, 1748, 7, 1498, 802, 325, 957, 208, 228, 1201, 950, 1318, 155, 948, 133, 920, 442, 225, 611, 1633, 796, 667, 1652, 1304, 1609, 1611, 527, 1427, 1354, 689, 930, 870, 925, 56, 1402, 100, 189, 1068, 1737, 322, 523, 247, 971, 1445, 55, 579, 1374, 1571, 1521, 890, 785, 58, 671, 1608, 1168, 1742, 899, 299, 778, 1542, 761, 566, 46, 1708, 1719, 351, 1392, 651, 1764, 811, 449, 922, 261, 1036, 694, 127, 1114, 707, 1487, 1852, 1802, 873, 174, 1865, 1710, 763, 164, 1632, 345, 539, 1141, 805, 919, 911, 184, 548, 1422, 1625, 1155, 399, 1795, 1845, 1889, 1565, 45, 603, 1444, 1517, 1823, 1246, 477, 64, 1164, 1411, 781, 8, 1635, 1583, 1200, 241, 151, 177, 333, 629, 1453, 293, 1760, 636, 1239, 1115, 727, 273, 1394, 1266, 1184, 1619, 1743, 313, 1904, 982, 1367, 153, 564, 1806, 331, 1862, 1848, 606, 1264, 57, 97, 1774, 1814, 1086, 1029, 393, 1488, 85, 1509, 1550, 725, 1638, 1846, 1342, 1728, 993, 421, 1781, 681, 473, 1604, 364, 1613, 679, 780, 1885, 581, 1130, 116, 823, 355, 736, 75, 398, 557, 1740, 1515, 1596, 1250, 641, 1683, 198, 1363, 589, 1223, 1209, 417, 209, 1810, 9, 535, 1500, 1881, 1208, 909, 0, 702, 1897, 598, 1189, 748, 675, 1691, 1152, 755, 4, 1416, 830, 439, 1222, 1340, 692, 1003, 34, 356, 170, 1761, 1657, 1578, 401, 795, 1507, 997, 644, 1166, 447, 518, 563, 336, 1820, 343, 597, 844, 1058, 497, 311, 1463, 754, 1218, 1191, 1148, 1612, 1022, 1344, 1776, 942, 906, 1409, 1098, 130, 1418, 1830, 190, 1303, 1749, 607, 825, 92, 677, 628, 326, 715, 949, 27, 1537, 1025, 1439, 1277, 396, 1270, 53, 558, 584, 616, 630, 1533, 532, 1113, 612, 1080, 173, 1090, 838, 17, 897, 1306, 1311, 1131, 388, 1118, 1528, 1426, 1257, 1460, 1714, 1407, 144, 1734, 258, 1731, 526, 367, 1834, 126, 1104, 638, 791, 265, 223, 461, 1457, 139, 456, 1905, 1663, 1412, 1568, 1763, 883, 1661, 1678, 493, 1606, 1813, 541, 1757, 276, 296, 1673, 222, 1707, 183, 257, 615, 1478, 742, 376, 810, 661, 365, 156, 1298, 1701, 1653, 202, 1334, 1197, 1482, 106, 323, 1448, 1558, 1179, 1854, 902, 1049, 297, 216, 1268, 277, 1336, 1393, 65, 1456, 1052, 5, 1735, 1495, 1175, 988, 117, 721, 1788, 315, 1819, 1305, 1794, 520, 543, 1214, 917, 731, 1091, 1147, 1070, 68, 892, 1486, 464, 783, 115, 1883, 1372, 752, 383, 1122, 582, 1039, 1213, 574, 1594, 1870, 1111, 1792, 706, 1674, 233, 1607, 691, 1417, 1071, 711, 1538, 252, 741, 1396, 1211, 1429, 1906, 513, 799, 1384, 1138, 1688, 1681, 1045, 961, 743, 1824, 619, 766, 1727, 147, 827, 1117, 1547, 1892, 39, 82, 1546, 963, 178, 658, 1592, 425, 484, 415, 1204, 1331, 1207, 561, 912, 451, 1548, 1494, 1210, 1676, 685, 1291, 793, 632, 1018], [1054, 207, 1715, 1233, 514, 238, 1377, 1677, 878, 1624, 1145, 1009, 469, 962, 1194, 93, 1556, 1851, 1569, 1089, 745, 423, 23, 821, 29, 1401, 789, 1791, 788, 1079, 1347, 503, 1199, 753, 848, 1294, 801, 682, 955, 112, 1188, 402, 1878, 1817, 1288, 1821, 1245, 1302, 1007, 1705, 271, 510, 1510, 327, 1127, 486, 1555, 1004, 1589, 1511, 1700, 1373, 1668, 341, 1489, 1790, 1492, 321, 659, 578, 303, 118, 960, 453, 160, 683, 1832, 434, 701, 928, 480, 1446, 1552, 704, 94, 1317, 1410, 394, 186, 771, 859, 1395, 1646, 1570, 1353, 714, 1297, 360, 1153, 1185, 1766, 1471, 1013, 1356, 1437, 78, 63, 1618, 537, 482, 3, 450, 1339, 490, 857, 251, 898, 916, 546, 1809, 1689, 1078, 1069, 1, 1035, 1534, 1158, 203, 1837, 1095, 1235, 295, 933, 1474, 1559, 240, 105, 419, 1751, 1061, 1896, 1162, 1508, 1195, 237, 509, 1875, 6, 1564, 1698, 1907, 20, 1023, 1157, 1724, 132, 1912, 108, 1839, 734, 413, 316, 1249, 1880, 430, 915, 952, 813, 1532, 1116, 1859, 137, 1703, 141, 1785, 1582, 643, 119, 12, 968, 1193, 408, 214, 601, 967, 803, 1551, 363, 424, 958, 1826, 196]]
Resuming from epoch 65: /Users/suraj/Downloads/outputs/wall_single/checkpoints/model_latest.pth
num_action_repeat: 1
num_proprio_repeat: 1
proprio encoder: ProprioceptiveEmbedding(
  (patch_embed): Conv1d(2, 10, kernel_size=(1,), stride=(1,))
)
action encoder: ProprioceptiveEmbedding(
  (patch_embed): Conv1d(10, 10, kernel_size=(1,), stride=(1,))
)
proprio_dim: 10, after repeat: 10
action_dim: 10, after repeat: 10
emb_dim: 404
Model emb_dim:  404
eval_seed:  [31, 32, 33, 34, 35, 36, 37, 38, 39, 40]
Dumped plan targets to /Users/suraj/Desktop/EAI_DINO/results/wall_transition/transition_run_v2/uniform_int4/budget_bA/seed_3/plan_targets.pkl
Success rate:  0.0
{'success': array([False, False, False, False, False, False, False, False, False,
       False]), 'state_dist': array([31.74543784, 21.40449833, 25.00739345, 41.03428844, 15.58345124,
       38.67835748, 22.65839964, 42.6360638 , 36.73940871, 26.2181432 ])}
Success rate:  0.0
{'success': array([False, False, False, False, False, False, False, False, False,
       False]), 'state_dist': array([23.8127371 , 20.00010752, 18.92944764, 33.91749921, 13.00105122,
       31.49989862, 18.087713  , 42.74487849, 28.21451778, 21.21329974])}
MPC iter 0 Eval ------- 
Success rate:  0.0
{'success': array([False, False, False, False, False, False, False, False, False,
       False]), 'state_dist': array([23.8127371 , 20.00010752, 18.92944764, 33.91749921, 13.00105122,
       31.49989862, 18.087713  , 42.74487849, 28.21451778, 21.21329974])}
self.is_success:  [False False False False False False False False False False]
Success rate:  0.0
{'success': array([False, False, False, False, False, False, False, False, False,
       False]), 'state_dist': array([24.12620765, 19.21380094, 12.73928624, 30.9243043 ,  8.26609509,
       21.6375778 , 14.16587735, 41.45891993, 19.32808806, 15.29361747])}
Success rate:  0.0
{'success': array([False, False, False, False, False, False, False, False, False,
       False]), 'state_dist': array([29.46218799, 22.25709922,  9.30603155, 25.33099942,  7.22053225,
       14.62743037, 10.18071451, 41.81839495, 13.7889147 ,  8.81386019])}
MPC iter 1 Eval ------- 
Success rate:  0.0
{'success': array([False, False, False, False, False, False, False, False, False,
       False]), 'state_dist': array([29.46218799, 22.25709922,  9.30603155, 25.33099942,  7.22053225,
       14.62743037, 10.18071451, 41.81839495, 13.7889147 ,  8.81386019])}
self.is_success:  [False False False False False False False False False False]
Success rate:  0.0
{'success': array([False, False, False, False, False, False, False, False, False,
       False]), 'state_dist': array([29.46218799, 22.25709922,  9.30603155, 25.33099942,  7.22053225,
       14.62743037, 10.18071451, 41.81839495, 13.7889147 ,  8.81386019])}
[ok] variant=uniform_int4 budget=bA opt_steps=2 seed=3 success=0.0000
Planning device: mps
Loading wall dataset...
Loaded 1920 rollouts
Using cache found in /Users/suraj/.cache/torch/hub/facebookresearch_dinov2_main
[[102, 33, 1056, 1591, 354, 245, 790, 1323, 142, 1745, 1588, 1473, 38, 1192, 735, 832, 547, 1186, 843, 660, 869, 83, 695, 1629, 179, 1658, 157, 1758, 1747, 250, 312, 1361, 1163, 1798, 275, 1099, 1787, 964, 1066, 609, 1666, 774, 181, 1502, 407, 668, 593, 1623, 1101, 565, 1350, 1572, 1094, 512, 148, 809, 263, 1853, 908, 927, 626, 569, 1730, 757, 1574, 1866, 1107, 1706, 391, 1255, 947, 828, 1720, 1057, 19, 1364, 1575, 1914, 1562, 1909, 534, 973, 538, 1017, 646, 285, 309, 1884, 1059, 552, 697, 1702, 145, 819, 649, 665, 169, 1051, 171, 1529, 1470, 291, 1371, 1240, 1641, 1746, 1443, 1307, 1801, 369, 1365, 525, 167, 1121, 1430, 874, 528, 1459, 1617, 770, 359, 923, 507, 884, 1616, 1314, 1149, 1379, 891, 1442, 1047, 1887, 248, 1767, 1620, 283, 392, 1290, 1650, 242, 1399, 807, 159, 204, 775, 1827, 500, 1352, 700, 1265, 1102, 149, 1440, 1258, 1738, 347, 690, 468, 1726, 1234, 1126, 868, 1501, 621, 585, 1523, 121, 1108, 846, 1167, 1405, 114, 474, 1406, 195, 1144, 586, 384, 1680, 298, 308, 529, 901, 475, 992, 1811, 1655, 914, 1598, 560, 1452, 385, 1032, 1895, 756, 1893, 485, 1293, 1876, 378, 206, 61, 1762, 1335, 1779, 1062, 111, 550, 1357, 284, 1074, 880, 592, 712, 1454, 1660, 1067, 946, 1011, 193, 1838, 1072, 1065, 1267, 1217, 591, 678, 792, 180, 1313, 69, 84, 1603, 1775, 201, 1415, 457, 1359, 400, 1759, 1081, 554, 471, 1841, 446, 1670, 688, 140, 1600, 871, 1093, 460, 1831, 818, 940, 1128, 614, 1000, 987, 1048, 72, 465, 804, 1804, 826, 1006, 1129, 270, 954, 86, 107, 1744, 751, 1143, 1554, 1750, 556, 1692, 664, 943, 907, 1713, 881, 1793, 849, 972, 264, 1431, 1040, 1391, 680, 1864, 724, 1549, 455, 600, 389, 1301, 1262, 1073, 1216, 613, 314, 15, 657, 896, 549, 575, 719, 545, 937, 1585, 165, 1252, 338, 970, 1366, 1247, 1024, 14, 855, 212, 887, 977, 1225, 776, 10, 1903, 1423, 596, 726, 431, 959, 1159, 1033, 1458, 1196, 1526, 317, 1358, 454, 1647, 976, 773, 1786, 1462, 488, 41, 571, 1464, 599, 979, 864, 18, 306, 1299, 797, 332, 1424, 1286, 66, 51, 1230, 1527, 1042, 762, 219, 487, 1026, 1282, 1285, 1503, 1597, 1573, 758, 999, 30, 1215, 1315, 1227, 387, 1867, 1421, 220, 932, 1829, 26, 1822, 290, 1088, 1902, 429, 463, 197, 1156, 1539, 1491, 1027, 1901, 733, 1879, 833, 278, 1251, 1899, 1642, 73, 272, 1019, 1084, 1346, 1803, 845, 568, 286, 76, 956, 1237, 48, 939, 1601, 481, 1187, 176, 1231, 1545, 1664, 1244, 87, 47, 194, 1586, 1316, 1125, 1649, 1077, 995, 1665, 1428, 1219, 1712, 1038, 542, 998, 70, 929, 1648, 476, 886, 1134, 1733, 854, 853, 1283, 1432, 1723, 1269, 281, 1174, 110, 1685, 1868, 777, 1522, 353, 798, 1773, 409, 768, 1273, 1490, 221, 1154, 1499, 71, 1637, 720, 1850, 1198, 1755, 1915, 716, 1900, 1835, 672, 319, 1536, 226, 1472, 1602, 969, 492, 428, 895, 814, 1133, 62, 656, 1722, 1621, 1142, 1087, 524, 1590, 1030, 650, 1451, 1913, 1259, 1917, 544, 377, 862, 1202, 1177, 1274, 1123, 617, 605, 1106, 1855, 422, 1769, 362, 1721, 1329, 1206, 1506, 135, 1320, 217, 120, 1120, 1836, 710, 717, 1799, 1557, 722, 1694, 405, 375, 1034, 260, 1496, 411, 1672, 28, 637, 373, 1808, 134, 1012, 536, 1752, 983, 1135, 1576, 483, 13, 404, 841, 1172, 1041, 1843, 161, 847, 1369, 1910, 1782, 1671, 1376, 1856, 498, 806, 635, 1212, 438, 835, 1849, 1109, 1349, 1043, 2, 466, 610, 1165, 885, 951, 344, 300, 1807, 1908, 287, 1877, 705, 1872, 1581, 985, 328, 708, 730, 350, 307, 146, 840, 1180, 494, 16, 555, 1368, 1780, 779, 1771, 1203, 1754, 744, 863, 1684, 639, 1919, 738, 938, 1053, 618, 91, 1886, 1028, 472, 1050, 138, 131, 89, 416, 991, 1254, 467, 227, 1765, 1634, 1789, 1622, 1205, 1874, 839, 1151, 654, 1182, 815, 470, 670, 150, 718, 352, 1579, 879, 443, 1690, 32, 435, 1383, 501, 882, 1085, 1176, 1382, 1171, 686, 1140, 1105, 800, 1516, 1485, 516, 1475, 1434, 1911, 889, 239, 652, 1535, 1639, 335, 1325, 1784, 765, 663, 1224, 448, 1815, 739, 1812, 1076, 747, 1467, 732, 1654, 1828, 502, 1319, 1425, 1160, 1468, 368, 1732, 1248, 143, 808, 674, 713, 129, 1599, 288, 1005, 1643, 1729, 1918, 1064, 279, 1741, 406, 867, 729, 604, 1220, 750, 304, 936, 215, 1626, 1778, 1031, 1756, 305, 1699, 412, 1387, 1640, 210, 188, 253, 645, 1279, 349, 1898, 262, 1082, 213, 255, 1514, 1375, 576, 698, 986, 1119, 508, 1753, 104, 1296, 1380, 128, 163, 693, 1524, 924, 842, 812, 1348, 199, 1386, 1628, 1435, 1772, 817, 931, 334, 1360, 390, 1413, 1783, 944, 905, 1271, 1132, 1857, 35, 340, 1461, 506, 1150, 1455, 594, 1020, 1178, 1770, 1389, 1276, 1355, 1228, 990, 1480, 1100, 1326, 282, 1321, 852, 200, 1146, 1253, 49, 1682, 1221, 1840, 1525, 1037, 1170, 1800, 648, 1243, 266, 926, 782, 1667, 984, 570, 1289, 1860, 893, 1630, 479, 339, 246, 866, 1631, 211, 684, 60, 125, 1513, 836, 43, 1450, 515, 1256, 244, 1063, 1693, 913, 966, 54, 432, 1869, 254, 1916, 577, 1096, 540, 1075, 1261, 1871, 1587, 381, 634, 205, 269, 489, 1890, 37, 746, 386, 551, 1414, 953, 1403, 709, 622, 1497, 1561, 1324, 158, 624, 426, 1466, 44, 267, 994, 318, 1398, 397, 95, 786, 81, 1332, 837, 289, 865, 965, 67, 1696, 816, 1044, 820, 229, 1400, 1362, 491, 1139, 1873, 1338, 559, 1016, 1021, 1436, 1002, 1797, 40, 224, 1615, 1385, 941, 1308, 978, 794, 231, 834, 1675, 1736, 31, 1181, 562, 831, 1272, 767, 372, 1825, 1669, 760, 380, 1343, 42, 1351, 1337, 1441, 268, 1644, 1015, 52, 1469, 1861, 1481, 22, 1605, 361, 1381, 410, 1333, 975, 1046, 1595, 348, 1768, 366, 1281, 772, 974, 495, 358, 590, 187, 631, 1695, 687, 1328, 572, 588, 1805, 620, 1577, 1449, 1433, 1659, 320, 418, 346, 602, 573, 1709, 1300, 113, 427, 1891, 1341, 236, 1001, 370, 723, 1092, 1560, 379, 662, 79, 850, 1704, 824, 627, 436, 666, 1103, 653, 945, 1370, 1232, 587, 234, 103, 1858, 934, 1420, 123, 1818, 1310, 499, 1739, 1493, 1847, 1553, 740, 124, 1260, 1378, 1842, 1777, 1816, 1543, 749, 608, 1563, 996, 25, 101, 90, 459, 337, 122, 580, 829, 533, 292, 452, 1614, 1183, 1322, 1278, 521, 1136, 1190, 96, 259, 1645, 1008, 1888, 342, 445, 1504, 162, 382, 1894, 784, 1404, 1531, 1312, 444, 1097, 1447, 1280, 872, 168, 50, 1687, 1593, 1610, 98, 1242, 769, 642, 1309, 888, 433, 302, 1263, 1169, 1656, 1295, 243, 921, 1438, 1161, 877, 640, 1541, 24, 703, 980, 1173, 935, 1519, 440, 1512, 1137, 822, 1014, 310, 511, 583, 1518, 458, 274, 109, 856, 522, 11, 462, 1236, 232, 633, 1567, 1241, 989, 1725, 280, 875, 1083, 1833, 324, 1566, 249, 172, 696, 1505, 1010, 1477, 1327, 910, 861, 88, 99, 357, 437, 80, 1292, 764, 175, 395, 1716, 699, 1483, 1717, 673, 623, 1697, 1479, 1060, 1651, 553, 981, 218, 1110, 185, 77, 900, 371, 904, 1390, 21, 1882, 595, 1718, 1476, 152, 420, 918, 192, 1679, 1484, 1863, 787, 567, 851, 441, 530, 517, 1419, 1388, 329, 301, 1330, 876, 478, 1530, 676, 1844, 403, 74, 647, 728, 230, 519, 256, 737, 235, 1796, 182, 858, 504, 1287, 1124, 1229, 294, 625, 894, 759, 1544, 330, 1711, 505, 903, 1055, 1238, 1397, 1686, 136, 1275, 1580, 1584, 59, 1112, 1636, 166, 655, 1520, 1540, 374, 496, 414, 1226, 154, 860, 531, 1465, 1345, 1662, 1284, 669, 1627, 1408, 36, 191, 1748, 7, 1498, 802, 325, 957, 208, 228, 1201, 950, 1318, 155, 948, 133, 920, 442, 225, 611, 1633, 796, 667, 1652, 1304, 1609, 1611, 527, 1427, 1354, 689, 930, 870, 925, 56, 1402, 100, 189, 1068, 1737, 322, 523, 247, 971, 1445, 55, 579, 1374, 1571, 1521, 890, 785, 58, 671, 1608, 1168, 1742, 899, 299, 778, 1542, 761, 566, 46, 1708, 1719, 351, 1392, 651, 1764, 811, 449, 922, 261, 1036, 694, 127, 1114, 707, 1487, 1852, 1802, 873, 174, 1865, 1710, 763, 164, 1632, 345, 539, 1141, 805, 919, 911, 184, 548, 1422, 1625, 1155, 399, 1795, 1845, 1889, 1565, 45, 603, 1444, 1517, 1823, 1246, 477, 64, 1164, 1411, 781, 8, 1635, 1583, 1200, 241, 151, 177, 333, 629, 1453, 293, 1760, 636, 1239, 1115, 727, 273, 1394, 1266, 1184, 1619, 1743, 313, 1904, 982, 1367, 153, 564, 1806, 331, 1862, 1848, 606, 1264, 57, 97, 1774, 1814, 1086, 1029, 393, 1488, 85, 1509, 1550, 725, 1638, 1846, 1342, 1728, 993, 421, 1781, 681, 473, 1604, 364, 1613, 679, 780, 1885, 581, 1130, 116, 823, 355, 736, 75, 398, 557, 1740, 1515, 1596, 1250, 641, 1683, 198, 1363, 589, 1223, 1209, 417, 209, 1810, 9, 535, 1500, 1881, 1208, 909, 0, 702, 1897, 598, 1189, 748, 675, 1691, 1152, 755, 4, 1416, 830, 439, 1222, 1340, 692, 1003, 34, 356, 170, 1761, 1657, 1578, 401, 795, 1507, 997, 644, 1166, 447, 518, 563, 336, 1820, 343, 597, 844, 1058, 497, 311, 1463, 754, 1218, 1191, 1148, 1612, 1022, 1344, 1776, 942, 906, 1409, 1098, 130, 1418, 1830, 190, 1303, 1749, 607, 825, 92, 677, 628, 326, 715, 949, 27, 1537, 1025, 1439, 1277, 396, 1270, 53, 558, 584, 616, 630, 1533, 532, 1113, 612, 1080, 173, 1090, 838, 17, 897, 1306, 1311, 1131, 388, 1118, 1528, 1426, 1257, 1460, 1714, 1407, 144, 1734, 258, 1731, 526, 367, 1834, 126, 1104, 638, 791, 265, 223, 461, 1457, 139, 456, 1905, 1663, 1412, 1568, 1763, 883, 1661, 1678, 493, 1606, 1813, 541, 1757, 276, 296, 1673, 222, 1707, 183, 257, 615, 1478, 742, 376, 810, 661, 365, 156, 1298, 1701, 1653, 202, 1334, 1197, 1482, 106, 323, 1448, 1558, 1179, 1854, 902, 1049, 297, 216, 1268, 277, 1336, 1393, 65, 1456, 1052, 5, 1735, 1495, 1175, 988, 117, 721, 1788, 315, 1819, 1305, 1794, 520, 543, 1214, 917, 731, 1091, 1147, 1070, 68, 892, 1486, 464, 783, 115, 1883, 1372, 752, 383, 1122, 582, 1039, 1213, 574, 1594, 1870, 1111, 1792, 706, 1674, 233, 1607, 691, 1417, 1071, 711, 1538, 252, 741, 1396, 1211, 1429, 1906, 513, 799, 1384, 1138, 1688, 1681, 1045, 961, 743, 1824, 619, 766, 1727, 147, 827, 1117, 1547, 1892, 39, 82, 1546, 963, 178, 658, 1592, 425, 484, 415, 1204, 1331, 1207, 561, 912, 451, 1548, 1494, 1210, 1676, 685, 1291, 793, 632, 1018], [1054, 207, 1715, 1233, 514, 238, 1377, 1677, 878, 1624, 1145, 1009, 469, 962, 1194, 93, 1556, 1851, 1569, 1089, 745, 423, 23, 821, 29, 1401, 789, 1791, 788, 1079, 1347, 503, 1199, 753, 848, 1294, 801, 682, 955, 112, 1188, 402, 1878, 1817, 1288, 1821, 1245, 1302, 1007, 1705, 271, 510, 1510, 327, 1127, 486, 1555, 1004, 1589, 1511, 1700, 1373, 1668, 341, 1489, 1790, 1492, 321, 659, 578, 303, 118, 960, 453, 160, 683, 1832, 434, 701, 928, 480, 1446, 1552, 704, 94, 1317, 1410, 394, 186, 771, 859, 1395, 1646, 1570, 1353, 714, 1297, 360, 1153, 1185, 1766, 1471, 1013, 1356, 1437, 78, 63, 1618, 537, 482, 3, 450, 1339, 490, 857, 251, 898, 916, 546, 1809, 1689, 1078, 1069, 1, 1035, 1534, 1158, 203, 1837, 1095, 1235, 295, 933, 1474, 1559, 240, 105, 419, 1751, 1061, 1896, 1162, 1508, 1195, 237, 509, 1875, 6, 1564, 1698, 1907, 20, 1023, 1157, 1724, 132, 1912, 108, 1839, 734, 413, 316, 1249, 1880, 430, 915, 952, 813, 1532, 1116, 1859, 137, 1703, 141, 1785, 1582, 643, 119, 12, 968, 1193, 408, 214, 601, 967, 803, 1551, 363, 424, 958, 1826, 196]]
Resuming from epoch 65: /Users/suraj/Downloads/outputs/wall_single/checkpoints/model_latest.pth
num_action_repeat: 1
num_proprio_repeat: 1
proprio encoder: ProprioceptiveEmbedding(
  (patch_embed): Conv1d(2, 10, kernel_size=(1,), stride=(1,))
)
action encoder: ProprioceptiveEmbedding(
  (patch_embed): Conv1d(10, 10, kernel_size=(1,), stride=(1,))
)
proprio_dim: 10, after repeat: 10
action_dim: 10, after repeat: 10
emb_dim: 404
Model emb_dim:  404
eval_seed:  [11, 12, 13, 14, 15, 16, 17, 18, 19, 20]
Dumped plan targets to /Users/suraj/Desktop/EAI_DINO/results/wall_transition/transition_run_v2/mixed_int4/budget_bA/seed_1/plan_targets.pkl
Success rate:  0.0
{'success': array([False, False, False, False, False, False, False, False, False,
       False]), 'state_dist': array([24.05376428, 29.17261756, 14.11350466, 41.73521776, 14.45723817,
       39.6725656 , 20.30962284, 30.93754421, 28.15791731, 22.34849578])}
Success rate:  0.0
{'success': array([False, False, False, False, False, False, False, False, False,
       False]), 'state_dist': array([ 6.54063068, 26.31444675, 14.75381404, 30.26667789, 12.73278759,
       44.97825379, 24.70725415, 14.62274079, 28.09447552, 18.39795604])}
MPC iter 0 Eval ------- 
Success rate:  0.0
{'success': array([False, False, False, False, False, False, False, False, False,
       False]), 'state_dist': array([ 6.54063068, 26.31444675, 14.75381404, 30.26667789, 12.73278759,
       44.97825379, 24.70725415, 14.62274079, 28.09447552, 18.39795604])}
self.is_success:  [False False False False False False False False False False]
Success rate:  0.1
{'success': array([ True, False, False, False, False, False, False, False, False,
       False]), 'state_dist': array([ 2.72284864, 32.62630019, 14.33235229, 24.17921828,  7.22583757,
       37.68020864, 15.34614819,  6.02661273, 23.48407206, 17.78838444])}
Success rate:  0.2
{'success': array([ True, False, False, False, False, False,  True, False, False,
       False]), 'state_dist': array([ 4.27076486, 34.57091151, 14.2274901 , 14.42039823,  5.7066793 ,
       32.06813998,  4.0966608 ,  5.31401825, 14.25213029, 17.63427229])}
MPC iter 1 Eval ------- 
Success rate:  0.2
{'success': array([ True, False, False, False, False, False,  True, False, False,
       False]), 'state_dist': array([ 4.27076486, 34.57091151, 14.2274901 , 14.42039823,  5.7066793 ,
       32.06813998,  4.0966608 ,  5.31401825, 14.25213029, 17.63427229])}
self.is_success:  [ True False False False False False  True False False False]
Success rate:  0.2
{'success': array([ True, False, False, False, False, False,  True, False, False,
       False]), 'state_dist': array([ 4.27076486, 34.57091151, 14.2274901 , 14.42039823,  5.7066793 ,
       32.06813998,  4.0966608 ,  5.31401825, 14.25213029, 17.63427229])}
[ok] variant=mixed_int4 budget=bA opt_steps=2 seed=1 success=0.2000
Planning device: mps
Loading wall dataset...
Loaded 1920 rollouts
Using cache found in /Users/suraj/.cache/torch/hub/facebookresearch_dinov2_main
[[102, 33, 1056, 1591, 354, 245, 790, 1323, 142, 1745, 1588, 1473, 38, 1192, 735, 832, 547, 1186, 843, 660, 869, 83, 695, 1629, 179, 1658, 157, 1758, 1747, 250, 312, 1361, 1163, 1798, 275, 1099, 1787, 964, 1066, 609, 1666, 774, 181, 1502, 407, 668, 593, 1623, 1101, 565, 1350, 1572, 1094, 512, 148, 809, 263, 1853, 908, 927, 626, 569, 1730, 757, 1574, 1866, 1107, 1706, 391, 1255, 947, 828, 1720, 1057, 19, 1364, 1575, 1914, 1562, 1909, 534, 973, 538, 1017, 646, 285, 309, 1884, 1059, 552, 697, 1702, 145, 819, 649, 665, 169, 1051, 171, 1529, 1470, 291, 1371, 1240, 1641, 1746, 1443, 1307, 1801, 369, 1365, 525, 167, 1121, 1430, 874, 528, 1459, 1617, 770, 359, 923, 507, 884, 1616, 1314, 1149, 1379, 891, 1442, 1047, 1887, 248, 1767, 1620, 283, 392, 1290, 1650, 242, 1399, 807, 159, 204, 775, 1827, 500, 1352, 700, 1265, 1102, 149, 1440, 1258, 1738, 347, 690, 468, 1726, 1234, 1126, 868, 1501, 621, 585, 1523, 121, 1108, 846, 1167, 1405, 114, 474, 1406, 195, 1144, 586, 384, 1680, 298, 308, 529, 901, 475, 992, 1811, 1655, 914, 1598, 560, 1452, 385, 1032, 1895, 756, 1893, 485, 1293, 1876, 378, 206, 61, 1762, 1335, 1779, 1062, 111, 550, 1357, 284, 1074, 880, 592, 712, 1454, 1660, 1067, 946, 1011, 193, 1838, 1072, 1065, 1267, 1217, 591, 678, 792, 180, 1313, 69, 84, 1603, 1775, 201, 1415, 457, 1359, 400, 1759, 1081, 554, 471, 1841, 446, 1670, 688, 140, 1600, 871, 1093, 460, 1831, 818, 940, 1128, 614, 1000, 987, 1048, 72, 465, 804, 1804, 826, 1006, 1129, 270, 954, 86, 107, 1744, 751, 1143, 1554, 1750, 556, 1692, 664, 943, 907, 1713, 881, 1793, 849, 972, 264, 1431, 1040, 1391, 680, 1864, 724, 1549, 455, 600, 389, 1301, 1262, 1073, 1216, 613, 314, 15, 657, 896, 549, 575, 719, 545, 937, 1585, 165, 1252, 338, 970, 1366, 1247, 1024, 14, 855, 212, 887, 977, 1225, 776, 10, 1903, 1423, 596, 726, 431, 959, 1159, 1033, 1458, 1196, 1526, 317, 1358, 454, 1647, 976, 773, 1786, 1462, 488, 41, 571, 1464, 599, 979, 864, 18, 306, 1299, 797, 332, 1424, 1286, 66, 51, 1230, 1527, 1042, 762, 219, 487, 1026, 1282, 1285, 1503, 1597, 1573, 758, 999, 30, 1215, 1315, 1227, 387, 1867, 1421, 220, 932, 1829, 26, 1822, 290, 1088, 1902, 429, 463, 197, 1156, 1539, 1491, 1027, 1901, 733, 1879, 833, 278, 1251, 1899, 1642, 73, 272, 1019, 1084, 1346, 1803, 845, 568, 286, 76, 956, 1237, 48, 939, 1601, 481, 1187, 176, 1231, 1545, 1664, 1244, 87, 47, 194, 1586, 1316, 1125, 1649, 1077, 995, 1665, 1428, 1219, 1712, 1038, 542, 998, 70, 929, 1648, 476, 886, 1134, 1733, 854, 853, 1283, 1432, 1723, 1269, 281, 1174, 110, 1685, 1868, 777, 1522, 353, 798, 1773, 409, 768, 1273, 1490, 221, 1154, 1499, 71, 1637, 720, 1850, 1198, 1755, 1915, 716, 1900, 1835, 672, 319, 1536, 226, 1472, 1602, 969, 492, 428, 895, 814, 1133, 62, 656, 1722, 1621, 1142, 1087, 524, 1590, 1030, 650, 1451, 1913, 1259, 1917, 544, 377, 862, 1202, 1177, 1274, 1123, 617, 605, 1106, 1855, 422, 1769, 362, 1721, 1329, 1206, 1506, 135, 1320, 217, 120, 1120, 1836, 710, 717, 1799, 1557, 722, 1694, 405, 375, 1034, 260, 1496, 411, 1672, 28, 637, 373, 1808, 134, 1012, 536, 1752, 983, 1135, 1576, 483, 13, 404, 841, 1172, 1041, 1843, 161, 847, 1369, 1910, 1782, 1671, 1376, 1856, 498, 806, 635, 1212, 438, 835, 1849, 1109, 1349, 1043, 2, 466, 610, 1165, 885, 951, 344, 300, 1807, 1908, 287, 1877, 705, 1872, 1581, 985, 328, 708, 730, 350, 307, 146, 840, 1180, 494, 16, 555, 1368, 1780, 779, 1771, 1203, 1754, 744, 863, 1684, 639, 1919, 738, 938, 1053, 618, 91, 1886, 1028, 472, 1050, 138, 131, 89, 416, 991, 1254, 467, 227, 1765, 1634, 1789, 1622, 1205, 1874, 839, 1151, 654, 1182, 815, 470, 670, 150, 718, 352, 1579, 879, 443, 1690, 32, 435, 1383, 501, 882, 1085, 1176, 1382, 1171, 686, 1140, 1105, 800, 1516, 1485, 516, 1475, 1434, 1911, 889, 239, 652, 1535, 1639, 335, 1325, 1784, 765, 663, 1224, 448, 1815, 739, 1812, 1076, 747, 1467, 732, 1654, 1828, 502, 1319, 1425, 1160, 1468, 368, 1732, 1248, 143, 808, 674, 713, 129, 1599, 288, 1005, 1643, 1729, 1918, 1064, 279, 1741, 406, 867, 729, 604, 1220, 750, 304, 936, 215, 1626, 1778, 1031, 1756, 305, 1699, 412, 1387, 1640, 210, 188, 253, 645, 1279, 349, 1898, 262, 1082, 213, 255, 1514, 1375, 576, 698, 986, 1119, 508, 1753, 104, 1296, 1380, 128, 163, 693, 1524, 924, 842, 812, 1348, 199, 1386, 1628, 1435, 1772, 817, 931, 334, 1360, 390, 1413, 1783, 944, 905, 1271, 1132, 1857, 35, 340, 1461, 506, 1150, 1455, 594, 1020, 1178, 1770, 1389, 1276, 1355, 1228, 990, 1480, 1100, 1326, 282, 1321, 852, 200, 1146, 1253, 49, 1682, 1221, 1840, 1525, 1037, 1170, 1800, 648, 1243, 266, 926, 782, 1667, 984, 570, 1289, 1860, 893, 1630, 479, 339, 246, 866, 1631, 211, 684, 60, 125, 1513, 836, 43, 1450, 515, 1256, 244, 1063, 1693, 913, 966, 54, 432, 1869, 254, 1916, 577, 1096, 540, 1075, 1261, 1871, 1587, 381, 634, 205, 269, 489, 1890, 37, 746, 386, 551, 1414, 953, 1403, 709, 622, 1497, 1561, 1324, 158, 624, 426, 1466, 44, 267, 994, 318, 1398, 397, 95, 786, 81, 1332, 837, 289, 865, 965, 67, 1696, 816, 1044, 820, 229, 1400, 1362, 491, 1139, 1873, 1338, 559, 1016, 1021, 1436, 1002, 1797, 40, 224, 1615, 1385, 941, 1308, 978, 794, 231, 834, 1675, 1736, 31, 1181, 562, 831, 1272, 767, 372, 1825, 1669, 760, 380, 1343, 42, 1351, 1337, 1441, 268, 1644, 1015, 52, 1469, 1861, 1481, 22, 1605, 361, 1381, 410, 1333, 975, 1046, 1595, 348, 1768, 366, 1281, 772, 974, 495, 358, 590, 187, 631, 1695, 687, 1328, 572, 588, 1805, 620, 1577, 1449, 1433, 1659, 320, 418, 346, 602, 573, 1709, 1300, 113, 427, 1891, 1341, 236, 1001, 370, 723, 1092, 1560, 379, 662, 79, 850, 1704, 824, 627, 436, 666, 1103, 653, 945, 1370, 1232, 587, 234, 103, 1858, 934, 1420, 123, 1818, 1310, 499, 1739, 1493, 1847, 1553, 740, 124, 1260, 1378, 1842, 1777, 1816, 1543, 749, 608, 1563, 996, 25, 101, 90, 459, 337, 122, 580, 829, 533, 292, 452, 1614, 1183, 1322, 1278, 521, 1136, 1190, 96, 259, 1645, 1008, 1888, 342, 445, 1504, 162, 382, 1894, 784, 1404, 1531, 1312, 444, 1097, 1447, 1280, 872, 168, 50, 1687, 1593, 1610, 98, 1242, 769, 642, 1309, 888, 433, 302, 1263, 1169, 1656, 1295, 243, 921, 1438, 1161, 877, 640, 1541, 24, 703, 980, 1173, 935, 1519, 440, 1512, 1137, 822, 1014, 310, 511, 583, 1518, 458, 274, 109, 856, 522, 11, 462, 1236, 232, 633, 1567, 1241, 989, 1725, 280, 875, 1083, 1833, 324, 1566, 249, 172, 696, 1505, 1010, 1477, 1327, 910, 861, 88, 99, 357, 437, 80, 1292, 764, 175, 395, 1716, 699, 1483, 1717, 673, 623, 1697, 1479, 1060, 1651, 553, 981, 218, 1110, 185, 77, 900, 371, 904, 1390, 21, 1882, 595, 1718, 1476, 152, 420, 918, 192, 1679, 1484, 1863, 787, 567, 851, 441, 530, 517, 1419, 1388, 329, 301, 1330, 876, 478, 1530, 676, 1844, 403, 74, 647, 728, 230, 519, 256, 737, 235, 1796, 182, 858, 504, 1287, 1124, 1229, 294, 625, 894, 759, 1544, 330, 1711, 505, 903, 1055, 1238, 1397, 1686, 136, 1275, 1580, 1584, 59, 1112, 1636, 166, 655, 1520, 1540, 374, 496, 414, 1226, 154, 860, 531, 1465, 1345, 1662, 1284, 669, 1627, 1408, 36, 191, 1748, 7, 1498, 802, 325, 957, 208, 228, 1201, 950, 1318, 155, 948, 133, 920, 442, 225, 611, 1633, 796, 667, 1652, 1304, 1609, 1611, 527, 1427, 1354, 689, 930, 870, 925, 56, 1402, 100, 189, 1068, 1737, 322, 523, 247, 971, 1445, 55, 579, 1374, 1571, 1521, 890, 785, 58, 671, 1608, 1168, 1742, 899, 299, 778, 1542, 761, 566, 46, 1708, 1719, 351, 1392, 651, 1764, 811, 449, 922, 261, 1036, 694, 127, 1114, 707, 1487, 1852, 1802, 873, 174, 1865, 1710, 763, 164, 1632, 345, 539, 1141, 805, 919, 911, 184, 548, 1422, 1625, 1155, 399, 1795, 1845, 1889, 1565, 45, 603, 1444, 1517, 1823, 1246, 477, 64, 1164, 1411, 781, 8, 1635, 1583, 1200, 241, 151, 177, 333, 629, 1453, 293, 1760, 636, 1239, 1115, 727, 273, 1394, 1266, 1184, 1619, 1743, 313, 1904, 982, 1367, 153, 564, 1806, 331, 1862, 1848, 606, 1264, 57, 97, 1774, 1814, 1086, 1029, 393, 1488, 85, 1509, 1550, 725, 1638, 1846, 1342, 1728, 993, 421, 1781, 681, 473, 1604, 364, 1613, 679, 780, 1885, 581, 1130, 116, 823, 355, 736, 75, 398, 557, 1740, 1515, 1596, 1250, 641, 1683, 198, 1363, 589, 1223, 1209, 417, 209, 1810, 9, 535, 1500, 1881, 1208, 909, 0, 702, 1897, 598, 1189, 748, 675, 1691, 1152, 755, 4, 1416, 830, 439, 1222, 1340, 692, 1003, 34, 356, 170, 1761, 1657, 1578, 401, 795, 1507, 997, 644, 1166, 447, 518, 563, 336, 1820, 343, 597, 844, 1058, 497, 311, 1463, 754, 1218, 1191, 1148, 1612, 1022, 1344, 1776, 942, 906, 1409, 1098, 130, 1418, 1830, 190, 1303, 1749, 607, 825, 92, 677, 628, 326, 715, 949, 27, 1537, 1025, 1439, 1277, 396, 1270, 53, 558, 584, 616, 630, 1533, 532, 1113, 612, 1080, 173, 1090, 838, 17, 897, 1306, 1311, 1131, 388, 1118, 1528, 1426, 1257, 1460, 1714, 1407, 144, 1734, 258, 1731, 526, 367, 1834, 126, 1104, 638, 791, 265, 223, 461, 1457, 139, 456, 1905, 1663, 1412, 1568, 1763, 883, 1661, 1678, 493, 1606, 1813, 541, 1757, 276, 296, 1673, 222, 1707, 183, 257, 615, 1478, 742, 376, 810, 661, 365, 156, 1298, 1701, 1653, 202, 1334, 1197, 1482, 106, 323, 1448, 1558, 1179, 1854, 902, 1049, 297, 216, 1268, 277, 1336, 1393, 65, 1456, 1052, 5, 1735, 1495, 1175, 988, 117, 721, 1788, 315, 1819, 1305, 1794, 520, 543, 1214, 917, 731, 1091, 1147, 1070, 68, 892, 1486, 464, 783, 115, 1883, 1372, 752, 383, 1122, 582, 1039, 1213, 574, 1594, 1870, 1111, 1792, 706, 1674, 233, 1607, 691, 1417, 1071, 711, 1538, 252, 741, 1396, 1211, 1429, 1906, 513, 799, 1384, 1138, 1688, 1681, 1045, 961, 743, 1824, 619, 766, 1727, 147, 827, 1117, 1547, 1892, 39, 82, 1546, 963, 178, 658, 1592, 425, 484, 415, 1204, 1331, 1207, 561, 912, 451, 1548, 1494, 1210, 1676, 685, 1291, 793, 632, 1018], [1054, 207, 1715, 1233, 514, 238, 1377, 1677, 878, 1624, 1145, 1009, 469, 962, 1194, 93, 1556, 1851, 1569, 1089, 745, 423, 23, 821, 29, 1401, 789, 1791, 788, 1079, 1347, 503, 1199, 753, 848, 1294, 801, 682, 955, 112, 1188, 402, 1878, 1817, 1288, 1821, 1245, 1302, 1007, 1705, 271, 510, 1510, 327, 1127, 486, 1555, 1004, 1589, 1511, 1700, 1373, 1668, 341, 1489, 1790, 1492, 321, 659, 578, 303, 118, 960, 453, 160, 683, 1832, 434, 701, 928, 480, 1446, 1552, 704, 94, 1317, 1410, 394, 186, 771, 859, 1395, 1646, 1570, 1353, 714, 1297, 360, 1153, 1185, 1766, 1471, 1013, 1356, 1437, 78, 63, 1618, 537, 482, 3, 450, 1339, 490, 857, 251, 898, 916, 546, 1809, 1689, 1078, 1069, 1, 1035, 1534, 1158, 203, 1837, 1095, 1235, 295, 933, 1474, 1559, 240, 105, 419, 1751, 1061, 1896, 1162, 1508, 1195, 237, 509, 1875, 6, 1564, 1698, 1907, 20, 1023, 1157, 1724, 132, 1912, 108, 1839, 734, 413, 316, 1249, 1880, 430, 915, 952, 813, 1532, 1116, 1859, 137, 1703, 141, 1785, 1582, 643, 119, 12, 968, 1193, 408, 214, 601, 967, 803, 1551, 363, 424, 958, 1826, 196]]
Resuming from epoch 65: /Users/suraj/Downloads/outputs/wall_single/checkpoints/model_latest.pth
num_action_repeat: 1
num_proprio_repeat: 1
proprio encoder: ProprioceptiveEmbedding(
  (patch_embed): Conv1d(2, 10, kernel_size=(1,), stride=(1,))
)
action encoder: ProprioceptiveEmbedding(
  (patch_embed): Conv1d(10, 10, kernel_size=(1,), stride=(1,))
)
proprio_dim: 10, after repeat: 10
action_dim: 10, after repeat: 10
emb_dim: 404
Model emb_dim:  404
eval_seed:  [21, 22, 23, 24, 25, 26, 27, 28, 29, 30]
Dumped plan targets to /Users/suraj/Desktop/EAI_DINO/results/wall_transition/transition_run_v2/mixed_int4/budget_bA/seed_2/plan_targets.pkl
Success rate:  0.0
{'success': array([False, False, False, False, False, False, False, False, False,
       False]), 'state_dist': array([38.30925582, 26.88074611, 30.73310375, 31.72056084, 14.41160432,
       24.10826274, 29.1469749 , 20.39848096, 32.08245162, 27.37430136])}
Success rate:  0.1
{'success': array([False, False, False, False, False, False, False, False, False,
        True]), 'state_dist': array([31.75304418, 28.6538256 , 28.67033526, 18.27303111, 20.13544199,
       22.0336917 , 22.91938251, 16.40640178, 25.88805336,  3.43181897])}
MPC iter 0 Eval ------- 
Success rate:  0.1
{'success': array([False, False, False, False, False, False, False, False, False,
        True]), 'state_dist': array([31.75304418, 28.6538256 , 28.67033526, 18.27303111, 20.13544199,
       22.0336917 , 22.91938251, 16.40640178, 25.88805336,  3.43181897])}
self.is_success:  [False False False False False False False False False  True]
Success rate:  0.1
{'success': array([False, False, False, False, False, False, False, False, False,
        True]), 'state_dist': array([23.99666344, 27.54581648, 26.67830521, 11.24770007,  6.44303543,
       19.82495256, 20.50628217, 10.15120297, 10.54754898,  2.18202471])}
Success rate:  0.3
{'success': array([False, False, False, False,  True, False, False, False,  True,
        True]), 'state_dist': array([ 7.50427724,  7.32417073, 27.70836505,  8.08618721,  2.58657453,
       19.3339522 , 20.38216856,  6.66476567,  1.60806436,  0.9009563 ])}
MPC iter 1 Eval ------- 
Success rate:  0.3
{'success': array([False, False, False, False,  True, False, False, False,  True,
        True]), 'state_dist': array([ 7.50427724,  7.32417073, 27.70836505,  8.08618721,  2.58657453,
       19.3339522 , 20.38216856,  6.66476567,  1.60806436,  3.43181897])}
self.is_success:  [False False False False  True False False False  True  True]
Success rate:  0.3
{'success': array([False, False, False, False,  True, False, False, False,  True,
        True]), 'state_dist': array([ 7.50427724,  7.32417073, 27.70836505,  8.08618721,  2.58657453,
       19.3339522 , 20.38216856,  6.66476567,  1.60806436,  3.43181897])}
[ok] variant=mixed_int4 budget=bA opt_steps=2 seed=2 success=0.3000
Planning device: mps
Loading wall dataset...
Loaded 1920 rollouts
Using cache found in /Users/suraj/.cache/torch/hub/facebookresearch_dinov2_main
[[102, 33, 1056, 1591, 354, 245, 790, 1323, 142, 1745, 1588, 1473, 38, 1192, 735, 832, 547, 1186, 843, 660, 869, 83, 695, 1629, 179, 1658, 157, 1758, 1747, 250, 312, 1361, 1163, 1798, 275, 1099, 1787, 964, 1066, 609, 1666, 774, 181, 1502, 407, 668, 593, 1623, 1101, 565, 1350, 1572, 1094, 512, 148, 809, 263, 1853, 908, 927, 626, 569, 1730, 757, 1574, 1866, 1107, 1706, 391, 1255, 947, 828, 1720, 1057, 19, 1364, 1575, 1914, 1562, 1909, 534, 973, 538, 1017, 646, 285, 309, 1884, 1059, 552, 697, 1702, 145, 819, 649, 665, 169, 1051, 171, 1529, 1470, 291, 1371, 1240, 1641, 1746, 1443, 1307, 1801, 369, 1365, 525, 167, 1121, 1430, 874, 528, 1459, 1617, 770, 359, 923, 507, 884, 1616, 1314, 1149, 1379, 891, 1442, 1047, 1887, 248, 1767, 1620, 283, 392, 1290, 1650, 242, 1399, 807, 159, 204, 775, 1827, 500, 1352, 700, 1265, 1102, 149, 1440, 1258, 1738, 347, 690, 468, 1726, 1234, 1126, 868, 1501, 621, 585, 1523, 121, 1108, 846, 1167, 1405, 114, 474, 1406, 195, 1144, 586, 384, 1680, 298, 308, 529, 901, 475, 992, 1811, 1655, 914, 1598, 560, 1452, 385, 1032, 1895, 756, 1893, 485, 1293, 1876, 378, 206, 61, 1762, 1335, 1779, 1062, 111, 550, 1357, 284, 1074, 880, 592, 712, 1454, 1660, 1067, 946, 1011, 193, 1838, 1072, 1065, 1267, 1217, 591, 678, 792, 180, 1313, 69, 84, 1603, 1775, 201, 1415, 457, 1359, 400, 1759, 1081, 554, 471, 1841, 446, 1670, 688, 140, 1600, 871, 1093, 460, 1831, 818, 940, 1128, 614, 1000, 987, 1048, 72, 465, 804, 1804, 826, 1006, 1129, 270, 954, 86, 107, 1744, 751, 1143, 1554, 1750, 556, 1692, 664, 943, 907, 1713, 881, 1793, 849, 972, 264, 1431, 1040, 1391, 680, 1864, 724, 1549, 455, 600, 389, 1301, 1262, 1073, 1216, 613, 314, 15, 657, 896, 549, 575, 719, 545, 937, 1585, 165, 1252, 338, 970, 1366, 1247, 1024, 14, 855, 212, 887, 977, 1225, 776, 10, 1903, 1423, 596, 726, 431, 959, 1159, 1033, 1458, 1196, 1526, 317, 1358, 454, 1647, 976, 773, 1786, 1462, 488, 41, 571, 1464, 599, 979, 864, 18, 306, 1299, 797, 332, 1424, 1286, 66, 51, 1230, 1527, 1042, 762, 219, 487, 1026, 1282, 1285, 1503, 1597, 1573, 758, 999, 30, 1215, 1315, 1227, 387, 1867, 1421, 220, 932, 1829, 26, 1822, 290, 1088, 1902, 429, 463, 197, 1156, 1539, 1491, 1027, 1901, 733, 1879, 833, 278, 1251, 1899, 1642, 73, 272, 1019, 1084, 1346, 1803, 845, 568, 286, 76, 956, 1237, 48, 939, 1601, 481, 1187, 176, 1231, 1545, 1664, 1244, 87, 47, 194, 1586, 1316, 1125, 1649, 1077, 995, 1665, 1428, 1219, 1712, 1038, 542, 998, 70, 929, 1648, 476, 886, 1134, 1733, 854, 853, 1283, 1432, 1723, 1269, 281, 1174, 110, 1685, 1868, 777, 1522, 353, 798, 1773, 409, 768, 1273, 1490, 221, 1154, 1499, 71, 1637, 720, 1850, 1198, 1755, 1915, 716, 1900, 1835, 672, 319, 1536, 226, 1472, 1602, 969, 492, 428, 895, 814, 1133, 62, 656, 1722, 1621, 1142, 1087, 524, 1590, 1030, 650, 1451, 1913, 1259, 1917, 544, 377, 862, 1202, 1177, 1274, 1123, 617, 605, 1106, 1855, 422, 1769, 362, 1721, 1329, 1206, 1506, 135, 1320, 217, 120, 1120, 1836, 710, 717, 1799, 1557, 722, 1694, 405, 375, 1034, 260, 1496, 411, 1672, 28, 637, 373, 1808, 134, 1012, 536, 1752, 983, 1135, 1576, 483, 13, 404, 841, 1172, 1041, 1843, 161, 847, 1369, 1910, 1782, 1671, 1376, 1856, 498, 806, 635, 1212, 438, 835, 1849, 1109, 1349, 1043, 2, 466, 610, 1165, 885, 951, 344, 300, 1807, 1908, 287, 1877, 705, 1872, 1581, 985, 328, 708, 730, 350, 307, 146, 840, 1180, 494, 16, 555, 1368, 1780, 779, 1771, 1203, 1754, 744, 863, 1684, 639, 1919, 738, 938, 1053, 618, 91, 1886, 1028, 472, 1050, 138, 131, 89, 416, 991, 1254, 467, 227, 1765, 1634, 1789, 1622, 1205, 1874, 839, 1151, 654, 1182, 815, 470, 670, 150, 718, 352, 1579, 879, 443, 1690, 32, 435, 1383, 501, 882, 1085, 1176, 1382, 1171, 686, 1140, 1105, 800, 1516, 1485, 516, 1475, 1434, 1911, 889, 239, 652, 1535, 1639, 335, 1325, 1784, 765, 663, 1224, 448, 1815, 739, 1812, 1076, 747, 1467, 732, 1654, 1828, 502, 1319, 1425, 1160, 1468, 368, 1732, 1248, 143, 808, 674, 713, 129, 1599, 288, 1005, 1643, 1729, 1918, 1064, 279, 1741, 406, 867, 729, 604, 1220, 750, 304, 936, 215, 1626, 1778, 1031, 1756, 305, 1699, 412, 1387, 1640, 210, 188, 253, 645, 1279, 349, 1898, 262, 1082, 213, 255, 1514, 1375, 576, 698, 986, 1119, 508, 1753, 104, 1296, 1380, 128, 163, 693, 1524, 924, 842, 812, 1348, 199, 1386, 1628, 1435, 1772, 817, 931, 334, 1360, 390, 1413, 1783, 944, 905, 1271, 1132, 1857, 35, 340, 1461, 506, 1150, 1455, 594, 1020, 1178, 1770, 1389, 1276, 1355, 1228, 990, 1480, 1100, 1326, 282, 1321, 852, 200, 1146, 1253, 49, 1682, 1221, 1840, 1525, 1037, 1170, 1800, 648, 1243, 266, 926, 782, 1667, 984, 570, 1289, 1860, 893, 1630, 479, 339, 246, 866, 1631, 211, 684, 60, 125, 1513, 836, 43, 1450, 515, 1256, 244, 1063, 1693, 913, 966, 54, 432, 1869, 254, 1916, 577, 1096, 540, 1075, 1261, 1871, 1587, 381, 634, 205, 269, 489, 1890, 37, 746, 386, 551, 1414, 953, 1403, 709, 622, 1497, 1561, 1324, 158, 624, 426, 1466, 44, 267, 994, 318, 1398, 397, 95, 786, 81, 1332, 837, 289, 865, 965, 67, 1696, 816, 1044, 820, 229, 1400, 1362, 491, 1139, 1873, 1338, 559, 1016, 1021, 1436, 1002, 1797, 40, 224, 1615, 1385, 941, 1308, 978, 794, 231, 834, 1675, 1736, 31, 1181, 562, 831, 1272, 767, 372, 1825, 1669, 760, 380, 1343, 42, 1351, 1337, 1441, 268, 1644, 1015, 52, 1469, 1861, 1481, 22, 1605, 361, 1381, 410, 1333, 975, 1046, 1595, 348, 1768, 366, 1281, 772, 974, 495, 358, 590, 187, 631, 1695, 687, 1328, 572, 588, 1805, 620, 1577, 1449, 1433, 1659, 320, 418, 346, 602, 573, 1709, 1300, 113, 427, 1891, 1341, 236, 1001, 370, 723, 1092, 1560, 379, 662, 79, 850, 1704, 824, 627, 436, 666, 1103, 653, 945, 1370, 1232, 587, 234, 103, 1858, 934, 1420, 123, 1818, 1310, 499, 1739, 1493, 1847, 1553, 740, 124, 1260, 1378, 1842, 1777, 1816, 1543, 749, 608, 1563, 996, 25, 101, 90, 459, 337, 122, 580, 829, 533, 292, 452, 1614, 1183, 1322, 1278, 521, 1136, 1190, 96, 259, 1645, 1008, 1888, 342, 445, 1504, 162, 382, 1894, 784, 1404, 1531, 1312, 444, 1097, 1447, 1280, 872, 168, 50, 1687, 1593, 1610, 98, 1242, 769, 642, 1309, 888, 433, 302, 1263, 1169, 1656, 1295, 243, 921, 1438, 1161, 877, 640, 1541, 24, 703, 980, 1173, 935, 1519, 440, 1512, 1137, 822, 1014, 310, 511, 583, 1518, 458, 274, 109, 856, 522, 11, 462, 1236, 232, 633, 1567, 1241, 989, 1725, 280, 875, 1083, 1833, 324, 1566, 249, 172, 696, 1505, 1010, 1477, 1327, 910, 861, 88, 99, 357, 437, 80, 1292, 764, 175, 395, 1716, 699, 1483, 1717, 673, 623, 1697, 1479, 1060, 1651, 553, 981, 218, 1110, 185, 77, 900, 371, 904, 1390, 21, 1882, 595, 1718, 1476, 152, 420, 918, 192, 1679, 1484, 1863, 787, 567, 851, 441, 530, 517, 1419, 1388, 329, 301, 1330, 876, 478, 1530, 676, 1844, 403, 74, 647, 728, 230, 519, 256, 737, 235, 1796, 182, 858, 504, 1287, 1124, 1229, 294, 625, 894, 759, 1544, 330, 1711, 505, 903, 1055, 1238, 1397, 1686, 136, 1275, 1580, 1584, 59, 1112, 1636, 166, 655, 1520, 1540, 374, 496, 414, 1226, 154, 860, 531, 1465, 1345, 1662, 1284, 669, 1627, 1408, 36, 191, 1748, 7, 1498, 802, 325, 957, 208, 228, 1201, 950, 1318, 155, 948, 133, 920, 442, 225, 611, 1633, 796, 667, 1652, 1304, 1609, 1611, 527, 1427, 1354, 689, 930, 870, 925, 56, 1402, 100, 189, 1068, 1737, 322, 523, 247, 971, 1445, 55, 579, 1374, 1571, 1521, 890, 785, 58, 671, 1608, 1168, 1742, 899, 299, 778, 1542, 761, 566, 46, 1708, 1719, 351, 1392, 651, 1764, 811, 449, 922, 261, 1036, 694, 127, 1114, 707, 1487, 1852, 1802, 873, 174, 1865, 1710, 763, 164, 1632, 345, 539, 1141, 805, 919, 911, 184, 548, 1422, 1625, 1155, 399, 1795, 1845, 1889, 1565, 45, 603, 1444, 1517, 1823, 1246, 477, 64, 1164, 1411, 781, 8, 1635, 1583, 1200, 241, 151, 177, 333, 629, 1453, 293, 1760, 636, 1239, 1115, 727, 273, 1394, 1266, 1184, 1619, 1743, 313, 1904, 982, 1367, 153, 564, 1806, 331, 1862, 1848, 606, 1264, 57, 97, 1774, 1814, 1086, 1029, 393, 1488, 85, 1509, 1550, 725, 1638, 1846, 1342, 1728, 993, 421, 1781, 681, 473, 1604, 364, 1613, 679, 780, 1885, 581, 1130, 116, 823, 355, 736, 75, 398, 557, 1740, 1515, 1596, 1250, 641, 1683, 198, 1363, 589, 1223, 1209, 417, 209, 1810, 9, 535, 1500, 1881, 1208, 909, 0, 702, 1897, 598, 1189, 748, 675, 1691, 1152, 755, 4, 1416, 830, 439, 1222, 1340, 692, 1003, 34, 356, 170, 1761, 1657, 1578, 401, 795, 1507, 997, 644, 1166, 447, 518, 563, 336, 1820, 343, 597, 844, 1058, 497, 311, 1463, 754, 1218, 1191, 1148, 1612, 1022, 1344, 1776, 942, 906, 1409, 1098, 130, 1418, 1830, 190, 1303, 1749, 607, 825, 92, 677, 628, 326, 715, 949, 27, 1537, 1025, 1439, 1277, 396, 1270, 53, 558, 584, 616, 630, 1533, 532, 1113, 612, 1080, 173, 1090, 838, 17, 897, 1306, 1311, 1131, 388, 1118, 1528, 1426, 1257, 1460, 1714, 1407, 144, 1734, 258, 1731, 526, 367, 1834, 126, 1104, 638, 791, 265, 223, 461, 1457, 139, 456, 1905, 1663, 1412, 1568, 1763, 883, 1661, 1678, 493, 1606, 1813, 541, 1757, 276, 296, 1673, 222, 1707, 183, 257, 615, 1478, 742, 376, 810, 661, 365, 156, 1298, 1701, 1653, 202, 1334, 1197, 1482, 106, 323, 1448, 1558, 1179, 1854, 902, 1049, 297, 216, 1268, 277, 1336, 1393, 65, 1456, 1052, 5, 1735, 1495, 1175, 988, 117, 721, 1788, 315, 1819, 1305, 1794, 520, 543, 1214, 917, 731, 1091, 1147, 1070, 68, 892, 1486, 464, 783, 115, 1883, 1372, 752, 383, 1122, 582, 1039, 1213, 574, 1594, 1870, 1111, 1792, 706, 1674, 233, 1607, 691, 1417, 1071, 711, 1538, 252, 741, 1396, 1211, 1429, 1906, 513, 799, 1384, 1138, 1688, 1681, 1045, 961, 743, 1824, 619, 766, 1727, 147, 827, 1117, 1547, 1892, 39, 82, 1546, 963, 178, 658, 1592, 425, 484, 415, 1204, 1331, 1207, 561, 912, 451, 1548, 1494, 1210, 1676, 685, 1291, 793, 632, 1018], [1054, 207, 1715, 1233, 514, 238, 1377, 1677, 878, 1624, 1145, 1009, 469, 962, 1194, 93, 1556, 1851, 1569, 1089, 745, 423, 23, 821, 29, 1401, 789, 1791, 788, 1079, 1347, 503, 1199, 753, 848, 1294, 801, 682, 955, 112, 1188, 402, 1878, 1817, 1288, 1821, 1245, 1302, 1007, 1705, 271, 510, 1510, 327, 1127, 486, 1555, 1004, 1589, 1511, 1700, 1373, 1668, 341, 1489, 1790, 1492, 321, 659, 578, 303, 118, 960, 453, 160, 683, 1832, 434, 701, 928, 480, 1446, 1552, 704, 94, 1317, 1410, 394, 186, 771, 859, 1395, 1646, 1570, 1353, 714, 1297, 360, 1153, 1185, 1766, 1471, 1013, 1356, 1437, 78, 63, 1618, 537, 482, 3, 450, 1339, 490, 857, 251, 898, 916, 546, 1809, 1689, 1078, 1069, 1, 1035, 1534, 1158, 203, 1837, 1095, 1235, 295, 933, 1474, 1559, 240, 105, 419, 1751, 1061, 1896, 1162, 1508, 1195, 237, 509, 1875, 6, 1564, 1698, 1907, 20, 1023, 1157, 1724, 132, 1912, 108, 1839, 734, 413, 316, 1249, 1880, 430, 915, 952, 813, 1532, 1116, 1859, 137, 1703, 141, 1785, 1582, 643, 119, 12, 968, 1193, 408, 214, 601, 967, 803, 1551, 363, 424, 958, 1826, 196]]
Resuming from epoch 65: /Users/suraj/Downloads/outputs/wall_single/checkpoints/model_latest.pth
num_action_repeat: 1
num_proprio_repeat: 1
proprio encoder: ProprioceptiveEmbedding(
  (patch_embed): Conv1d(2, 10, kernel_size=(1,), stride=(1,))
)
action encoder: ProprioceptiveEmbedding(
  (patch_embed): Conv1d(10, 10, kernel_size=(1,), stride=(1,))
)
proprio_dim: 10, after repeat: 10
action_dim: 10, after repeat: 10
emb_dim: 404
Model emb_dim:  404
eval_seed:  [31, 32, 33, 34, 35, 36, 37, 38, 39, 40]
Dumped plan targets to /Users/suraj/Desktop/EAI_DINO/results/wall_transition/transition_run_v2/mixed_int4/budget_bA/seed_3/plan_targets.pkl
Success rate:  0.0
{'success': array([False, False, False, False, False, False, False, False, False,
       False]), 'state_dist': array([30.53291023, 19.1540558 , 24.66370362, 36.35292233, 15.80634739,
       36.32380428, 20.2862148 , 26.94296275, 33.25184078, 29.05474838])}
Success rate:  0.0
{'success': array([False, False, False, False, False, False, False, False, False,
       False]), 'state_dist': array([23.68917956, 16.97936465, 14.70664397, 30.88445032, 10.16859223,
       22.59585785,  5.27657338, 25.95263278, 16.84088539, 27.75125172])}
MPC iter 0 Eval ------- 
Success rate:  0.0
{'success': array([False, False, False, False, False, False, False, False, False,
       False]), 'state_dist': array([23.68917956, 16.97936465, 14.70664397, 30.88445032, 10.16859223,
       22.59585785,  5.27657338, 25.95263278, 16.84088539, 27.75125172])}
self.is_success:  [False False False False False False False False False False]
Success rate:  0.1
{'success': array([False, False, False, False, False, False, False, False,  True,
       False]), 'state_dist': array([22.70699751, 16.69259432,  4.51426657, 19.05479139,  5.33646738,
        9.48376738,  6.26671258, 27.31731227,  2.81510341, 31.50627681])}
Success rate:  0.3
{'success': array([False, False, False, False,  True,  True, False, False,  True,
       False]), 'state_dist': array([23.22713216, 16.70446862,  5.18418625,  9.25943605,  4.47099058,
        3.34187997,  6.76526551, 26.49036505,  2.99580102, 32.51799074])}
MPC iter 1 Eval ------- 
Success rate:  0.3
{'success': array([False, False, False, False,  True,  True, False, False,  True,
       False]), 'state_dist': array([23.22713216, 16.70446862,  5.18418625,  9.25943605,  4.47099058,
        3.34187997,  6.76526551, 26.49036505,  2.99580102, 32.51799074])}
self.is_success:  [False False False False  True  True False False  True False]
Success rate:  0.3
{'success': array([False, False, False, False,  True,  True, False, False,  True,
       False]), 'state_dist': array([23.22713216, 16.70446862,  5.18418625,  9.25943605,  4.47099058,
        3.34187997,  6.76526551, 26.49036505,  2.99580102, 32.51799074])}
[ok] variant=mixed_int4 budget=bA opt_steps=2 seed=3 success=0.3000
Planning device: mps
Loading wall dataset...
Loaded 1920 rollouts
Using cache found in /Users/suraj/.cache/torch/hub/facebookresearch_dinov2_main
[[102, 33, 1056, 1591, 354, 245, 790, 1323, 142, 1745, 1588, 1473, 38, 1192, 735, 832, 547, 1186, 843, 660, 869, 83, 695, 1629, 179, 1658, 157, 1758, 1747, 250, 312, 1361, 1163, 1798, 275, 1099, 1787, 964, 1066, 609, 1666, 774, 181, 1502, 407, 668, 593, 1623, 1101, 565, 1350, 1572, 1094, 512, 148, 809, 263, 1853, 908, 927, 626, 569, 1730, 757, 1574, 1866, 1107, 1706, 391, 1255, 947, 828, 1720, 1057, 19, 1364, 1575, 1914, 1562, 1909, 534, 973, 538, 1017, 646, 285, 309, 1884, 1059, 552, 697, 1702, 145, 819, 649, 665, 169, 1051, 171, 1529, 1470, 291, 1371, 1240, 1641, 1746, 1443, 1307, 1801, 369, 1365, 525, 167, 1121, 1430, 874, 528, 1459, 1617, 770, 359, 923, 507, 884, 1616, 1314, 1149, 1379, 891, 1442, 1047, 1887, 248, 1767, 1620, 283, 392, 1290, 1650, 242, 1399, 807, 159, 204, 775, 1827, 500, 1352, 700, 1265, 1102, 149, 1440, 1258, 1738, 347, 690, 468, 1726, 1234, 1126, 868, 1501, 621, 585, 1523, 121, 1108, 846, 1167, 1405, 114, 474, 1406, 195, 1144, 586, 384, 1680, 298, 308, 529, 901, 475, 992, 1811, 1655, 914, 1598, 560, 1452, 385, 1032, 1895, 756, 1893, 485, 1293, 1876, 378, 206, 61, 1762, 1335, 1779, 1062, 111, 550, 1357, 284, 1074, 880, 592, 712, 1454, 1660, 1067, 946, 1011, 193, 1838, 1072, 1065, 1267, 1217, 591, 678, 792, 180, 1313, 69, 84, 1603, 1775, 201, 1415, 457, 1359, 400, 1759, 1081, 554, 471, 1841, 446, 1670, 688, 140, 1600, 871, 1093, 460, 1831, 818, 940, 1128, 614, 1000, 987, 1048, 72, 465, 804, 1804, 826, 1006, 1129, 270, 954, 86, 107, 1744, 751, 1143, 1554, 1750, 556, 1692, 664, 943, 907, 1713, 881, 1793, 849, 972, 264, 1431, 1040, 1391, 680, 1864, 724, 1549, 455, 600, 389, 1301, 1262, 1073, 1216, 613, 314, 15, 657, 896, 549, 575, 719, 545, 937, 1585, 165, 1252, 338, 970, 1366, 1247, 1024, 14, 855, 212, 887, 977, 1225, 776, 10, 1903, 1423, 596, 726, 431, 959, 1159, 1033, 1458, 1196, 1526, 317, 1358, 454, 1647, 976, 773, 1786, 1462, 488, 41, 571, 1464, 599, 979, 864, 18, 306, 1299, 797, 332, 1424, 1286, 66, 51, 1230, 1527, 1042, 762, 219, 487, 1026, 1282, 1285, 1503, 1597, 1573, 758, 999, 30, 1215, 1315, 1227, 387, 1867, 1421, 220, 932, 1829, 26, 1822, 290, 1088, 1902, 429, 463, 197, 1156, 1539, 1491, 1027, 1901, 733, 1879, 833, 278, 1251, 1899, 1642, 73, 272, 1019, 1084, 1346, 1803, 845, 568, 286, 76, 956, 1237, 48, 939, 1601, 481, 1187, 176, 1231, 1545, 1664, 1244, 87, 47, 194, 1586, 1316, 1125, 1649, 1077, 995, 1665, 1428, 1219, 1712, 1038, 542, 998, 70, 929, 1648, 476, 886, 1134, 1733, 854, 853, 1283, 1432, 1723, 1269, 281, 1174, 110, 1685, 1868, 777, 1522, 353, 798, 1773, 409, 768, 1273, 1490, 221, 1154, 1499, 71, 1637, 720, 1850, 1198, 1755, 1915, 716, 1900, 1835, 672, 319, 1536, 226, 1472, 1602, 969, 492, 428, 895, 814, 1133, 62, 656, 1722, 1621, 1142, 1087, 524, 1590, 1030, 650, 1451, 1913, 1259, 1917, 544, 377, 862, 1202, 1177, 1274, 1123, 617, 605, 1106, 1855, 422, 1769, 362, 1721, 1329, 1206, 1506, 135, 1320, 217, 120, 1120, 1836, 710, 717, 1799, 1557, 722, 1694, 405, 375, 1034, 260, 1496, 411, 1672, 28, 637, 373, 1808, 134, 1012, 536, 1752, 983, 1135, 1576, 483, 13, 404, 841, 1172, 1041, 1843, 161, 847, 1369, 1910, 1782, 1671, 1376, 1856, 498, 806, 635, 1212, 438, 835, 1849, 1109, 1349, 1043, 2, 466, 610, 1165, 885, 951, 344, 300, 1807, 1908, 287, 1877, 705, 1872, 1581, 985, 328, 708, 730, 350, 307, 146, 840, 1180, 494, 16, 555, 1368, 1780, 779, 1771, 1203, 1754, 744, 863, 1684, 639, 1919, 738, 938, 1053, 618, 91, 1886, 1028, 472, 1050, 138, 131, 89, 416, 991, 1254, 467, 227, 1765, 1634, 1789, 1622, 1205, 1874, 839, 1151, 654, 1182, 815, 470, 670, 150, 718, 352, 1579, 879, 443, 1690, 32, 435, 1383, 501, 882, 1085, 1176, 1382, 1171, 686, 1140, 1105, 800, 1516, 1485, 516, 1475, 1434, 1911, 889, 239, 652, 1535, 1639, 335, 1325, 1784, 765, 663, 1224, 448, 1815, 739, 1812, 1076, 747, 1467, 732, 1654, 1828, 502, 1319, 1425, 1160, 1468, 368, 1732, 1248, 143, 808, 674, 713, 129, 1599, 288, 1005, 1643, 1729, 1918, 1064, 279, 1741, 406, 867, 729, 604, 1220, 750, 304, 936, 215, 1626, 1778, 1031, 1756, 305, 1699, 412, 1387, 1640, 210, 188, 253, 645, 1279, 349, 1898, 262, 1082, 213, 255, 1514, 1375, 576, 698, 986, 1119, 508, 1753, 104, 1296, 1380, 128, 163, 693, 1524, 924, 842, 812, 1348, 199, 1386, 1628, 1435, 1772, 817, 931, 334, 1360, 390, 1413, 1783, 944, 905, 1271, 1132, 1857, 35, 340, 1461, 506, 1150, 1455, 594, 1020, 1178, 1770, 1389, 1276, 1355, 1228, 990, 1480, 1100, 1326, 282, 1321, 852, 200, 1146, 1253, 49, 1682, 1221, 1840, 1525, 1037, 1170, 1800, 648, 1243, 266, 926, 782, 1667, 984, 570, 1289, 1860, 893, 1630, 479, 339, 246, 866, 1631, 211, 684, 60, 125, 1513, 836, 43, 1450, 515, 1256, 244, 1063, 1693, 913, 966, 54, 432, 1869, 254, 1916, 577, 1096, 540, 1075, 1261, 1871, 1587, 381, 634, 205, 269, 489, 1890, 37, 746, 386, 551, 1414, 953, 1403, 709, 622, 1497, 1561, 1324, 158, 624, 426, 1466, 44, 267, 994, 318, 1398, 397, 95, 786, 81, 1332, 837, 289, 865, 965, 67, 1696, 816, 1044, 820, 229, 1400, 1362, 491, 1139, 1873, 1338, 559, 1016, 1021, 1436, 1002, 1797, 40, 224, 1615, 1385, 941, 1308, 978, 794, 231, 834, 1675, 1736, 31, 1181, 562, 831, 1272, 767, 372, 1825, 1669, 760, 380, 1343, 42, 1351, 1337, 1441, 268, 1644, 1015, 52, 1469, 1861, 1481, 22, 1605, 361, 1381, 410, 1333, 975, 1046, 1595, 348, 1768, 366, 1281, 772, 974, 495, 358, 590, 187, 631, 1695, 687, 1328, 572, 588, 1805, 620, 1577, 1449, 1433, 1659, 320, 418, 346, 602, 573, 1709, 1300, 113, 427, 1891, 1341, 236, 1001, 370, 723, 1092, 1560, 379, 662, 79, 850, 1704, 824, 627, 436, 666, 1103, 653, 945, 1370, 1232, 587, 234, 103, 1858, 934, 1420, 123, 1818, 1310, 499, 1739, 1493, 1847, 1553, 740, 124, 1260, 1378, 1842, 1777, 1816, 1543, 749, 608, 1563, 996, 25, 101, 90, 459, 337, 122, 580, 829, 533, 292, 452, 1614, 1183, 1322, 1278, 521, 1136, 1190, 96, 259, 1645, 1008, 1888, 342, 445, 1504, 162, 382, 1894, 784, 1404, 1531, 1312, 444, 1097, 1447, 1280, 872, 168, 50, 1687, 1593, 1610, 98, 1242, 769, 642, 1309, 888, 433, 302, 1263, 1169, 1656, 1295, 243, 921, 1438, 1161, 877, 640, 1541, 24, 703, 980, 1173, 935, 1519, 440, 1512, 1137, 822, 1014, 310, 511, 583, 1518, 458, 274, 109, 856, 522, 11, 462, 1236, 232, 633, 1567, 1241, 989, 1725, 280, 875, 1083, 1833, 324, 1566, 249, 172, 696, 1505, 1010, 1477, 1327, 910, 861, 88, 99, 357, 437, 80, 1292, 764, 175, 395, 1716, 699, 1483, 1717, 673, 623, 1697, 1479, 1060, 1651, 553, 981, 218, 1110, 185, 77, 900, 371, 904, 1390, 21, 1882, 595, 1718, 1476, 152, 420, 918, 192, 1679, 1484, 1863, 787, 567, 851, 441, 530, 517, 1419, 1388, 329, 301, 1330, 876, 478, 1530, 676, 1844, 403, 74, 647, 728, 230, 519, 256, 737, 235, 1796, 182, 858, 504, 1287, 1124, 1229, 294, 625, 894, 759, 1544, 330, 1711, 505, 903, 1055, 1238, 1397, 1686, 136, 1275, 1580, 1584, 59, 1112, 1636, 166, 655, 1520, 1540, 374, 496, 414, 1226, 154, 860, 531, 1465, 1345, 1662, 1284, 669, 1627, 1408, 36, 191, 1748, 7, 1498, 802, 325, 957, 208, 228, 1201, 950, 1318, 155, 948, 133, 920, 442, 225, 611, 1633, 796, 667, 1652, 1304, 1609, 1611, 527, 1427, 1354, 689, 930, 870, 925, 56, 1402, 100, 189, 1068, 1737, 322, 523, 247, 971, 1445, 55, 579, 1374, 1571, 1521, 890, 785, 58, 671, 1608, 1168, 1742, 899, 299, 778, 1542, 761, 566, 46, 1708, 1719, 351, 1392, 651, 1764, 811, 449, 922, 261, 1036, 694, 127, 1114, 707, 1487, 1852, 1802, 873, 174, 1865, 1710, 763, 164, 1632, 345, 539, 1141, 805, 919, 911, 184, 548, 1422, 1625, 1155, 399, 1795, 1845, 1889, 1565, 45, 603, 1444, 1517, 1823, 1246, 477, 64, 1164, 1411, 781, 8, 1635, 1583, 1200, 241, 151, 177, 333, 629, 1453, 293, 1760, 636, 1239, 1115, 727, 273, 1394, 1266, 1184, 1619, 1743, 313, 1904, 982, 1367, 153, 564, 1806, 331, 1862, 1848, 606, 1264, 57, 97, 1774, 1814, 1086, 1029, 393, 1488, 85, 1509, 1550, 725, 1638, 1846, 1342, 1728, 993, 421, 1781, 681, 473, 1604, 364, 1613, 679, 780, 1885, 581, 1130, 116, 823, 355, 736, 75, 398, 557, 1740, 1515, 1596, 1250, 641, 1683, 198, 1363, 589, 1223, 1209, 417, 209, 1810, 9, 535, 1500, 1881, 1208, 909, 0, 702, 1897, 598, 1189, 748, 675, 1691, 1152, 755, 4, 1416, 830, 439, 1222, 1340, 692, 1003, 34, 356, 170, 1761, 1657, 1578, 401, 795, 1507, 997, 644, 1166, 447, 518, 563, 336, 1820, 343, 597, 844, 1058, 497, 311, 1463, 754, 1218, 1191, 1148, 1612, 1022, 1344, 1776, 942, 906, 1409, 1098, 130, 1418, 1830, 190, 1303, 1749, 607, 825, 92, 677, 628, 326, 715, 949, 27, 1537, 1025, 1439, 1277, 396, 1270, 53, 558, 584, 616, 630, 1533, 532, 1113, 612, 1080, 173, 1090, 838, 17, 897, 1306, 1311, 1131, 388, 1118, 1528, 1426, 1257, 1460, 1714, 1407, 144, 1734, 258, 1731, 526, 367, 1834, 126, 1104, 638, 791, 265, 223, 461, 1457, 139, 456, 1905, 1663, 1412, 1568, 1763, 883, 1661, 1678, 493, 1606, 1813, 541, 1757, 276, 296, 1673, 222, 1707, 183, 257, 615, 1478, 742, 376, 810, 661, 365, 156, 1298, 1701, 1653, 202, 1334, 1197, 1482, 106, 323, 1448, 1558, 1179, 1854, 902, 1049, 297, 216, 1268, 277, 1336, 1393, 65, 1456, 1052, 5, 1735, 1495, 1175, 988, 117, 721, 1788, 315, 1819, 1305, 1794, 520, 543, 1214, 917, 731, 1091, 1147, 1070, 68, 892, 1486, 464, 783, 115, 1883, 1372, 752, 383, 1122, 582, 1039, 1213, 574, 1594, 1870, 1111, 1792, 706, 1674, 233, 1607, 691, 1417, 1071, 711, 1538, 252, 741, 1396, 1211, 1429, 1906, 513, 799, 1384, 1138, 1688, 1681, 1045, 961, 743, 1824, 619, 766, 1727, 147, 827, 1117, 1547, 1892, 39, 82, 1546, 963, 178, 658, 1592, 425, 484, 415, 1204, 1331, 1207, 561, 912, 451, 1548, 1494, 1210, 1676, 685, 1291, 793, 632, 1018], [1054, 207, 1715, 1233, 514, 238, 1377, 1677, 878, 1624, 1145, 1009, 469, 962, 1194, 93, 1556, 1851, 1569, 1089, 745, 423, 23, 821, 29, 1401, 789, 1791, 788, 1079, 1347, 503, 1199, 753, 848, 1294, 801, 682, 955, 112, 1188, 402, 1878, 1817, 1288, 1821, 1245, 1302, 1007, 1705, 271, 510, 1510, 327, 1127, 486, 1555, 1004, 1589, 1511, 1700, 1373, 1668, 341, 1489, 1790, 1492, 321, 659, 578, 303, 118, 960, 453, 160, 683, 1832, 434, 701, 928, 480, 1446, 1552, 704, 94, 1317, 1410, 394, 186, 771, 859, 1395, 1646, 1570, 1353, 714, 1297, 360, 1153, 1185, 1766, 1471, 1013, 1356, 1437, 78, 63, 1618, 537, 482, 3, 450, 1339, 490, 857, 251, 898, 916, 546, 1809, 1689, 1078, 1069, 1, 1035, 1534, 1158, 203, 1837, 1095, 1235, 295, 933, 1474, 1559, 240, 105, 419, 1751, 1061, 1896, 1162, 1508, 1195, 237, 509, 1875, 6, 1564, 1698, 1907, 20, 1023, 1157, 1724, 132, 1912, 108, 1839, 734, 413, 316, 1249, 1880, 430, 915, 952, 813, 1532, 1116, 1859, 137, 1703, 141, 1785, 1582, 643, 119, 12, 968, 1193, 408, 214, 601, 967, 803, 1551, 363, 424, 958, 1826, 196]]
Resuming from epoch 65: /Users/suraj/Downloads/outputs/wall_single/checkpoints/model_latest.pth
num_action_repeat: 1
num_proprio_repeat: 1
proprio encoder: ProprioceptiveEmbedding(
  (patch_embed): Conv1d(2, 10, kernel_size=(1,), stride=(1,))
)
action encoder: ProprioceptiveEmbedding(
  (patch_embed): Conv1d(10, 10, kernel_size=(1,), stride=(1,))
)
proprio_dim: 10, after repeat: 10
action_dim: 10, after repeat: 10
emb_dim: 404
Model emb_dim:  404
eval_seed:  [11, 12, 13, 14, 15, 16, 17, 18, 19, 20]
Dumped plan targets to /Users/suraj/Desktop/EAI_DINO/results/wall_transition/transition_run_v2/uniform_int3/budget_bA/seed_1/plan_targets.pkl
Success rate:  0.0
{'success': array([False, False, False, False, False, False, False, False, False,
       False]), 'state_dist': array([37.1318447 , 51.06255376, 20.47438516, 59.09938219, 27.86658897,
       54.45363157, 29.58472531, 40.54793052, 49.86873346, 39.69028723])}
Success rate:  0.0
{'success': array([False, False, False, False, False, False, False, False, False,
       False]), 'state_dist': array([41.72445202, 50.99825045, 19.09261526, 59.6975413 , 33.43515882,
       58.11581779, 24.94875501, 38.18774302, 51.77681836, 42.89355157])}
MPC iter 0 Eval ------- 
Success rate:  0.0
{'success': array([False, False, False, False, False, False, False, False, False,
       False]), 'state_dist': array([41.72445202, 50.99825045, 19.09261526, 59.6975413 , 33.43515882,
       58.11581779, 24.94875501, 38.18774302, 51.77681836, 42.89355157])}
self.is_success:  [False False False False False False False False False False]
Success rate:  0.0
{'success': array([False, False, False, False, False, False, False, False, False,
       False]), 'state_dist': array([45.78104799, 50.32368777, 19.56561063, 65.39172284, 37.03454136,
       60.43146447, 20.44227884, 38.52615992, 54.32942245, 42.13128785])}
Success rate:  0.0
{'success': array([False, False, False, False, False, False, False, False, False,
       False]), 'state_dist': array([48.83948418, 50.2891446 , 18.88121589, 64.58233072, 37.7460691 ,
       62.02032959, 22.44029632, 39.82098227, 55.33294973, 43.15631748])}
MPC iter 1 Eval ------- 
Success rate:  0.0
{'success': array([False, False, False, False, False, False, False, False, False,
       False]), 'state_dist': array([48.83948418, 50.2891446 , 18.88121589, 64.58233072, 37.7460691 ,
       62.02032959, 22.44029632, 39.82098227, 55.33294973, 43.15631748])}
self.is_success:  [False False False False False False False False False False]
Success rate:  0.0
{'success': array([False, False, False, False, False, False, False, False, False,
       False]), 'state_dist': array([48.83948418, 50.2891446 , 18.88121589, 64.58233072, 37.7460691 ,
       62.02032959, 22.44029632, 39.82098227, 55.33294973, 43.15631748])}
[ok] variant=uniform_int3 budget=bA opt_steps=2 seed=1 success=0.0000
Planning device: mps
Loading wall dataset...
Loaded 1920 rollouts
Using cache found in /Users/suraj/.cache/torch/hub/facebookresearch_dinov2_main
[[102, 33, 1056, 1591, 354, 245, 790, 1323, 142, 1745, 1588, 1473, 38, 1192, 735, 832, 547, 1186, 843, 660, 869, 83, 695, 1629, 179, 1658, 157, 1758, 1747, 250, 312, 1361, 1163, 1798, 275, 1099, 1787, 964, 1066, 609, 1666, 774, 181, 1502, 407, 668, 593, 1623, 1101, 565, 1350, 1572, 1094, 512, 148, 809, 263, 1853, 908, 927, 626, 569, 1730, 757, 1574, 1866, 1107, 1706, 391, 1255, 947, 828, 1720, 1057, 19, 1364, 1575, 1914, 1562, 1909, 534, 973, 538, 1017, 646, 285, 309, 1884, 1059, 552, 697, 1702, 145, 819, 649, 665, 169, 1051, 171, 1529, 1470, 291, 1371, 1240, 1641, 1746, 1443, 1307, 1801, 369, 1365, 525, 167, 1121, 1430, 874, 528, 1459, 1617, 770, 359, 923, 507, 884, 1616, 1314, 1149, 1379, 891, 1442, 1047, 1887, 248, 1767, 1620, 283, 392, 1290, 1650, 242, 1399, 807, 159, 204, 775, 1827, 500, 1352, 700, 1265, 1102, 149, 1440, 1258, 1738, 347, 690, 468, 1726, 1234, 1126, 868, 1501, 621, 585, 1523, 121, 1108, 846, 1167, 1405, 114, 474, 1406, 195, 1144, 586, 384, 1680, 298, 308, 529, 901, 475, 992, 1811, 1655, 914, 1598, 560, 1452, 385, 1032, 1895, 756, 1893, 485, 1293, 1876, 378, 206, 61, 1762, 1335, 1779, 1062, 111, 550, 1357, 284, 1074, 880, 592, 712, 1454, 1660, 1067, 946, 1011, 193, 1838, 1072, 1065, 1267, 1217, 591, 678, 792, 180, 1313, 69, 84, 1603, 1775, 201, 1415, 457, 1359, 400, 1759, 1081, 554, 471, 1841, 446, 1670, 688, 140, 1600, 871, 1093, 460, 1831, 818, 940, 1128, 614, 1000, 987, 1048, 72, 465, 804, 1804, 826, 1006, 1129, 270, 954, 86, 107, 1744, 751, 1143, 1554, 1750, 556, 1692, 664, 943, 907, 1713, 881, 1793, 849, 972, 264, 1431, 1040, 1391, 680, 1864, 724, 1549, 455, 600, 389, 1301, 1262, 1073, 1216, 613, 314, 15, 657, 896, 549, 575, 719, 545, 937, 1585, 165, 1252, 338, 970, 1366, 1247, 1024, 14, 855, 212, 887, 977, 1225, 776, 10, 1903, 1423, 596, 726, 431, 959, 1159, 1033, 1458, 1196, 1526, 317, 1358, 454, 1647, 976, 773, 1786, 1462, 488, 41, 571, 1464, 599, 979, 864, 18, 306, 1299, 797, 332, 1424, 1286, 66, 51, 1230, 1527, 1042, 762, 219, 487, 1026, 1282, 1285, 1503, 1597, 1573, 758, 999, 30, 1215, 1315, 1227, 387, 1867, 1421, 220, 932, 1829, 26, 1822, 290, 1088, 1902, 429, 463, 197, 1156, 1539, 1491, 1027, 1901, 733, 1879, 833, 278, 1251, 1899, 1642, 73, 272, 1019, 1084, 1346, 1803, 845, 568, 286, 76, 956, 1237, 48, 939, 1601, 481, 1187, 176, 1231, 1545, 1664, 1244, 87, 47, 194, 1586, 1316, 1125, 1649, 1077, 995, 1665, 1428, 1219, 1712, 1038, 542, 998, 70, 929, 1648, 476, 886, 1134, 1733, 854, 853, 1283, 1432, 1723, 1269, 281, 1174, 110, 1685, 1868, 777, 1522, 353, 798, 1773, 409, 768, 1273, 1490, 221, 1154, 1499, 71, 1637, 720, 1850, 1198, 1755, 1915, 716, 1900, 1835, 672, 319, 1536, 226, 1472, 1602, 969, 492, 428, 895, 814, 1133, 62, 656, 1722, 1621, 1142, 1087, 524, 1590, 1030, 650, 1451, 1913, 1259, 1917, 544, 377, 862, 1202, 1177, 1274, 1123, 617, 605, 1106, 1855, 422, 1769, 362, 1721, 1329, 1206, 1506, 135, 1320, 217, 120, 1120, 1836, 710, 717, 1799, 1557, 722, 1694, 405, 375, 1034, 260, 1496, 411, 1672, 28, 637, 373, 1808, 134, 1012, 536, 1752, 983, 1135, 1576, 483, 13, 404, 841, 1172, 1041, 1843, 161, 847, 1369, 1910, 1782, 1671, 1376, 1856, 498, 806, 635, 1212, 438, 835, 1849, 1109, 1349, 1043, 2, 466, 610, 1165, 885, 951, 344, 300, 1807, 1908, 287, 1877, 705, 1872, 1581, 985, 328, 708, 730, 350, 307, 146, 840, 1180, 494, 16, 555, 1368, 1780, 779, 1771, 1203, 1754, 744, 863, 1684, 639, 1919, 738, 938, 1053, 618, 91, 1886, 1028, 472, 1050, 138, 131, 89, 416, 991, 1254, 467, 227, 1765, 1634, 1789, 1622, 1205, 1874, 839, 1151, 654, 1182, 815, 470, 670, 150, 718, 352, 1579, 879, 443, 1690, 32, 435, 1383, 501, 882, 1085, 1176, 1382, 1171, 686, 1140, 1105, 800, 1516, 1485, 516, 1475, 1434, 1911, 889, 239, 652, 1535, 1639, 335, 1325, 1784, 765, 663, 1224, 448, 1815, 739, 1812, 1076, 747, 1467, 732, 1654, 1828, 502, 1319, 1425, 1160, 1468, 368, 1732, 1248, 143, 808, 674, 713, 129, 1599, 288, 1005, 1643, 1729, 1918, 1064, 279, 1741, 406, 867, 729, 604, 1220, 750, 304, 936, 215, 1626, 1778, 1031, 1756, 305, 1699, 412, 1387, 1640, 210, 188, 253, 645, 1279, 349, 1898, 262, 1082, 213, 255, 1514, 1375, 576, 698, 986, 1119, 508, 1753, 104, 1296, 1380, 128, 163, 693, 1524, 924, 842, 812, 1348, 199, 1386, 1628, 1435, 1772, 817, 931, 334, 1360, 390, 1413, 1783, 944, 905, 1271, 1132, 1857, 35, 340, 1461, 506, 1150, 1455, 594, 1020, 1178, 1770, 1389, 1276, 1355, 1228, 990, 1480, 1100, 1326, 282, 1321, 852, 200, 1146, 1253, 49, 1682, 1221, 1840, 1525, 1037, 1170, 1800, 648, 1243, 266, 926, 782, 1667, 984, 570, 1289, 1860, 893, 1630, 479, 339, 246, 866, 1631, 211, 684, 60, 125, 1513, 836, 43, 1450, 515, 1256, 244, 1063, 1693, 913, 966, 54, 432, 1869, 254, 1916, 577, 1096, 540, 1075, 1261, 1871, 1587, 381, 634, 205, 269, 489, 1890, 37, 746, 386, 551, 1414, 953, 1403, 709, 622, 1497, 1561, 1324, 158, 624, 426, 1466, 44, 267, 994, 318, 1398, 397, 95, 786, 81, 1332, 837, 289, 865, 965, 67, 1696, 816, 1044, 820, 229, 1400, 1362, 491, 1139, 1873, 1338, 559, 1016, 1021, 1436, 1002, 1797, 40, 224, 1615, 1385, 941, 1308, 978, 794, 231, 834, 1675, 1736, 31, 1181, 562, 831, 1272, 767, 372, 1825, 1669, 760, 380, 1343, 42, 1351, 1337, 1441, 268, 1644, 1015, 52, 1469, 1861, 1481, 22, 1605, 361, 1381, 410, 1333, 975, 1046, 1595, 348, 1768, 366, 1281, 772, 974, 495, 358, 590, 187, 631, 1695, 687, 1328, 572, 588, 1805, 620, 1577, 1449, 1433, 1659, 320, 418, 346, 602, 573, 1709, 1300, 113, 427, 1891, 1341, 236, 1001, 370, 723, 1092, 1560, 379, 662, 79, 850, 1704, 824, 627, 436, 666, 1103, 653, 945, 1370, 1232, 587, 234, 103, 1858, 934, 1420, 123, 1818, 1310, 499, 1739, 1493, 1847, 1553, 740, 124, 1260, 1378, 1842, 1777, 1816, 1543, 749, 608, 1563, 996, 25, 101, 90, 459, 337, 122, 580, 829, 533, 292, 452, 1614, 1183, 1322, 1278, 521, 1136, 1190, 96, 259, 1645, 1008, 1888, 342, 445, 1504, 162, 382, 1894, 784, 1404, 1531, 1312, 444, 1097, 1447, 1280, 872, 168, 50, 1687, 1593, 1610, 98, 1242, 769, 642, 1309, 888, 433, 302, 1263, 1169, 1656, 1295, 243, 921, 1438, 1161, 877, 640, 1541, 24, 703, 980, 1173, 935, 1519, 440, 1512, 1137, 822, 1014, 310, 511, 583, 1518, 458, 274, 109, 856, 522, 11, 462, 1236, 232, 633, 1567, 1241, 989, 1725, 280, 875, 1083, 1833, 324, 1566, 249, 172, 696, 1505, 1010, 1477, 1327, 910, 861, 88, 99, 357, 437, 80, 1292, 764, 175, 395, 1716, 699, 1483, 1717, 673, 623, 1697, 1479, 1060, 1651, 553, 981, 218, 1110, 185, 77, 900, 371, 904, 1390, 21, 1882, 595, 1718, 1476, 152, 420, 918, 192, 1679, 1484, 1863, 787, 567, 851, 441, 530, 517, 1419, 1388, 329, 301, 1330, 876, 478, 1530, 676, 1844, 403, 74, 647, 728, 230, 519, 256, 737, 235, 1796, 182, 858, 504, 1287, 1124, 1229, 294, 625, 894, 759, 1544, 330, 1711, 505, 903, 1055, 1238, 1397, 1686, 136, 1275, 1580, 1584, 59, 1112, 1636, 166, 655, 1520, 1540, 374, 496, 414, 1226, 154, 860, 531, 1465, 1345, 1662, 1284, 669, 1627, 1408, 36, 191, 1748, 7, 1498, 802, 325, 957, 208, 228, 1201, 950, 1318, 155, 948, 133, 920, 442, 225, 611, 1633, 796, 667, 1652, 1304, 1609, 1611, 527, 1427, 1354, 689, 930, 870, 925, 56, 1402, 100, 189, 1068, 1737, 322, 523, 247, 971, 1445, 55, 579, 1374, 1571, 1521, 890, 785, 58, 671, 1608, 1168, 1742, 899, 299, 778, 1542, 761, 566, 46, 1708, 1719, 351, 1392, 651, 1764, 811, 449, 922, 261, 1036, 694, 127, 1114, 707, 1487, 1852, 1802, 873, 174, 1865, 1710, 763, 164, 1632, 345, 539, 1141, 805, 919, 911, 184, 548, 1422, 1625, 1155, 399, 1795, 1845, 1889, 1565, 45, 603, 1444, 1517, 1823, 1246, 477, 64, 1164, 1411, 781, 8, 1635, 1583, 1200, 241, 151, 177, 333, 629, 1453, 293, 1760, 636, 1239, 1115, 727, 273, 1394, 1266, 1184, 1619, 1743, 313, 1904, 982, 1367, 153, 564, 1806, 331, 1862, 1848, 606, 1264, 57, 97, 1774, 1814, 1086, 1029, 393, 1488, 85, 1509, 1550, 725, 1638, 1846, 1342, 1728, 993, 421, 1781, 681, 473, 1604, 364, 1613, 679, 780, 1885, 581, 1130, 116, 823, 355, 736, 75, 398, 557, 1740, 1515, 1596, 1250, 641, 1683, 198, 1363, 589, 1223, 1209, 417, 209, 1810, 9, 535, 1500, 1881, 1208, 909, 0, 702, 1897, 598, 1189, 748, 675, 1691, 1152, 755, 4, 1416, 830, 439, 1222, 1340, 692, 1003, 34, 356, 170, 1761, 1657, 1578, 401, 795, 1507, 997, 644, 1166, 447, 518, 563, 336, 1820, 343, 597, 844, 1058, 497, 311, 1463, 754, 1218, 1191, 1148, 1612, 1022, 1344, 1776, 942, 906, 1409, 1098, 130, 1418, 1830, 190, 1303, 1749, 607, 825, 92, 677, 628, 326, 715, 949, 27, 1537, 1025, 1439, 1277, 396, 1270, 53, 558, 584, 616, 630, 1533, 532, 1113, 612, 1080, 173, 1090, 838, 17, 897, 1306, 1311, 1131, 388, 1118, 1528, 1426, 1257, 1460, 1714, 1407, 144, 1734, 258, 1731, 526, 367, 1834, 126, 1104, 638, 791, 265, 223, 461, 1457, 139, 456, 1905, 1663, 1412, 1568, 1763, 883, 1661, 1678, 493, 1606, 1813, 541, 1757, 276, 296, 1673, 222, 1707, 183, 257, 615, 1478, 742, 376, 810, 661, 365, 156, 1298, 1701, 1653, 202, 1334, 1197, 1482, 106, 323, 1448, 1558, 1179, 1854, 902, 1049, 297, 216, 1268, 277, 1336, 1393, 65, 1456, 1052, 5, 1735, 1495, 1175, 988, 117, 721, 1788, 315, 1819, 1305, 1794, 520, 543, 1214, 917, 731, 1091, 1147, 1070, 68, 892, 1486, 464, 783, 115, 1883, 1372, 752, 383, 1122, 582, 1039, 1213, 574, 1594, 1870, 1111, 1792, 706, 1674, 233, 1607, 691, 1417, 1071, 711, 1538, 252, 741, 1396, 1211, 1429, 1906, 513, 799, 1384, 1138, 1688, 1681, 1045, 961, 743, 1824, 619, 766, 1727, 147, 827, 1117, 1547, 1892, 39, 82, 1546, 963, 178, 658, 1592, 425, 484, 415, 1204, 1331, 1207, 561, 912, 451, 1548, 1494, 1210, 1676, 685, 1291, 793, 632, 1018], [1054, 207, 1715, 1233, 514, 238, 1377, 1677, 878, 1624, 1145, 1009, 469, 962, 1194, 93, 1556, 1851, 1569, 1089, 745, 423, 23, 821, 29, 1401, 789, 1791, 788, 1079, 1347, 503, 1199, 753, 848, 1294, 801, 682, 955, 112, 1188, 402, 1878, 1817, 1288, 1821, 1245, 1302, 1007, 1705, 271, 510, 1510, 327, 1127, 486, 1555, 1004, 1589, 1511, 1700, 1373, 1668, 341, 1489, 1790, 1492, 321, 659, 578, 303, 118, 960, 453, 160, 683, 1832, 434, 701, 928, 480, 1446, 1552, 704, 94, 1317, 1410, 394, 186, 771, 859, 1395, 1646, 1570, 1353, 714, 1297, 360, 1153, 1185, 1766, 1471, 1013, 1356, 1437, 78, 63, 1618, 537, 482, 3, 450, 1339, 490, 857, 251, 898, 916, 546, 1809, 1689, 1078, 1069, 1, 1035, 1534, 1158, 203, 1837, 1095, 1235, 295, 933, 1474, 1559, 240, 105, 419, 1751, 1061, 1896, 1162, 1508, 1195, 237, 509, 1875, 6, 1564, 1698, 1907, 20, 1023, 1157, 1724, 132, 1912, 108, 1839, 734, 413, 316, 1249, 1880, 430, 915, 952, 813, 1532, 1116, 1859, 137, 1703, 141, 1785, 1582, 643, 119, 12, 968, 1193, 408, 214, 601, 967, 803, 1551, 363, 424, 958, 1826, 196]]
Resuming from epoch 65: /Users/suraj/Downloads/outputs/wall_single/checkpoints/model_latest.pth
num_action_repeat: 1
num_proprio_repeat: 1
proprio encoder: ProprioceptiveEmbedding(
  (patch_embed): Conv1d(2, 10, kernel_size=(1,), stride=(1,))
)
action encoder: ProprioceptiveEmbedding(
  (patch_embed): Conv1d(10, 10, kernel_size=(1,), stride=(1,))
)
proprio_dim: 10, after repeat: 10
action_dim: 10, after repeat: 10
emb_dim: 404
Model emb_dim:  404
eval_seed:  [21, 22, 23, 24, 25, 26, 27, 28, 29, 30]
Dumped plan targets to /Users/suraj/Desktop/EAI_DINO/results/wall_transition/transition_run_v2/uniform_int3/budget_bA/seed_2/plan_targets.pkl
Success rate:  0.0
{'success': array([False, False, False, False, False, False, False, False, False,
       False]), 'state_dist': array([53.69001415, 44.87293174, 50.90914628, 53.36249855, 34.11881631,
       33.74860511, 39.67440145, 26.91727253, 40.96092954, 34.65948887])}
Success rate:  0.0
{'success': array([False, False, False, False, False, False, False, False, False,
       False]), 'state_dist': array([60.17428344, 47.89050225, 50.9354077 , 54.02833048, 37.42081641,
       29.63117401, 41.33200744, 23.65112131, 43.96810471, 33.01464055])}
MPC iter 0 Eval ------- 
Success rate:  0.0
{'success': array([False, False, False, False, False, False, False, False, False,
       False]), 'state_dist': array([60.17428344, 47.89050225, 50.9354077 , 54.02833048, 37.42081641,
       29.63117401, 41.33200744, 23.65112131, 43.96810471, 33.01464055])}
self.is_success:  [False False False False False False False False False False]
Success rate:  0.0
{'success': array([False, False, False, False, False, False, False, False, False,
       False]), 'state_dist': array([67.04342711, 50.56309017, 53.04061614, 54.02833048, 38.02095232,
       30.29609903, 38.81249874, 22.07464952, 44.53438988, 30.02931994])}
Success rate:  0.0
{'success': array([False, False, False, False, False, False, False, False, False,
       False]), 'state_dist': array([68.04751911, 50.85019077, 53.62901289, 54.02833048, 38.18440608,
       26.99177815, 44.98608625, 21.87861804, 46.39975358, 31.60809741])}
MPC iter 1 Eval ------- 
Success rate:  0.0
{'success': array([False, False, False, False, False, False, False, False, False,
       False]), 'state_dist': array([68.04751911, 50.85019077, 53.62901289, 54.02833048, 38.18440608,
       26.99177815, 44.98608625, 21.87861804, 46.39975358, 31.60809741])}
self.is_success:  [False False False False False False False False False False]
Success rate:  0.0
{'success': array([False, False, False, False, False, False, False, False, False,
       False]), 'state_dist': array([68.04751911, 50.85019077, 53.62901289, 54.02833048, 38.18440608,
       26.99177815, 44.98608625, 21.87861804, 46.39975358, 31.60809741])}
[ok] variant=uniform_int3 budget=bA opt_steps=2 seed=2 success=0.0000
Planning device: mps
Loading wall dataset...
Loaded 1920 rollouts
Using cache found in /Users/suraj/.cache/torch/hub/facebookresearch_dinov2_main
[[102, 33, 1056, 1591, 354, 245, 790, 1323, 142, 1745, 1588, 1473, 38, 1192, 735, 832, 547, 1186, 843, 660, 869, 83, 695, 1629, 179, 1658, 157, 1758, 1747, 250, 312, 1361, 1163, 1798, 275, 1099, 1787, 964, 1066, 609, 1666, 774, 181, 1502, 407, 668, 593, 1623, 1101, 565, 1350, 1572, 1094, 512, 148, 809, 263, 1853, 908, 927, 626, 569, 1730, 757, 1574, 1866, 1107, 1706, 391, 1255, 947, 828, 1720, 1057, 19, 1364, 1575, 1914, 1562, 1909, 534, 973, 538, 1017, 646, 285, 309, 1884, 1059, 552, 697, 1702, 145, 819, 649, 665, 169, 1051, 171, 1529, 1470, 291, 1371, 1240, 1641, 1746, 1443, 1307, 1801, 369, 1365, 525, 167, 1121, 1430, 874, 528, 1459, 1617, 770, 359, 923, 507, 884, 1616, 1314, 1149, 1379, 891, 1442, 1047, 1887, 248, 1767, 1620, 283, 392, 1290, 1650, 242, 1399, 807, 159, 204, 775, 1827, 500, 1352, 700, 1265, 1102, 149, 1440, 1258, 1738, 347, 690, 468, 1726, 1234, 1126, 868, 1501, 621, 585, 1523, 121, 1108, 846, 1167, 1405, 114, 474, 1406, 195, 1144, 586, 384, 1680, 298, 308, 529, 901, 475, 992, 1811, 1655, 914, 1598, 560, 1452, 385, 1032, 1895, 756, 1893, 485, 1293, 1876, 378, 206, 61, 1762, 1335, 1779, 1062, 111, 550, 1357, 284, 1074, 880, 592, 712, 1454, 1660, 1067, 946, 1011, 193, 1838, 1072, 1065, 1267, 1217, 591, 678, 792, 180, 1313, 69, 84, 1603, 1775, 201, 1415, 457, 1359, 400, 1759, 1081, 554, 471, 1841, 446, 1670, 688, 140, 1600, 871, 1093, 460, 1831, 818, 940, 1128, 614, 1000, 987, 1048, 72, 465, 804, 1804, 826, 1006, 1129, 270, 954, 86, 107, 1744, 751, 1143, 1554, 1750, 556, 1692, 664, 943, 907, 1713, 881, 1793, 849, 972, 264, 1431, 1040, 1391, 680, 1864, 724, 1549, 455, 600, 389, 1301, 1262, 1073, 1216, 613, 314, 15, 657, 896, 549, 575, 719, 545, 937, 1585, 165, 1252, 338, 970, 1366, 1247, 1024, 14, 855, 212, 887, 977, 1225, 776, 10, 1903, 1423, 596, 726, 431, 959, 1159, 1033, 1458, 1196, 1526, 317, 1358, 454, 1647, 976, 773, 1786, 1462, 488, 41, 571, 1464, 599, 979, 864, 18, 306, 1299, 797, 332, 1424, 1286, 66, 51, 1230, 1527, 1042, 762, 219, 487, 1026, 1282, 1285, 1503, 1597, 1573, 758, 999, 30, 1215, 1315, 1227, 387, 1867, 1421, 220, 932, 1829, 26, 1822, 290, 1088, 1902, 429, 463, 197, 1156, 1539, 1491, 1027, 1901, 733, 1879, 833, 278, 1251, 1899, 1642, 73, 272, 1019, 1084, 1346, 1803, 845, 568, 286, 76, 956, 1237, 48, 939, 1601, 481, 1187, 176, 1231, 1545, 1664, 1244, 87, 47, 194, 1586, 1316, 1125, 1649, 1077, 995, 1665, 1428, 1219, 1712, 1038, 542, 998, 70, 929, 1648, 476, 886, 1134, 1733, 854, 853, 1283, 1432, 1723, 1269, 281, 1174, 110, 1685, 1868, 777, 1522, 353, 798, 1773, 409, 768, 1273, 1490, 221, 1154, 1499, 71, 1637, 720, 1850, 1198, 1755, 1915, 716, 1900, 1835, 672, 319, 1536, 226, 1472, 1602, 969, 492, 428, 895, 814, 1133, 62, 656, 1722, 1621, 1142, 1087, 524, 1590, 1030, 650, 1451, 1913, 1259, 1917, 544, 377, 862, 1202, 1177, 1274, 1123, 617, 605, 1106, 1855, 422, 1769, 362, 1721, 1329, 1206, 1506, 135, 1320, 217, 120, 1120, 1836, 710, 717, 1799, 1557, 722, 1694, 405, 375, 1034, 260, 1496, 411, 1672, 28, 637, 373, 1808, 134, 1012, 536, 1752, 983, 1135, 1576, 483, 13, 404, 841, 1172, 1041, 1843, 161, 847, 1369, 1910, 1782, 1671, 1376, 1856, 498, 806, 635, 1212, 438, 835, 1849, 1109, 1349, 1043, 2, 466, 610, 1165, 885, 951, 344, 300, 1807, 1908, 287, 1877, 705, 1872, 1581, 985, 328, 708, 730, 350, 307, 146, 840, 1180, 494, 16, 555, 1368, 1780, 779, 1771, 1203, 1754, 744, 863, 1684, 639, 1919, 738, 938, 1053, 618, 91, 1886, 1028, 472, 1050, 138, 131, 89, 416, 991, 1254, 467, 227, 1765, 1634, 1789, 1622, 1205, 1874, 839, 1151, 654, 1182, 815, 470, 670, 150, 718, 352, 1579, 879, 443, 1690, 32, 435, 1383, 501, 882, 1085, 1176, 1382, 1171, 686, 1140, 1105, 800, 1516, 1485, 516, 1475, 1434, 1911, 889, 239, 652, 1535, 1639, 335, 1325, 1784, 765, 663, 1224, 448, 1815, 739, 1812, 1076, 747, 1467, 732, 1654, 1828, 502, 1319, 1425, 1160, 1468, 368, 1732, 1248, 143, 808, 674, 713, 129, 1599, 288, 1005, 1643, 1729, 1918, 1064, 279, 1741, 406, 867, 729, 604, 1220, 750, 304, 936, 215, 1626, 1778, 1031, 1756, 305, 1699, 412, 1387, 1640, 210, 188, 253, 645, 1279, 349, 1898, 262, 1082, 213, 255, 1514, 1375, 576, 698, 986, 1119, 508, 1753, 104, 1296, 1380, 128, 163, 693, 1524, 924, 842, 812, 1348, 199, 1386, 1628, 1435, 1772, 817, 931, 334, 1360, 390, 1413, 1783, 944, 905, 1271, 1132, 1857, 35, 340, 1461, 506, 1150, 1455, 594, 1020, 1178, 1770, 1389, 1276, 1355, 1228, 990, 1480, 1100, 1326, 282, 1321, 852, 200, 1146, 1253, 49, 1682, 1221, 1840, 1525, 1037, 1170, 1800, 648, 1243, 266, 926, 782, 1667, 984, 570, 1289, 1860, 893, 1630, 479, 339, 246, 866, 1631, 211, 684, 60, 125, 1513, 836, 43, 1450, 515, 1256, 244, 1063, 1693, 913, 966, 54, 432, 1869, 254, 1916, 577, 1096, 540, 1075, 1261, 1871, 1587, 381, 634, 205, 269, 489, 1890, 37, 746, 386, 551, 1414, 953, 1403, 709, 622, 1497, 1561, 1324, 158, 624, 426, 1466, 44, 267, 994, 318, 1398, 397, 95, 786, 81, 1332, 837, 289, 865, 965, 67, 1696, 816, 1044, 820, 229, 1400, 1362, 491, 1139, 1873, 1338, 559, 1016, 1021, 1436, 1002, 1797, 40, 224, 1615, 1385, 941, 1308, 978, 794, 231, 834, 1675, 1736, 31, 1181, 562, 831, 1272, 767, 372, 1825, 1669, 760, 380, 1343, 42, 1351, 1337, 1441, 268, 1644, 1015, 52, 1469, 1861, 1481, 22, 1605, 361, 1381, 410, 1333, 975, 1046, 1595, 348, 1768, 366, 1281, 772, 974, 495, 358, 590, 187, 631, 1695, 687, 1328, 572, 588, 1805, 620, 1577, 1449, 1433, 1659, 320, 418, 346, 602, 573, 1709, 1300, 113, 427, 1891, 1341, 236, 1001, 370, 723, 1092, 1560, 379, 662, 79, 850, 1704, 824, 627, 436, 666, 1103, 653, 945, 1370, 1232, 587, 234, 103, 1858, 934, 1420, 123, 1818, 1310, 499, 1739, 1493, 1847, 1553, 740, 124, 1260, 1378, 1842, 1777, 1816, 1543, 749, 608, 1563, 996, 25, 101, 90, 459, 337, 122, 580, 829, 533, 292, 452, 1614, 1183, 1322, 1278, 521, 1136, 1190, 96, 259, 1645, 1008, 1888, 342, 445, 1504, 162, 382, 1894, 784, 1404, 1531, 1312, 444, 1097, 1447, 1280, 872, 168, 50, 1687, 1593, 1610, 98, 1242, 769, 642, 1309, 888, 433, 302, 1263, 1169, 1656, 1295, 243, 921, 1438, 1161, 877, 640, 1541, 24, 703, 980, 1173, 935, 1519, 440, 1512, 1137, 822, 1014, 310, 511, 583, 1518, 458, 274, 109, 856, 522, 11, 462, 1236, 232, 633, 1567, 1241, 989, 1725, 280, 875, 1083, 1833, 324, 1566, 249, 172, 696, 1505, 1010, 1477, 1327, 910, 861, 88, 99, 357, 437, 80, 1292, 764, 175, 395, 1716, 699, 1483, 1717, 673, 623, 1697, 1479, 1060, 1651, 553, 981, 218, 1110, 185, 77, 900, 371, 904, 1390, 21, 1882, 595, 1718, 1476, 152, 420, 918, 192, 1679, 1484, 1863, 787, 567, 851, 441, 530, 517, 1419, 1388, 329, 301, 1330, 876, 478, 1530, 676, 1844, 403, 74, 647, 728, 230, 519, 256, 737, 235, 1796, 182, 858, 504, 1287, 1124, 1229, 294, 625, 894, 759, 1544, 330, 1711, 505, 903, 1055, 1238, 1397, 1686, 136, 1275, 1580, 1584, 59, 1112, 1636, 166, 655, 1520, 1540, 374, 496, 414, 1226, 154, 860, 531, 1465, 1345, 1662, 1284, 669, 1627, 1408, 36, 191, 1748, 7, 1498, 802, 325, 957, 208, 228, 1201, 950, 1318, 155, 948, 133, 920, 442, 225, 611, 1633, 796, 667, 1652, 1304, 1609, 1611, 527, 1427, 1354, 689, 930, 870, 925, 56, 1402, 100, 189, 1068, 1737, 322, 523, 247, 971, 1445, 55, 579, 1374, 1571, 1521, 890, 785, 58, 671, 1608, 1168, 1742, 899, 299, 778, 1542, 761, 566, 46, 1708, 1719, 351, 1392, 651, 1764, 811, 449, 922, 261, 1036, 694, 127, 1114, 707, 1487, 1852, 1802, 873, 174, 1865, 1710, 763, 164, 1632, 345, 539, 1141, 805, 919, 911, 184, 548, 1422, 1625, 1155, 399, 1795, 1845, 1889, 1565, 45, 603, 1444, 1517, 1823, 1246, 477, 64, 1164, 1411, 781, 8, 1635, 1583, 1200, 241, 151, 177, 333, 629, 1453, 293, 1760, 636, 1239, 1115, 727, 273, 1394, 1266, 1184, 1619, 1743, 313, 1904, 982, 1367, 153, 564, 1806, 331, 1862, 1848, 606, 1264, 57, 97, 1774, 1814, 1086, 1029, 393, 1488, 85, 1509, 1550, 725, 1638, 1846, 1342, 1728, 993, 421, 1781, 681, 473, 1604, 364, 1613, 679, 780, 1885, 581, 1130, 116, 823, 355, 736, 75, 398, 557, 1740, 1515, 1596, 1250, 641, 1683, 198, 1363, 589, 1223, 1209, 417, 209, 1810, 9, 535, 1500, 1881, 1208, 909, 0, 702, 1897, 598, 1189, 748, 675, 1691, 1152, 755, 4, 1416, 830, 439, 1222, 1340, 692, 1003, 34, 356, 170, 1761, 1657, 1578, 401, 795, 1507, 997, 644, 1166, 447, 518, 563, 336, 1820, 343, 597, 844, 1058, 497, 311, 1463, 754, 1218, 1191, 1148, 1612, 1022, 1344, 1776, 942, 906, 1409, 1098, 130, 1418, 1830, 190, 1303, 1749, 607, 825, 92, 677, 628, 326, 715, 949, 27, 1537, 1025, 1439, 1277, 396, 1270, 53, 558, 584, 616, 630, 1533, 532, 1113, 612, 1080, 173, 1090, 838, 17, 897, 1306, 1311, 1131, 388, 1118, 1528, 1426, 1257, 1460, 1714, 1407, 144, 1734, 258, 1731, 526, 367, 1834, 126, 1104, 638, 791, 265, 223, 461, 1457, 139, 456, 1905, 1663, 1412, 1568, 1763, 883, 1661, 1678, 493, 1606, 1813, 541, 1757, 276, 296, 1673, 222, 1707, 183, 257, 615, 1478, 742, 376, 810, 661, 365, 156, 1298, 1701, 1653, 202, 1334, 1197, 1482, 106, 323, 1448, 1558, 1179, 1854, 902, 1049, 297, 216, 1268, 277, 1336, 1393, 65, 1456, 1052, 5, 1735, 1495, 1175, 988, 117, 721, 1788, 315, 1819, 1305, 1794, 520, 543, 1214, 917, 731, 1091, 1147, 1070, 68, 892, 1486, 464, 783, 115, 1883, 1372, 752, 383, 1122, 582, 1039, 1213, 574, 1594, 1870, 1111, 1792, 706, 1674, 233, 1607, 691, 1417, 1071, 711, 1538, 252, 741, 1396, 1211, 1429, 1906, 513, 799, 1384, 1138, 1688, 1681, 1045, 961, 743, 1824, 619, 766, 1727, 147, 827, 1117, 1547, 1892, 39, 82, 1546, 963, 178, 658, 1592, 425, 484, 415, 1204, 1331, 1207, 561, 912, 451, 1548, 1494, 1210, 1676, 685, 1291, 793, 632, 1018], [1054, 207, 1715, 1233, 514, 238, 1377, 1677, 878, 1624, 1145, 1009, 469, 962, 1194, 93, 1556, 1851, 1569, 1089, 745, 423, 23, 821, 29, 1401, 789, 1791, 788, 1079, 1347, 503, 1199, 753, 848, 1294, 801, 682, 955, 112, 1188, 402, 1878, 1817, 1288, 1821, 1245, 1302, 1007, 1705, 271, 510, 1510, 327, 1127, 486, 1555, 1004, 1589, 1511, 1700, 1373, 1668, 341, 1489, 1790, 1492, 321, 659, 578, 303, 118, 960, 453, 160, 683, 1832, 434, 701, 928, 480, 1446, 1552, 704, 94, 1317, 1410, 394, 186, 771, 859, 1395, 1646, 1570, 1353, 714, 1297, 360, 1153, 1185, 1766, 1471, 1013, 1356, 1437, 78, 63, 1618, 537, 482, 3, 450, 1339, 490, 857, 251, 898, 916, 546, 1809, 1689, 1078, 1069, 1, 1035, 1534, 1158, 203, 1837, 1095, 1235, 295, 933, 1474, 1559, 240, 105, 419, 1751, 1061, 1896, 1162, 1508, 1195, 237, 509, 1875, 6, 1564, 1698, 1907, 20, 1023, 1157, 1724, 132, 1912, 108, 1839, 734, 413, 316, 1249, 1880, 430, 915, 952, 813, 1532, 1116, 1859, 137, 1703, 141, 1785, 1582, 643, 119, 12, 968, 1193, 408, 214, 601, 967, 803, 1551, 363, 424, 958, 1826, 196]]
Resuming from epoch 65: /Users/suraj/Downloads/outputs/wall_single/checkpoints/model_latest.pth
num_action_repeat: 1
num_proprio_repeat: 1
proprio encoder: ProprioceptiveEmbedding(
  (patch_embed): Conv1d(2, 10, kernel_size=(1,), stride=(1,))
)
action encoder: ProprioceptiveEmbedding(
  (patch_embed): Conv1d(10, 10, kernel_size=(1,), stride=(1,))
)
proprio_dim: 10, after repeat: 10
action_dim: 10, after repeat: 10
emb_dim: 404
Model emb_dim:  404
eval_seed:  [31, 32, 33, 34, 35, 36, 37, 38, 39, 40]
Dumped plan targets to /Users/suraj/Desktop/EAI_DINO/results/wall_transition/transition_run_v2/uniform_int3/budget_bA/seed_3/plan_targets.pkl
Success rate:  0.0
{'success': array([False, False, False, False, False, False, False, False, False,
       False]), 'state_dist': array([41.47543649, 32.90541215, 32.59153004, 56.18152084, 24.80807952,
       42.77869115, 25.35946867, 38.14633806, 45.81289033, 38.81072381])}
Success rate:  0.0
{'success': array([False, False, False, False, False, False, False, False, False,
       False]), 'state_dist': array([41.79870243, 37.92430716, 31.33177332, 55.80251109, 19.44149596,
       39.31443275, 25.47830588, 33.76059612, 44.67247765, 40.55640161])}
MPC iter 0 Eval ------- 
Success rate:  0.0
{'success': array([False, False, False, False, False, False, False, False, False,
       False]), 'state_dist': array([41.79870243, 37.92430716, 31.33177332, 55.80251109, 19.44149596,
       39.31443275, 25.47830588, 33.76059612, 44.67247765, 40.55640161])}
self.is_success:  [False False False False False False False False False False]
Success rate:  0.0
{'success': array([False, False, False, False, False, False, False, False, False,
       False]), 'state_dist': array([45.94366607, 37.53425792, 30.86473639, 54.51254381, 15.75968646,
       40.88821614, 22.45774055, 33.68046965, 42.03477822, 47.39394121])}
Success rate:  0.0
{'success': array([False, False, False, False, False, False, False, False, False,
       False]), 'state_dist': array([47.09367617, 39.10259853, 31.26980242, 54.19788665, 17.05618905,
       39.89773533, 22.2570427 , 32.39345018, 43.9953134 , 54.37701325])}
MPC iter 1 Eval ------- 
Success rate:  0.0
{'success': array([False, False, False, False, False, False, False, False, False,
       False]), 'state_dist': array([47.09367617, 39.10259853, 31.26980242, 54.19788665, 17.05618905,
       39.89773533, 22.2570427 , 32.39345018, 43.9953134 , 54.37701325])}
self.is_success:  [False False False False False False False False False False]
Success rate:  0.0
{'success': array([False, False, False, False, False, False, False, False, False,
       False]), 'state_dist': array([47.09367617, 39.10259853, 31.26980242, 54.19788665, 17.05618905,
       39.89773533, 22.2570427 , 32.39345018, 43.9953134 , 54.37701325])}
[ok] variant=uniform_int3 budget=bA opt_steps=2 seed=3 success=0.0000
Planning device: mps
Loading wall dataset...
Loaded 1920 rollouts
Using cache found in /Users/suraj/.cache/torch/hub/facebookresearch_dinov2_main
[[102, 33, 1056, 1591, 354, 245, 790, 1323, 142, 1745, 1588, 1473, 38, 1192, 735, 832, 547, 1186, 843, 660, 869, 83, 695, 1629, 179, 1658, 157, 1758, 1747, 250, 312, 1361, 1163, 1798, 275, 1099, 1787, 964, 1066, 609, 1666, 774, 181, 1502, 407, 668, 593, 1623, 1101, 565, 1350, 1572, 1094, 512, 148, 809, 263, 1853, 908, 927, 626, 569, 1730, 757, 1574, 1866, 1107, 1706, 391, 1255, 947, 828, 1720, 1057, 19, 1364, 1575, 1914, 1562, 1909, 534, 973, 538, 1017, 646, 285, 309, 1884, 1059, 552, 697, 1702, 145, 819, 649, 665, 169, 1051, 171, 1529, 1470, 291, 1371, 1240, 1641, 1746, 1443, 1307, 1801, 369, 1365, 525, 167, 1121, 1430, 874, 528, 1459, 1617, 770, 359, 923, 507, 884, 1616, 1314, 1149, 1379, 891, 1442, 1047, 1887, 248, 1767, 1620, 283, 392, 1290, 1650, 242, 1399, 807, 159, 204, 775, 1827, 500, 1352, 700, 1265, 1102, 149, 1440, 1258, 1738, 347, 690, 468, 1726, 1234, 1126, 868, 1501, 621, 585, 1523, 121, 1108, 846, 1167, 1405, 114, 474, 1406, 195, 1144, 586, 384, 1680, 298, 308, 529, 901, 475, 992, 1811, 1655, 914, 1598, 560, 1452, 385, 1032, 1895, 756, 1893, 485, 1293, 1876, 378, 206, 61, 1762, 1335, 1779, 1062, 111, 550, 1357, 284, 1074, 880, 592, 712, 1454, 1660, 1067, 946, 1011, 193, 1838, 1072, 1065, 1267, 1217, 591, 678, 792, 180, 1313, 69, 84, 1603, 1775, 201, 1415, 457, 1359, 400, 1759, 1081, 554, 471, 1841, 446, 1670, 688, 140, 1600, 871, 1093, 460, 1831, 818, 940, 1128, 614, 1000, 987, 1048, 72, 465, 804, 1804, 826, 1006, 1129, 270, 954, 86, 107, 1744, 751, 1143, 1554, 1750, 556, 1692, 664, 943, 907, 1713, 881, 1793, 849, 972, 264, 1431, 1040, 1391, 680, 1864, 724, 1549, 455, 600, 389, 1301, 1262, 1073, 1216, 613, 314, 15, 657, 896, 549, 575, 719, 545, 937, 1585, 165, 1252, 338, 970, 1366, 1247, 1024, 14, 855, 212, 887, 977, 1225, 776, 10, 1903, 1423, 596, 726, 431, 959, 1159, 1033, 1458, 1196, 1526, 317, 1358, 454, 1647, 976, 773, 1786, 1462, 488, 41, 571, 1464, 599, 979, 864, 18, 306, 1299, 797, 332, 1424, 1286, 66, 51, 1230, 1527, 1042, 762, 219, 487, 1026, 1282, 1285, 1503, 1597, 1573, 758, 999, 30, 1215, 1315, 1227, 387, 1867, 1421, 220, 932, 1829, 26, 1822, 290, 1088, 1902, 429, 463, 197, 1156, 1539, 1491, 1027, 1901, 733, 1879, 833, 278, 1251, 1899, 1642, 73, 272, 1019, 1084, 1346, 1803, 845, 568, 286, 76, 956, 1237, 48, 939, 1601, 481, 1187, 176, 1231, 1545, 1664, 1244, 87, 47, 194, 1586, 1316, 1125, 1649, 1077, 995, 1665, 1428, 1219, 1712, 1038, 542, 998, 70, 929, 1648, 476, 886, 1134, 1733, 854, 853, 1283, 1432, 1723, 1269, 281, 1174, 110, 1685, 1868, 777, 1522, 353, 798, 1773, 409, 768, 1273, 1490, 221, 1154, 1499, 71, 1637, 720, 1850, 1198, 1755, 1915, 716, 1900, 1835, 672, 319, 1536, 226, 1472, 1602, 969, 492, 428, 895, 814, 1133, 62, 656, 1722, 1621, 1142, 1087, 524, 1590, 1030, 650, 1451, 1913, 1259, 1917, 544, 377, 862, 1202, 1177, 1274, 1123, 617, 605, 1106, 1855, 422, 1769, 362, 1721, 1329, 1206, 1506, 135, 1320, 217, 120, 1120, 1836, 710, 717, 1799, 1557, 722, 1694, 405, 375, 1034, 260, 1496, 411, 1672, 28, 637, 373, 1808, 134, 1012, 536, 1752, 983, 1135, 1576, 483, 13, 404, 841, 1172, 1041, 1843, 161, 847, 1369, 1910, 1782, 1671, 1376, 1856, 498, 806, 635, 1212, 438, 835, 1849, 1109, 1349, 1043, 2, 466, 610, 1165, 885, 951, 344, 300, 1807, 1908, 287, 1877, 705, 1872, 1581, 985, 328, 708, 730, 350, 307, 146, 840, 1180, 494, 16, 555, 1368, 1780, 779, 1771, 1203, 1754, 744, 863, 1684, 639, 1919, 738, 938, 1053, 618, 91, 1886, 1028, 472, 1050, 138, 131, 89, 416, 991, 1254, 467, 227, 1765, 1634, 1789, 1622, 1205, 1874, 839, 1151, 654, 1182, 815, 470, 670, 150, 718, 352, 1579, 879, 443, 1690, 32, 435, 1383, 501, 882, 1085, 1176, 1382, 1171, 686, 1140, 1105, 800, 1516, 1485, 516, 1475, 1434, 1911, 889, 239, 652, 1535, 1639, 335, 1325, 1784, 765, 663, 1224, 448, 1815, 739, 1812, 1076, 747, 1467, 732, 1654, 1828, 502, 1319, 1425, 1160, 1468, 368, 1732, 1248, 143, 808, 674, 713, 129, 1599, 288, 1005, 1643, 1729, 1918, 1064, 279, 1741, 406, 867, 729, 604, 1220, 750, 304, 936, 215, 1626, 1778, 1031, 1756, 305, 1699, 412, 1387, 1640, 210, 188, 253, 645, 1279, 349, 1898, 262, 1082, 213, 255, 1514, 1375, 576, 698, 986, 1119, 508, 1753, 104, 1296, 1380, 128, 163, 693, 1524, 924, 842, 812, 1348, 199, 1386, 1628, 1435, 1772, 817, 931, 334, 1360, 390, 1413, 1783, 944, 905, 1271, 1132, 1857, 35, 340, 1461, 506, 1150, 1455, 594, 1020, 1178, 1770, 1389, 1276, 1355, 1228, 990, 1480, 1100, 1326, 282, 1321, 852, 200, 1146, 1253, 49, 1682, 1221, 1840, 1525, 1037, 1170, 1800, 648, 1243, 266, 926, 782, 1667, 984, 570, 1289, 1860, 893, 1630, 479, 339, 246, 866, 1631, 211, 684, 60, 125, 1513, 836, 43, 1450, 515, 1256, 244, 1063, 1693, 913, 966, 54, 432, 1869, 254, 1916, 577, 1096, 540, 1075, 1261, 1871, 1587, 381, 634, 205, 269, 489, 1890, 37, 746, 386, 551, 1414, 953, 1403, 709, 622, 1497, 1561, 1324, 158, 624, 426, 1466, 44, 267, 994, 318, 1398, 397, 95, 786, 81, 1332, 837, 289, 865, 965, 67, 1696, 816, 1044, 820, 229, 1400, 1362, 491, 1139, 1873, 1338, 559, 1016, 1021, 1436, 1002, 1797, 40, 224, 1615, 1385, 941, 1308, 978, 794, 231, 834, 1675, 1736, 31, 1181, 562, 831, 1272, 767, 372, 1825, 1669, 760, 380, 1343, 42, 1351, 1337, 1441, 268, 1644, 1015, 52, 1469, 1861, 1481, 22, 1605, 361, 1381, 410, 1333, 975, 1046, 1595, 348, 1768, 366, 1281, 772, 974, 495, 358, 590, 187, 631, 1695, 687, 1328, 572, 588, 1805, 620, 1577, 1449, 1433, 1659, 320, 418, 346, 602, 573, 1709, 1300, 113, 427, 1891, 1341, 236, 1001, 370, 723, 1092, 1560, 379, 662, 79, 850, 1704, 824, 627, 436, 666, 1103, 653, 945, 1370, 1232, 587, 234, 103, 1858, 934, 1420, 123, 1818, 1310, 499, 1739, 1493, 1847, 1553, 740, 124, 1260, 1378, 1842, 1777, 1816, 1543, 749, 608, 1563, 996, 25, 101, 90, 459, 337, 122, 580, 829, 533, 292, 452, 1614, 1183, 1322, 1278, 521, 1136, 1190, 96, 259, 1645, 1008, 1888, 342, 445, 1504, 162, 382, 1894, 784, 1404, 1531, 1312, 444, 1097, 1447, 1280, 872, 168, 50, 1687, 1593, 1610, 98, 1242, 769, 642, 1309, 888, 433, 302, 1263, 1169, 1656, 1295, 243, 921, 1438, 1161, 877, 640, 1541, 24, 703, 980, 1173, 935, 1519, 440, 1512, 1137, 822, 1014, 310, 511, 583, 1518, 458, 274, 109, 856, 522, 11, 462, 1236, 232, 633, 1567, 1241, 989, 1725, 280, 875, 1083, 1833, 324, 1566, 249, 172, 696, 1505, 1010, 1477, 1327, 910, 861, 88, 99, 357, 437, 80, 1292, 764, 175, 395, 1716, 699, 1483, 1717, 673, 623, 1697, 1479, 1060, 1651, 553, 981, 218, 1110, 185, 77, 900, 371, 904, 1390, 21, 1882, 595, 1718, 1476, 152, 420, 918, 192, 1679, 1484, 1863, 787, 567, 851, 441, 530, 517, 1419, 1388, 329, 301, 1330, 876, 478, 1530, 676, 1844, 403, 74, 647, 728, 230, 519, 256, 737, 235, 1796, 182, 858, 504, 1287, 1124, 1229, 294, 625, 894, 759, 1544, 330, 1711, 505, 903, 1055, 1238, 1397, 1686, 136, 1275, 1580, 1584, 59, 1112, 1636, 166, 655, 1520, 1540, 374, 496, 414, 1226, 154, 860, 531, 1465, 1345, 1662, 1284, 669, 1627, 1408, 36, 191, 1748, 7, 1498, 802, 325, 957, 208, 228, 1201, 950, 1318, 155, 948, 133, 920, 442, 225, 611, 1633, 796, 667, 1652, 1304, 1609, 1611, 527, 1427, 1354, 689, 930, 870, 925, 56, 1402, 100, 189, 1068, 1737, 322, 523, 247, 971, 1445, 55, 579, 1374, 1571, 1521, 890, 785, 58, 671, 1608, 1168, 1742, 899, 299, 778, 1542, 761, 566, 46, 1708, 1719, 351, 1392, 651, 1764, 811, 449, 922, 261, 1036, 694, 127, 1114, 707, 1487, 1852, 1802, 873, 174, 1865, 1710, 763, 164, 1632, 345, 539, 1141, 805, 919, 911, 184, 548, 1422, 1625, 1155, 399, 1795, 1845, 1889, 1565, 45, 603, 1444, 1517, 1823, 1246, 477, 64, 1164, 1411, 781, 8, 1635, 1583, 1200, 241, 151, 177, 333, 629, 1453, 293, 1760, 636, 1239, 1115, 727, 273, 1394, 1266, 1184, 1619, 1743, 313, 1904, 982, 1367, 153, 564, 1806, 331, 1862, 1848, 606, 1264, 57, 97, 1774, 1814, 1086, 1029, 393, 1488, 85, 1509, 1550, 725, 1638, 1846, 1342, 1728, 993, 421, 1781, 681, 473, 1604, 364, 1613, 679, 780, 1885, 581, 1130, 116, 823, 355, 736, 75, 398, 557, 1740, 1515, 1596, 1250, 641, 1683, 198, 1363, 589, 1223, 1209, 417, 209, 1810, 9, 535, 1500, 1881, 1208, 909, 0, 702, 1897, 598, 1189, 748, 675, 1691, 1152, 755, 4, 1416, 830, 439, 1222, 1340, 692, 1003, 34, 356, 170, 1761, 1657, 1578, 401, 795, 1507, 997, 644, 1166, 447, 518, 563, 336, 1820, 343, 597, 844, 1058, 497, 311, 1463, 754, 1218, 1191, 1148, 1612, 1022, 1344, 1776, 942, 906, 1409, 1098, 130, 1418, 1830, 190, 1303, 1749, 607, 825, 92, 677, 628, 326, 715, 949, 27, 1537, 1025, 1439, 1277, 396, 1270, 53, 558, 584, 616, 630, 1533, 532, 1113, 612, 1080, 173, 1090, 838, 17, 897, 1306, 1311, 1131, 388, 1118, 1528, 1426, 1257, 1460, 1714, 1407, 144, 1734, 258, 1731, 526, 367, 1834, 126, 1104, 638, 791, 265, 223, 461, 1457, 139, 456, 1905, 1663, 1412, 1568, 1763, 883, 1661, 1678, 493, 1606, 1813, 541, 1757, 276, 296, 1673, 222, 1707, 183, 257, 615, 1478, 742, 376, 810, 661, 365, 156, 1298, 1701, 1653, 202, 1334, 1197, 1482, 106, 323, 1448, 1558, 1179, 1854, 902, 1049, 297, 216, 1268, 277, 1336, 1393, 65, 1456, 1052, 5, 1735, 1495, 1175, 988, 117, 721, 1788, 315, 1819, 1305, 1794, 520, 543, 1214, 917, 731, 1091, 1147, 1070, 68, 892, 1486, 464, 783, 115, 1883, 1372, 752, 383, 1122, 582, 1039, 1213, 574, 1594, 1870, 1111, 1792, 706, 1674, 233, 1607, 691, 1417, 1071, 711, 1538, 252, 741, 1396, 1211, 1429, 1906, 513, 799, 1384, 1138, 1688, 1681, 1045, 961, 743, 1824, 619, 766, 1727, 147, 827, 1117, 1547, 1892, 39, 82, 1546, 963, 178, 658, 1592, 425, 484, 415, 1204, 1331, 1207, 561, 912, 451, 1548, 1494, 1210, 1676, 685, 1291, 793, 632, 1018], [1054, 207, 1715, 1233, 514, 238, 1377, 1677, 878, 1624, 1145, 1009, 469, 962, 1194, 93, 1556, 1851, 1569, 1089, 745, 423, 23, 821, 29, 1401, 789, 1791, 788, 1079, 1347, 503, 1199, 753, 848, 1294, 801, 682, 955, 112, 1188, 402, 1878, 1817, 1288, 1821, 1245, 1302, 1007, 1705, 271, 510, 1510, 327, 1127, 486, 1555, 1004, 1589, 1511, 1700, 1373, 1668, 341, 1489, 1790, 1492, 321, 659, 578, 303, 118, 960, 453, 160, 683, 1832, 434, 701, 928, 480, 1446, 1552, 704, 94, 1317, 1410, 394, 186, 771, 859, 1395, 1646, 1570, 1353, 714, 1297, 360, 1153, 1185, 1766, 1471, 1013, 1356, 1437, 78, 63, 1618, 537, 482, 3, 450, 1339, 490, 857, 251, 898, 916, 546, 1809, 1689, 1078, 1069, 1, 1035, 1534, 1158, 203, 1837, 1095, 1235, 295, 933, 1474, 1559, 240, 105, 419, 1751, 1061, 1896, 1162, 1508, 1195, 237, 509, 1875, 6, 1564, 1698, 1907, 20, 1023, 1157, 1724, 132, 1912, 108, 1839, 734, 413, 316, 1249, 1880, 430, 915, 952, 813, 1532, 1116, 1859, 137, 1703, 141, 1785, 1582, 643, 119, 12, 968, 1193, 408, 214, 601, 967, 803, 1551, 363, 424, 958, 1826, 196]]
Resuming from epoch 65: /Users/suraj/Downloads/outputs/wall_single/checkpoints/model_latest.pth
num_action_repeat: 1
num_proprio_repeat: 1
proprio encoder: ProprioceptiveEmbedding(
  (patch_embed): Conv1d(2, 10, kernel_size=(1,), stride=(1,))
)
action encoder: ProprioceptiveEmbedding(
  (patch_embed): Conv1d(10, 10, kernel_size=(1,), stride=(1,))
)
proprio_dim: 10, after repeat: 10
action_dim: 10, after repeat: 10
emb_dim: 404
Model emb_dim:  404
eval_seed:  [11, 12, 13, 14, 15, 16, 17, 18, 19, 20]
Dumped plan targets to /Users/suraj/Desktop/EAI_DINO/results/wall_transition/transition_run_v2/mixed_int3/budget_bA/seed_1/plan_targets.pkl
Success rate:  0.0
{'success': array([False, False, False, False, False, False, False, False, False,
       False]), 'state_dist': array([35.89345566, 36.91949363, 21.03286606, 51.29456496, 30.87751531,
       42.66477392, 37.72057005, 39.05925522, 40.9980145 , 30.77064222])}
Success rate:  0.0
{'success': array([False, False, False, False, False, False, False, False, False,
       False]), 'state_dist': array([35.69369052, 36.26577916, 18.68408388, 47.77548634, 32.90697196,
       40.38470675, 45.68367995, 36.41856948, 40.94114072, 23.70749018])}
MPC iter 0 Eval ------- 
Success rate:  0.0
{'success': array([False, False, False, False, False, False, False, False, False,
       False]), 'state_dist': array([35.69369052, 36.26577916, 18.68408388, 47.77548634, 32.90697196,
       40.38470675, 45.68367995, 36.41856948, 40.94114072, 23.70749018])}
self.is_success:  [False False False False False False False False False False]
Success rate:  0.0
{'success': array([False, False, False, False, False, False, False, False, False,
       False]), 'state_dist': array([37.98894221, 35.47449178, 20.52371498, 46.03961717, 31.28106109,
       42.27877753, 48.66548031, 49.85448199, 41.04558595, 19.37248498])}
Success rate:  0.0
{'success': array([False, False, False, False, False, False, False, False, False,
       False]), 'state_dist': array([37.83717464, 35.67096943, 19.0364254 , 41.89781992, 35.04408278,
       40.25958117, 55.0733143 , 52.98591643, 42.62993179, 21.21323595])}
MPC iter 1 Eval ------- 
Success rate:  0.0
{'success': array([False, False, False, False, False, False, False, False, False,
       False]), 'state_dist': array([37.83717464, 35.67096943, 19.0364254 , 41.89781992, 35.04408278,
       40.25958117, 55.0733143 , 52.98591643, 42.62993179, 21.21323595])}
self.is_success:  [False False False False False False False False False False]
Success rate:  0.0
{'success': array([False, False, False, False, False, False, False, False, False,
       False]), 'state_dist': array([37.83717464, 35.67096943, 19.0364254 , 41.89781992, 35.04408278,
       40.25958117, 55.0733143 , 52.98591643, 42.62993179, 21.21323595])}
[ok] variant=mixed_int3 budget=bA opt_steps=2 seed=1 success=0.0000
Planning device: mps
Loading wall dataset...
Loaded 1920 rollouts
Using cache found in /Users/suraj/.cache/torch/hub/facebookresearch_dinov2_main
[[102, 33, 1056, 1591, 354, 245, 790, 1323, 142, 1745, 1588, 1473, 38, 1192, 735, 832, 547, 1186, 843, 660, 869, 83, 695, 1629, 179, 1658, 157, 1758, 1747, 250, 312, 1361, 1163, 1798, 275, 1099, 1787, 964, 1066, 609, 1666, 774, 181, 1502, 407, 668, 593, 1623, 1101, 565, 1350, 1572, 1094, 512, 148, 809, 263, 1853, 908, 927, 626, 569, 1730, 757, 1574, 1866, 1107, 1706, 391, 1255, 947, 828, 1720, 1057, 19, 1364, 1575, 1914, 1562, 1909, 534, 973, 538, 1017, 646, 285, 309, 1884, 1059, 552, 697, 1702, 145, 819, 649, 665, 169, 1051, 171, 1529, 1470, 291, 1371, 1240, 1641, 1746, 1443, 1307, 1801, 369, 1365, 525, 167, 1121, 1430, 874, 528, 1459, 1617, 770, 359, 923, 507, 884, 1616, 1314, 1149, 1379, 891, 1442, 1047, 1887, 248, 1767, 1620, 283, 392, 1290, 1650, 242, 1399, 807, 159, 204, 775, 1827, 500, 1352, 700, 1265, 1102, 149, 1440, 1258, 1738, 347, 690, 468, 1726, 1234, 1126, 868, 1501, 621, 585, 1523, 121, 1108, 846, 1167, 1405, 114, 474, 1406, 195, 1144, 586, 384, 1680, 298, 308, 529, 901, 475, 992, 1811, 1655, 914, 1598, 560, 1452, 385, 1032, 1895, 756, 1893, 485, 1293, 1876, 378, 206, 61, 1762, 1335, 1779, 1062, 111, 550, 1357, 284, 1074, 880, 592, 712, 1454, 1660, 1067, 946, 1011, 193, 1838, 1072, 1065, 1267, 1217, 591, 678, 792, 180, 1313, 69, 84, 1603, 1775, 201, 1415, 457, 1359, 400, 1759, 1081, 554, 471, 1841, 446, 1670, 688, 140, 1600, 871, 1093, 460, 1831, 818, 940, 1128, 614, 1000, 987, 1048, 72, 465, 804, 1804, 826, 1006, 1129, 270, 954, 86, 107, 1744, 751, 1143, 1554, 1750, 556, 1692, 664, 943, 907, 1713, 881, 1793, 849, 972, 264, 1431, 1040, 1391, 680, 1864, 724, 1549, 455, 600, 389, 1301, 1262, 1073, 1216, 613, 314, 15, 657, 896, 549, 575, 719, 545, 937, 1585, 165, 1252, 338, 970, 1366, 1247, 1024, 14, 855, 212, 887, 977, 1225, 776, 10, 1903, 1423, 596, 726, 431, 959, 1159, 1033, 1458, 1196, 1526, 317, 1358, 454, 1647, 976, 773, 1786, 1462, 488, 41, 571, 1464, 599, 979, 864, 18, 306, 1299, 797, 332, 1424, 1286, 66, 51, 1230, 1527, 1042, 762, 219, 487, 1026, 1282, 1285, 1503, 1597, 1573, 758, 999, 30, 1215, 1315, 1227, 387, 1867, 1421, 220, 932, 1829, 26, 1822, 290, 1088, 1902, 429, 463, 197, 1156, 1539, 1491, 1027, 1901, 733, 1879, 833, 278, 1251, 1899, 1642, 73, 272, 1019, 1084, 1346, 1803, 845, 568, 286, 76, 956, 1237, 48, 939, 1601, 481, 1187, 176, 1231, 1545, 1664, 1244, 87, 47, 194, 1586, 1316, 1125, 1649, 1077, 995, 1665, 1428, 1219, 1712, 1038, 542, 998, 70, 929, 1648, 476, 886, 1134, 1733, 854, 853, 1283, 1432, 1723, 1269, 281, 1174, 110, 1685, 1868, 777, 1522, 353, 798, 1773, 409, 768, 1273, 1490, 221, 1154, 1499, 71, 1637, 720, 1850, 1198, 1755, 1915, 716, 1900, 1835, 672, 319, 1536, 226, 1472, 1602, 969, 492, 428, 895, 814, 1133, 62, 656, 1722, 1621, 1142, 1087, 524, 1590, 1030, 650, 1451, 1913, 1259, 1917, 544, 377, 862, 1202, 1177, 1274, 1123, 617, 605, 1106, 1855, 422, 1769, 362, 1721, 1329, 1206, 1506, 135, 1320, 217, 120, 1120, 1836, 710, 717, 1799, 1557, 722, 1694, 405, 375, 1034, 260, 1496, 411, 1672, 28, 637, 373, 1808, 134, 1012, 536, 1752, 983, 1135, 1576, 483, 13, 404, 841, 1172, 1041, 1843, 161, 847, 1369, 1910, 1782, 1671, 1376, 1856, 498, 806, 635, 1212, 438, 835, 1849, 1109, 1349, 1043, 2, 466, 610, 1165, 885, 951, 344, 300, 1807, 1908, 287, 1877, 705, 1872, 1581, 985, 328, 708, 730, 350, 307, 146, 840, 1180, 494, 16, 555, 1368, 1780, 779, 1771, 1203, 1754, 744, 863, 1684, 639, 1919, 738, 938, 1053, 618, 91, 1886, 1028, 472, 1050, 138, 131, 89, 416, 991, 1254, 467, 227, 1765, 1634, 1789, 1622, 1205, 1874, 839, 1151, 654, 1182, 815, 470, 670, 150, 718, 352, 1579, 879, 443, 1690, 32, 435, 1383, 501, 882, 1085, 1176, 1382, 1171, 686, 1140, 1105, 800, 1516, 1485, 516, 1475, 1434, 1911, 889, 239, 652, 1535, 1639, 335, 1325, 1784, 765, 663, 1224, 448, 1815, 739, 1812, 1076, 747, 1467, 732, 1654, 1828, 502, 1319, 1425, 1160, 1468, 368, 1732, 1248, 143, 808, 674, 713, 129, 1599, 288, 1005, 1643, 1729, 1918, 1064, 279, 1741, 406, 867, 729, 604, 1220, 750, 304, 936, 215, 1626, 1778, 1031, 1756, 305, 1699, 412, 1387, 1640, 210, 188, 253, 645, 1279, 349, 1898, 262, 1082, 213, 255, 1514, 1375, 576, 698, 986, 1119, 508, 1753, 104, 1296, 1380, 128, 163, 693, 1524, 924, 842, 812, 1348, 199, 1386, 1628, 1435, 1772, 817, 931, 334, 1360, 390, 1413, 1783, 944, 905, 1271, 1132, 1857, 35, 340, 1461, 506, 1150, 1455, 594, 1020, 1178, 1770, 1389, 1276, 1355, 1228, 990, 1480, 1100, 1326, 282, 1321, 852, 200, 1146, 1253, 49, 1682, 1221, 1840, 1525, 1037, 1170, 1800, 648, 1243, 266, 926, 782, 1667, 984, 570, 1289, 1860, 893, 1630, 479, 339, 246, 866, 1631, 211, 684, 60, 125, 1513, 836, 43, 1450, 515, 1256, 244, 1063, 1693, 913, 966, 54, 432, 1869, 254, 1916, 577, 1096, 540, 1075, 1261, 1871, 1587, 381, 634, 205, 269, 489, 1890, 37, 746, 386, 551, 1414, 953, 1403, 709, 622, 1497, 1561, 1324, 158, 624, 426, 1466, 44, 267, 994, 318, 1398, 397, 95, 786, 81, 1332, 837, 289, 865, 965, 67, 1696, 816, 1044, 820, 229, 1400, 1362, 491, 1139, 1873, 1338, 559, 1016, 1021, 1436, 1002, 1797, 40, 224, 1615, 1385, 941, 1308, 978, 794, 231, 834, 1675, 1736, 31, 1181, 562, 831, 1272, 767, 372, 1825, 1669, 760, 380, 1343, 42, 1351, 1337, 1441, 268, 1644, 1015, 52, 1469, 1861, 1481, 22, 1605, 361, 1381, 410, 1333, 975, 1046, 1595, 348, 1768, 366, 1281, 772, 974, 495, 358, 590, 187, 631, 1695, 687, 1328, 572, 588, 1805, 620, 1577, 1449, 1433, 1659, 320, 418, 346, 602, 573, 1709, 1300, 113, 427, 1891, 1341, 236, 1001, 370, 723, 1092, 1560, 379, 662, 79, 850, 1704, 824, 627, 436, 666, 1103, 653, 945, 1370, 1232, 587, 234, 103, 1858, 934, 1420, 123, 1818, 1310, 499, 1739, 1493, 1847, 1553, 740, 124, 1260, 1378, 1842, 1777, 1816, 1543, 749, 608, 1563, 996, 25, 101, 90, 459, 337, 122, 580, 829, 533, 292, 452, 1614, 1183, 1322, 1278, 521, 1136, 1190, 96, 259, 1645, 1008, 1888, 342, 445, 1504, 162, 382, 1894, 784, 1404, 1531, 1312, 444, 1097, 1447, 1280, 872, 168, 50, 1687, 1593, 1610, 98, 1242, 769, 642, 1309, 888, 433, 302, 1263, 1169, 1656, 1295, 243, 921, 1438, 1161, 877, 640, 1541, 24, 703, 980, 1173, 935, 1519, 440, 1512, 1137, 822, 1014, 310, 511, 583, 1518, 458, 274, 109, 856, 522, 11, 462, 1236, 232, 633, 1567, 1241, 989, 1725, 280, 875, 1083, 1833, 324, 1566, 249, 172, 696, 1505, 1010, 1477, 1327, 910, 861, 88, 99, 357, 437, 80, 1292, 764, 175, 395, 1716, 699, 1483, 1717, 673, 623, 1697, 1479, 1060, 1651, 553, 981, 218, 1110, 185, 77, 900, 371, 904, 1390, 21, 1882, 595, 1718, 1476, 152, 420, 918, 192, 1679, 1484, 1863, 787, 567, 851, 441, 530, 517, 1419, 1388, 329, 301, 1330, 876, 478, 1530, 676, 1844, 403, 74, 647, 728, 230, 519, 256, 737, 235, 1796, 182, 858, 504, 1287, 1124, 1229, 294, 625, 894, 759, 1544, 330, 1711, 505, 903, 1055, 1238, 1397, 1686, 136, 1275, 1580, 1584, 59, 1112, 1636, 166, 655, 1520, 1540, 374, 496, 414, 1226, 154, 860, 531, 1465, 1345, 1662, 1284, 669, 1627, 1408, 36, 191, 1748, 7, 1498, 802, 325, 957, 208, 228, 1201, 950, 1318, 155, 948, 133, 920, 442, 225, 611, 1633, 796, 667, 1652, 1304, 1609, 1611, 527, 1427, 1354, 689, 930, 870, 925, 56, 1402, 100, 189, 1068, 1737, 322, 523, 247, 971, 1445, 55, 579, 1374, 1571, 1521, 890, 785, 58, 671, 1608, 1168, 1742, 899, 299, 778, 1542, 761, 566, 46, 1708, 1719, 351, 1392, 651, 1764, 811, 449, 922, 261, 1036, 694, 127, 1114, 707, 1487, 1852, 1802, 873, 174, 1865, 1710, 763, 164, 1632, 345, 539, 1141, 805, 919, 911, 184, 548, 1422, 1625, 1155, 399, 1795, 1845, 1889, 1565, 45, 603, 1444, 1517, 1823, 1246, 477, 64, 1164, 1411, 781, 8, 1635, 1583, 1200, 241, 151, 177, 333, 629, 1453, 293, 1760, 636, 1239, 1115, 727, 273, 1394, 1266, 1184, 1619, 1743, 313, 1904, 982, 1367, 153, 564, 1806, 331, 1862, 1848, 606, 1264, 57, 97, 1774, 1814, 1086, 1029, 393, 1488, 85, 1509, 1550, 725, 1638, 1846, 1342, 1728, 993, 421, 1781, 681, 473, 1604, 364, 1613, 679, 780, 1885, 581, 1130, 116, 823, 355, 736, 75, 398, 557, 1740, 1515, 1596, 1250, 641, 1683, 198, 1363, 589, 1223, 1209, 417, 209, 1810, 9, 535, 1500, 1881, 1208, 909, 0, 702, 1897, 598, 1189, 748, 675, 1691, 1152, 755, 4, 1416, 830, 439, 1222, 1340, 692, 1003, 34, 356, 170, 1761, 1657, 1578, 401, 795, 1507, 997, 644, 1166, 447, 518, 563, 336, 1820, 343, 597, 844, 1058, 497, 311, 1463, 754, 1218, 1191, 1148, 1612, 1022, 1344, 1776, 942, 906, 1409, 1098, 130, 1418, 1830, 190, 1303, 1749, 607, 825, 92, 677, 628, 326, 715, 949, 27, 1537, 1025, 1439, 1277, 396, 1270, 53, 558, 584, 616, 630, 1533, 532, 1113, 612, 1080, 173, 1090, 838, 17, 897, 1306, 1311, 1131, 388, 1118, 1528, 1426, 1257, 1460, 1714, 1407, 144, 1734, 258, 1731, 526, 367, 1834, 126, 1104, 638, 791, 265, 223, 461, 1457, 139, 456, 1905, 1663, 1412, 1568, 1763, 883, 1661, 1678, 493, 1606, 1813, 541, 1757, 276, 296, 1673, 222, 1707, 183, 257, 615, 1478, 742, 376, 810, 661, 365, 156, 1298, 1701, 1653, 202, 1334, 1197, 1482, 106, 323, 1448, 1558, 1179, 1854, 902, 1049, 297, 216, 1268, 277, 1336, 1393, 65, 1456, 1052, 5, 1735, 1495, 1175, 988, 117, 721, 1788, 315, 1819, 1305, 1794, 520, 543, 1214, 917, 731, 1091, 1147, 1070, 68, 892, 1486, 464, 783, 115, 1883, 1372, 752, 383, 1122, 582, 1039, 1213, 574, 1594, 1870, 1111, 1792, 706, 1674, 233, 1607, 691, 1417, 1071, 711, 1538, 252, 741, 1396, 1211, 1429, 1906, 513, 799, 1384, 1138, 1688, 1681, 1045, 961, 743, 1824, 619, 766, 1727, 147, 827, 1117, 1547, 1892, 39, 82, 1546, 963, 178, 658, 1592, 425, 484, 415, 1204, 1331, 1207, 561, 912, 451, 1548, 1494, 1210, 1676, 685, 1291, 793, 632, 1018], [1054, 207, 1715, 1233, 514, 238, 1377, 1677, 878, 1624, 1145, 1009, 469, 962, 1194, 93, 1556, 1851, 1569, 1089, 745, 423, 23, 821, 29, 1401, 789, 1791, 788, 1079, 1347, 503, 1199, 753, 848, 1294, 801, 682, 955, 112, 1188, 402, 1878, 1817, 1288, 1821, 1245, 1302, 1007, 1705, 271, 510, 1510, 327, 1127, 486, 1555, 1004, 1589, 1511, 1700, 1373, 1668, 341, 1489, 1790, 1492, 321, 659, 578, 303, 118, 960, 453, 160, 683, 1832, 434, 701, 928, 480, 1446, 1552, 704, 94, 1317, 1410, 394, 186, 771, 859, 1395, 1646, 1570, 1353, 714, 1297, 360, 1153, 1185, 1766, 1471, 1013, 1356, 1437, 78, 63, 1618, 537, 482, 3, 450, 1339, 490, 857, 251, 898, 916, 546, 1809, 1689, 1078, 1069, 1, 1035, 1534, 1158, 203, 1837, 1095, 1235, 295, 933, 1474, 1559, 240, 105, 419, 1751, 1061, 1896, 1162, 1508, 1195, 237, 509, 1875, 6, 1564, 1698, 1907, 20, 1023, 1157, 1724, 132, 1912, 108, 1839, 734, 413, 316, 1249, 1880, 430, 915, 952, 813, 1532, 1116, 1859, 137, 1703, 141, 1785, 1582, 643, 119, 12, 968, 1193, 408, 214, 601, 967, 803, 1551, 363, 424, 958, 1826, 196]]
Resuming from epoch 65: /Users/suraj/Downloads/outputs/wall_single/checkpoints/model_latest.pth
num_action_repeat: 1
num_proprio_repeat: 1
proprio encoder: ProprioceptiveEmbedding(
  (patch_embed): Conv1d(2, 10, kernel_size=(1,), stride=(1,))
)
action encoder: ProprioceptiveEmbedding(
  (patch_embed): Conv1d(10, 10, kernel_size=(1,), stride=(1,))
)
proprio_dim: 10, after repeat: 10
action_dim: 10, after repeat: 10
emb_dim: 404
Model emb_dim:  404
eval_seed:  [21, 22, 23, 24, 25, 26, 27, 28, 29, 30]
Dumped plan targets to /Users/suraj/Desktop/EAI_DINO/results/wall_transition/transition_run_v2/mixed_int3/budget_bA/seed_2/plan_targets.pkl
Success rate:  0.0
{'success': array([False, False, False, False, False, False, False, False, False,
       False]), 'state_dist': array([44.23567638, 38.63707096, 40.45207584, 39.59118601, 24.66357193,
       37.66758829, 32.57793975, 30.96676998, 42.84940529, 41.53851947])}
Success rate:  0.0
{'success': array([False, False, False, False, False, False, False, False, False,
       False]), 'state_dist': array([42.73796645, 37.00349974, 35.52927683, 39.19579581, 26.65229939,
       35.0294319 , 34.37773469, 29.28842387, 48.10843762, 47.42568201])}
MPC iter 0 Eval ------- 
Success rate:  0.0
{'success': array([False, False, False, False, False, False, False, False, False,
       False]), 'state_dist': array([42.73796645, 37.00349974, 35.52927683, 39.19579581, 26.65229939,
       35.0294319 , 34.37773469, 29.28842387, 48.10843762, 47.42568201])}
self.is_success:  [False False False False False False False False False False]
Success rate:  0.0
{'success': array([False, False, False, False, False, False, False, False, False,
       False]), 'state_dist': array([44.8159079 , 37.51155762, 31.72360769, 36.10981764, 27.5581333 ,
       30.31290583, 35.43509084, 29.35937041, 48.53576648, 39.07020042])}
Success rate:  0.0
{'success': array([False, False, False, False, False, False, False, False, False,
       False]), 'state_dist': array([44.05599513, 37.07099576, 30.76792236, 31.04164106, 27.44392113,
       24.95774311, 35.62999501, 29.1625534 , 49.24427637, 35.64715404])}
MPC iter 1 Eval ------- 
Success rate:  0.0
{'success': array([False, False, False, False, False, False, False, False, False,
       False]), 'state_dist': array([44.05599513, 37.07099576, 30.76792236, 31.04164106, 27.44392113,
       24.95774311, 35.62999501, 29.1625534 , 49.24427637, 35.64715404])}
self.is_success:  [False False False False False False False False False False]
Success rate:  0.0
{'success': array([False, False, False, False, False, False, False, False, False,
       False]), 'state_dist': array([44.05599513, 37.07099576, 30.76792236, 31.04164106, 27.44392113,
       24.95774311, 35.62999501, 29.1625534 , 49.24427637, 35.64715404])}
[ok] variant=mixed_int3 budget=bA opt_steps=2 seed=2 success=0.0000
Planning device: mps
Loading wall dataset...
Loaded 1920 rollouts
Using cache found in /Users/suraj/.cache/torch/hub/facebookresearch_dinov2_main
[[102, 33, 1056, 1591, 354, 245, 790, 1323, 142, 1745, 1588, 1473, 38, 1192, 735, 832, 547, 1186, 843, 660, 869, 83, 695, 1629, 179, 1658, 157, 1758, 1747, 250, 312, 1361, 1163, 1798, 275, 1099, 1787, 964, 1066, 609, 1666, 774, 181, 1502, 407, 668, 593, 1623, 1101, 565, 1350, 1572, 1094, 512, 148, 809, 263, 1853, 908, 927, 626, 569, 1730, 757, 1574, 1866, 1107, 1706, 391, 1255, 947, 828, 1720, 1057, 19, 1364, 1575, 1914, 1562, 1909, 534, 973, 538, 1017, 646, 285, 309, 1884, 1059, 552, 697, 1702, 145, 819, 649, 665, 169, 1051, 171, 1529, 1470, 291, 1371, 1240, 1641, 1746, 1443, 1307, 1801, 369, 1365, 525, 167, 1121, 1430, 874, 528, 1459, 1617, 770, 359, 923, 507, 884, 1616, 1314, 1149, 1379, 891, 1442, 1047, 1887, 248, 1767, 1620, 283, 392, 1290, 1650, 242, 1399, 807, 159, 204, 775, 1827, 500, 1352, 700, 1265, 1102, 149, 1440, 1258, 1738, 347, 690, 468, 1726, 1234, 1126, 868, 1501, 621, 585, 1523, 121, 1108, 846, 1167, 1405, 114, 474, 1406, 195, 1144, 586, 384, 1680, 298, 308, 529, 901, 475, 992, 1811, 1655, 914, 1598, 560, 1452, 385, 1032, 1895, 756, 1893, 485, 1293, 1876, 378, 206, 61, 1762, 1335, 1779, 1062, 111, 550, 1357, 284, 1074, 880, 592, 712, 1454, 1660, 1067, 946, 1011, 193, 1838, 1072, 1065, 1267, 1217, 591, 678, 792, 180, 1313, 69, 84, 1603, 1775, 201, 1415, 457, 1359, 400, 1759, 1081, 554, 471, 1841, 446, 1670, 688, 140, 1600, 871, 1093, 460, 1831, 818, 940, 1128, 614, 1000, 987, 1048, 72, 465, 804, 1804, 826, 1006, 1129, 270, 954, 86, 107, 1744, 751, 1143, 1554, 1750, 556, 1692, 664, 943, 907, 1713, 881, 1793, 849, 972, 264, 1431, 1040, 1391, 680, 1864, 724, 1549, 455, 600, 389, 1301, 1262, 1073, 1216, 613, 314, 15, 657, 896, 549, 575, 719, 545, 937, 1585, 165, 1252, 338, 970, 1366, 1247, 1024, 14, 855, 212, 887, 977, 1225, 776, 10, 1903, 1423, 596, 726, 431, 959, 1159, 1033, 1458, 1196, 1526, 317, 1358, 454, 1647, 976, 773, 1786, 1462, 488, 41, 571, 1464, 599, 979, 864, 18, 306, 1299, 797, 332, 1424, 1286, 66, 51, 1230, 1527, 1042, 762, 219, 487, 1026, 1282, 1285, 1503, 1597, 1573, 758, 999, 30, 1215, 1315, 1227, 387, 1867, 1421, 220, 932, 1829, 26, 1822, 290, 1088, 1902, 429, 463, 197, 1156, 1539, 1491, 1027, 1901, 733, 1879, 833, 278, 1251, 1899, 1642, 73, 272, 1019, 1084, 1346, 1803, 845, 568, 286, 76, 956, 1237, 48, 939, 1601, 481, 1187, 176, 1231, 1545, 1664, 1244, 87, 47, 194, 1586, 1316, 1125, 1649, 1077, 995, 1665, 1428, 1219, 1712, 1038, 542, 998, 70, 929, 1648, 476, 886, 1134, 1733, 854, 853, 1283, 1432, 1723, 1269, 281, 1174, 110, 1685, 1868, 777, 1522, 353, 798, 1773, 409, 768, 1273, 1490, 221, 1154, 1499, 71, 1637, 720, 1850, 1198, 1755, 1915, 716, 1900, 1835, 672, 319, 1536, 226, 1472, 1602, 969, 492, 428, 895, 814, 1133, 62, 656, 1722, 1621, 1142, 1087, 524, 1590, 1030, 650, 1451, 1913, 1259, 1917, 544, 377, 862, 1202, 1177, 1274, 1123, 617, 605, 1106, 1855, 422, 1769, 362, 1721, 1329, 1206, 1506, 135, 1320, 217, 120, 1120, 1836, 710, 717, 1799, 1557, 722, 1694, 405, 375, 1034, 260, 1496, 411, 1672, 28, 637, 373, 1808, 134, 1012, 536, 1752, 983, 1135, 1576, 483, 13, 404, 841, 1172, 1041, 1843, 161, 847, 1369, 1910, 1782, 1671, 1376, 1856, 498, 806, 635, 1212, 438, 835, 1849, 1109, 1349, 1043, 2, 466, 610, 1165, 885, 951, 344, 300, 1807, 1908, 287, 1877, 705, 1872, 1581, 985, 328, 708, 730, 350, 307, 146, 840, 1180, 494, 16, 555, 1368, 1780, 779, 1771, 1203, 1754, 744, 863, 1684, 639, 1919, 738, 938, 1053, 618, 91, 1886, 1028, 472, 1050, 138, 131, 89, 416, 991, 1254, 467, 227, 1765, 1634, 1789, 1622, 1205, 1874, 839, 1151, 654, 1182, 815, 470, 670, 150, 718, 352, 1579, 879, 443, 1690, 32, 435, 1383, 501, 882, 1085, 1176, 1382, 1171, 686, 1140, 1105, 800, 1516, 1485, 516, 1475, 1434, 1911, 889, 239, 652, 1535, 1639, 335, 1325, 1784, 765, 663, 1224, 448, 1815, 739, 1812, 1076, 747, 1467, 732, 1654, 1828, 502, 1319, 1425, 1160, 1468, 368, 1732, 1248, 143, 808, 674, 713, 129, 1599, 288, 1005, 1643, 1729, 1918, 1064, 279, 1741, 406, 867, 729, 604, 1220, 750, 304, 936, 215, 1626, 1778, 1031, 1756, 305, 1699, 412, 1387, 1640, 210, 188, 253, 645, 1279, 349, 1898, 262, 1082, 213, 255, 1514, 1375, 576, 698, 986, 1119, 508, 1753, 104, 1296, 1380, 128, 163, 693, 1524, 924, 842, 812, 1348, 199, 1386, 1628, 1435, 1772, 817, 931, 334, 1360, 390, 1413, 1783, 944, 905, 1271, 1132, 1857, 35, 340, 1461, 506, 1150, 1455, 594, 1020, 1178, 1770, 1389, 1276, 1355, 1228, 990, 1480, 1100, 1326, 282, 1321, 852, 200, 1146, 1253, 49, 1682, 1221, 1840, 1525, 1037, 1170, 1800, 648, 1243, 266, 926, 782, 1667, 984, 570, 1289, 1860, 893, 1630, 479, 339, 246, 866, 1631, 211, 684, 60, 125, 1513, 836, 43, 1450, 515, 1256, 244, 1063, 1693, 913, 966, 54, 432, 1869, 254, 1916, 577, 1096, 540, 1075, 1261, 1871, 1587, 381, 634, 205, 269, 489, 1890, 37, 746, 386, 551, 1414, 953, 1403, 709, 622, 1497, 1561, 1324, 158, 624, 426, 1466, 44, 267, 994, 318, 1398, 397, 95, 786, 81, 1332, 837, 289, 865, 965, 67, 1696, 816, 1044, 820, 229, 1400, 1362, 491, 1139, 1873, 1338, 559, 1016, 1021, 1436, 1002, 1797, 40, 224, 1615, 1385, 941, 1308, 978, 794, 231, 834, 1675, 1736, 31, 1181, 562, 831, 1272, 767, 372, 1825, 1669, 760, 380, 1343, 42, 1351, 1337, 1441, 268, 1644, 1015, 52, 1469, 1861, 1481, 22, 1605, 361, 1381, 410, 1333, 975, 1046, 1595, 348, 1768, 366, 1281, 772, 974, 495, 358, 590, 187, 631, 1695, 687, 1328, 572, 588, 1805, 620, 1577, 1449, 1433, 1659, 320, 418, 346, 602, 573, 1709, 1300, 113, 427, 1891, 1341, 236, 1001, 370, 723, 1092, 1560, 379, 662, 79, 850, 1704, 824, 627, 436, 666, 1103, 653, 945, 1370, 1232, 587, 234, 103, 1858, 934, 1420, 123, 1818, 1310, 499, 1739, 1493, 1847, 1553, 740, 124, 1260, 1378, 1842, 1777, 1816, 1543, 749, 608, 1563, 996, 25, 101, 90, 459, 337, 122, 580, 829, 533, 292, 452, 1614, 1183, 1322, 1278, 521, 1136, 1190, 96, 259, 1645, 1008, 1888, 342, 445, 1504, 162, 382, 1894, 784, 1404, 1531, 1312, 444, 1097, 1447, 1280, 872, 168, 50, 1687, 1593, 1610, 98, 1242, 769, 642, 1309, 888, 433, 302, 1263, 1169, 1656, 1295, 243, 921, 1438, 1161, 877, 640, 1541, 24, 703, 980, 1173, 935, 1519, 440, 1512, 1137, 822, 1014, 310, 511, 583, 1518, 458, 274, 109, 856, 522, 11, 462, 1236, 232, 633, 1567, 1241, 989, 1725, 280, 875, 1083, 1833, 324, 1566, 249, 172, 696, 1505, 1010, 1477, 1327, 910, 861, 88, 99, 357, 437, 80, 1292, 764, 175, 395, 1716, 699, 1483, 1717, 673, 623, 1697, 1479, 1060, 1651, 553, 981, 218, 1110, 185, 77, 900, 371, 904, 1390, 21, 1882, 595, 1718, 1476, 152, 420, 918, 192, 1679, 1484, 1863, 787, 567, 851, 441, 530, 517, 1419, 1388, 329, 301, 1330, 876, 478, 1530, 676, 1844, 403, 74, 647, 728, 230, 519, 256, 737, 235, 1796, 182, 858, 504, 1287, 1124, 1229, 294, 625, 894, 759, 1544, 330, 1711, 505, 903, 1055, 1238, 1397, 1686, 136, 1275, 1580, 1584, 59, 1112, 1636, 166, 655, 1520, 1540, 374, 496, 414, 1226, 154, 860, 531, 1465, 1345, 1662, 1284, 669, 1627, 1408, 36, 191, 1748, 7, 1498, 802, 325, 957, 208, 228, 1201, 950, 1318, 155, 948, 133, 920, 442, 225, 611, 1633, 796, 667, 1652, 1304, 1609, 1611, 527, 1427, 1354, 689, 930, 870, 925, 56, 1402, 100, 189, 1068, 1737, 322, 523, 247, 971, 1445, 55, 579, 1374, 1571, 1521, 890, 785, 58, 671, 1608, 1168, 1742, 899, 299, 778, 1542, 761, 566, 46, 1708, 1719, 351, 1392, 651, 1764, 811, 449, 922, 261, 1036, 694, 127, 1114, 707, 1487, 1852, 1802, 873, 174, 1865, 1710, 763, 164, 1632, 345, 539, 1141, 805, 919, 911, 184, 548, 1422, 1625, 1155, 399, 1795, 1845, 1889, 1565, 45, 603, 1444, 1517, 1823, 1246, 477, 64, 1164, 1411, 781, 8, 1635, 1583, 1200, 241, 151, 177, 333, 629, 1453, 293, 1760, 636, 1239, 1115, 727, 273, 1394, 1266, 1184, 1619, 1743, 313, 1904, 982, 1367, 153, 564, 1806, 331, 1862, 1848, 606, 1264, 57, 97, 1774, 1814, 1086, 1029, 393, 1488, 85, 1509, 1550, 725, 1638, 1846, 1342, 1728, 993, 421, 1781, 681, 473, 1604, 364, 1613, 679, 780, 1885, 581, 1130, 116, 823, 355, 736, 75, 398, 557, 1740, 1515, 1596, 1250, 641, 1683, 198, 1363, 589, 1223, 1209, 417, 209, 1810, 9, 535, 1500, 1881, 1208, 909, 0, 702, 1897, 598, 1189, 748, 675, 1691, 1152, 755, 4, 1416, 830, 439, 1222, 1340, 692, 1003, 34, 356, 170, 1761, 1657, 1578, 401, 795, 1507, 997, 644, 1166, 447, 518, 563, 336, 1820, 343, 597, 844, 1058, 497, 311, 1463, 754, 1218, 1191, 1148, 1612, 1022, 1344, 1776, 942, 906, 1409, 1098, 130, 1418, 1830, 190, 1303, 1749, 607, 825, 92, 677, 628, 326, 715, 949, 27, 1537, 1025, 1439, 1277, 396, 1270, 53, 558, 584, 616, 630, 1533, 532, 1113, 612, 1080, 173, 1090, 838, 17, 897, 1306, 1311, 1131, 388, 1118, 1528, 1426, 1257, 1460, 1714, 1407, 144, 1734, 258, 1731, 526, 367, 1834, 126, 1104, 638, 791, 265, 223, 461, 1457, 139, 456, 1905, 1663, 1412, 1568, 1763, 883, 1661, 1678, 493, 1606, 1813, 541, 1757, 276, 296, 1673, 222, 1707, 183, 257, 615, 1478, 742, 376, 810, 661, 365, 156, 1298, 1701, 1653, 202, 1334, 1197, 1482, 106, 323, 1448, 1558, 1179, 1854, 902, 1049, 297, 216, 1268, 277, 1336, 1393, 65, 1456, 1052, 5, 1735, 1495, 1175, 988, 117, 721, 1788, 315, 1819, 1305, 1794, 520, 543, 1214, 917, 731, 1091, 1147, 1070, 68, 892, 1486, 464, 783, 115, 1883, 1372, 752, 383, 1122, 582, 1039, 1213, 574, 1594, 1870, 1111, 1792, 706, 1674, 233, 1607, 691, 1417, 1071, 711, 1538, 252, 741, 1396, 1211, 1429, 1906, 513, 799, 1384, 1138, 1688, 1681, 1045, 961, 743, 1824, 619, 766, 1727, 147, 827, 1117, 1547, 1892, 39, 82, 1546, 963, 178, 658, 1592, 425, 484, 415, 1204, 1331, 1207, 561, 912, 451, 1548, 1494, 1210, 1676, 685, 1291, 793, 632, 1018], [1054, 207, 1715, 1233, 514, 238, 1377, 1677, 878, 1624, 1145, 1009, 469, 962, 1194, 93, 1556, 1851, 1569, 1089, 745, 423, 23, 821, 29, 1401, 789, 1791, 788, 1079, 1347, 503, 1199, 753, 848, 1294, 801, 682, 955, 112, 1188, 402, 1878, 1817, 1288, 1821, 1245, 1302, 1007, 1705, 271, 510, 1510, 327, 1127, 486, 1555, 1004, 1589, 1511, 1700, 1373, 1668, 341, 1489, 1790, 1492, 321, 659, 578, 303, 118, 960, 453, 160, 683, 1832, 434, 701, 928, 480, 1446, 1552, 704, 94, 1317, 1410, 394, 186, 771, 859, 1395, 1646, 1570, 1353, 714, 1297, 360, 1153, 1185, 1766, 1471, 1013, 1356, 1437, 78, 63, 1618, 537, 482, 3, 450, 1339, 490, 857, 251, 898, 916, 546, 1809, 1689, 1078, 1069, 1, 1035, 1534, 1158, 203, 1837, 1095, 1235, 295, 933, 1474, 1559, 240, 105, 419, 1751, 1061, 1896, 1162, 1508, 1195, 237, 509, 1875, 6, 1564, 1698, 1907, 20, 1023, 1157, 1724, 132, 1912, 108, 1839, 734, 413, 316, 1249, 1880, 430, 915, 952, 813, 1532, 1116, 1859, 137, 1703, 141, 1785, 1582, 643, 119, 12, 968, 1193, 408, 214, 601, 967, 803, 1551, 363, 424, 958, 1826, 196]]
Resuming from epoch 65: /Users/suraj/Downloads/outputs/wall_single/checkpoints/model_latest.pth
num_action_repeat: 1
num_proprio_repeat: 1
proprio encoder: ProprioceptiveEmbedding(
  (patch_embed): Conv1d(2, 10, kernel_size=(1,), stride=(1,))
)
action encoder: ProprioceptiveEmbedding(
  (patch_embed): Conv1d(10, 10, kernel_size=(1,), stride=(1,))
)
proprio_dim: 10, after repeat: 10
action_dim: 10, after repeat: 10
emb_dim: 404
Model emb_dim:  404
eval_seed:  [31, 32, 33, 34, 35, 36, 37, 38, 39, 40]
Dumped plan targets to /Users/suraj/Desktop/EAI_DINO/results/wall_transition/transition_run_v2/mixed_int3/budget_bA/seed_3/plan_targets.pkl
Success rate:  0.0
{'success': array([False, False, False, False, False, False, False, False, False,
       False]), 'state_dist': array([36.32258738, 33.99070906, 44.56545494, 45.02504408, 32.85525872,
       40.57786568, 35.88455055, 38.51510938, 47.99201273, 30.74267073])}
Success rate:  0.0
{'success': array([False, False, False, False, False, False, False, False, False,
       False]), 'state_dist': array([29.10140334, 36.70501203, 49.29466062, 42.43849632, 36.30609485,
       34.75728395, 35.99702192, 37.67533616, 47.44287255, 28.52516963])}
MPC iter 0 Eval ------- 
Success rate:  0.0
{'success': array([False, False, False, False, False, False, False, False, False,
       False]), 'state_dist': array([29.10140334, 36.70501203, 49.29466062, 42.43849632, 36.30609485,
       34.75728395, 35.99702192, 37.67533616, 47.44287255, 28.52516963])}
self.is_success:  [False False False False False False False False False False]
Success rate:  0.0
{'success': array([False, False, False, False, False, False, False, False, False,
       False]), 'state_dist': array([27.82945311, 27.84802992, 50.1161749 , 41.26723621, 39.94190067,
       45.13404714, 36.78709117, 38.04223456, 49.54823702, 29.83370156])}
Success rate:  0.0
{'success': array([False, False, False, False, False, False, False, False, False,
       False]), 'state_dist': array([28.34375784, 23.5786917 , 49.28437761, 37.71283562, 41.36561642,
       53.81544111, 36.60315284, 34.91600624, 49.97635756, 28.40527262])}
MPC iter 1 Eval ------- 
Success rate:  0.0
{'success': array([False, False, False, False, False, False, False, False, False,
       False]), 'state_dist': array([28.34375784, 23.5786917 , 49.28437761, 37.71283562, 41.36561642,
       53.81544111, 36.60315284, 34.91600624, 49.97635756, 28.40527262])}
self.is_success:  [False False False False False False False False False False]
Success rate:  0.0
{'success': array([False, False, False, False, False, False, False, False, False,
       False]), 'state_dist': array([28.34375784, 23.5786917 , 49.28437761, 37.71283562, 41.36561642,
       53.81544111, 36.60315284, 34.91600624, 49.97635756, 28.40527262])}
[ok] variant=mixed_int3 budget=bA opt_steps=2 seed=3 success=0.0000
Grid run completed successfully.
[stage] Budget sensitivity subset (Budget B)
Run folder already exists: /Users/suraj/Desktop/EAI_DINO/results/wall_transition/transition_run_v2
Choose a new --run-name, or pass --allow-existing to continue.
