[info] Config: configs/experiment_config.mac_transition_study.yaml
[info] Run name: transition_run_v2
[info] Resume tag: resume_try1
[info] Log file: /Users/suraj/Desktop/EAI_DINO/logs/transition_run_v2/resume_try1.log
[error] Python 3.13.9 detected. Use Python 3.10 or 3.11 for DINO-WM compatibility.
[info] Config: configs/experiment_config.mac_transition_study.yaml
[info] Run name: transition_run_v2
[info] Resume tag: resume_try1
[info] Log file: /Users/suraj/Desktop/EAI_DINO/logs/transition_run_v2/resume_try1.log
Gym has been unmaintained since 2022 and does not support NumPy 2.0 amongst other critical functionality.
Please upgrade to Gymnasium, the maintained drop-in replacement of Gym, or contact the authors of your software and request that they upgrade.
See the migration guide at https://gymnasium.farama.org/introduction/migration_guide/ for additional information.
[ok] Preflight passed
[info] DATASET_DIR=/Users/suraj/Downloads
[info] ckpt_base_path=/Users/suraj/Downloads
[info] model_name=wall_single
[info] model_epoch=latest
[info] torch version=2.10.0
[info] mps available=True
[info] DINO_WM_DEVICE=mps
[stage] Resume Budget B into isolated subfolder
Gym has been unmaintained since 2022 and does not support NumPy 2.0 amongst other critical functionality.
Please upgrade to Gymnasium, the maintained drop-in replacement of Gym, or contact the authors of your software and request that they upgrade.
See the migration guide at https://gymnasium.farama.org/introduction/migration_guide/ for additional information.
/Users/suraj/Desktop/EAI_DINO/third_party_dino_wm/custom_resolvers.py:4: UserWarning: 
The version_base parameter is not specified.
Please specify a compatability version level, or None.
Will assume defaults for version 1.1
  @hydra.main(config_path=None)
Using cache found in /Users/suraj/.cache/torch/hub/facebookresearch_dinov2_main
Planning device: mps
Loading wall dataset...
Loaded 1920 rollouts
[[102, 33, 1056, 1591, 354, 245, 790, 1323, 142, 1745, 1588, 1473, 38, 1192, 735, 832, 547, 1186, 843, 660, 869, 83, 695, 1629, 179, 1658, 157, 1758, 1747, 250, 312, 1361, 1163, 1798, 275, 1099, 1787, 964, 1066, 609, 1666, 774, 181, 1502, 407, 668, 593, 1623, 1101, 565, 1350, 1572, 1094, 512, 148, 809, 263, 1853, 908, 927, 626, 569, 1730, 757, 1574, 1866, 1107, 1706, 391, 1255, 947, 828, 1720, 1057, 19, 1364, 1575, 1914, 1562, 1909, 534, 973, 538, 1017, 646, 285, 309, 1884, 1059, 552, 697, 1702, 145, 819, 649, 665, 169, 1051, 171, 1529, 1470, 291, 1371, 1240, 1641, 1746, 1443, 1307, 1801, 369, 1365, 525, 167, 1121, 1430, 874, 528, 1459, 1617, 770, 359, 923, 507, 884, 1616, 1314, 1149, 1379, 891, 1442, 1047, 1887, 248, 1767, 1620, 283, 392, 1290, 1650, 242, 1399, 807, 159, 204, 775, 1827, 500, 1352, 700, 1265, 1102, 149, 1440, 1258, 1738, 347, 690, 468, 1726, 1234, 1126, 868, 1501, 621, 585, 1523, 121, 1108, 846, 1167, 1405, 114, 474, 1406, 195, 1144, 586, 384, 1680, 298, 308, 529, 901, 475, 992, 1811, 1655, 914, 1598, 560, 1452, 385, 1032, 1895, 756, 1893, 485, 1293, 1876, 378, 206, 61, 1762, 1335, 1779, 1062, 111, 550, 1357, 284, 1074, 880, 592, 712, 1454, 1660, 1067, 946, 1011, 193, 1838, 1072, 1065, 1267, 1217, 591, 678, 792, 180, 1313, 69, 84, 1603, 1775, 201, 1415, 457, 1359, 400, 1759, 1081, 554, 471, 1841, 446, 1670, 688, 140, 1600, 871, 1093, 460, 1831, 818, 940, 1128, 614, 1000, 987, 1048, 72, 465, 804, 1804, 826, 1006, 1129, 270, 954, 86, 107, 1744, 751, 1143, 1554, 1750, 556, 1692, 664, 943, 907, 1713, 881, 1793, 849, 972, 264, 1431, 1040, 1391, 680, 1864, 724, 1549, 455, 600, 389, 1301, 1262, 1073, 1216, 613, 314, 15, 657, 896, 549, 575, 719, 545, 937, 1585, 165, 1252, 338, 970, 1366, 1247, 1024, 14, 855, 212, 887, 977, 1225, 776, 10, 1903, 1423, 596, 726, 431, 959, 1159, 1033, 1458, 1196, 1526, 317, 1358, 454, 1647, 976, 773, 1786, 1462, 488, 41, 571, 1464, 599, 979, 864, 18, 306, 1299, 797, 332, 1424, 1286, 66, 51, 1230, 1527, 1042, 762, 219, 487, 1026, 1282, 1285, 1503, 1597, 1573, 758, 999, 30, 1215, 1315, 1227, 387, 1867, 1421, 220, 932, 1829, 26, 1822, 290, 1088, 1902, 429, 463, 197, 1156, 1539, 1491, 1027, 1901, 733, 1879, 833, 278, 1251, 1899, 1642, 73, 272, 1019, 1084, 1346, 1803, 845, 568, 286, 76, 956, 1237, 48, 939, 1601, 481, 1187, 176, 1231, 1545, 1664, 1244, 87, 47, 194, 1586, 1316, 1125, 1649, 1077, 995, 1665, 1428, 1219, 1712, 1038, 542, 998, 70, 929, 1648, 476, 886, 1134, 1733, 854, 853, 1283, 1432, 1723, 1269, 281, 1174, 110, 1685, 1868, 777, 1522, 353, 798, 1773, 409, 768, 1273, 1490, 221, 1154, 1499, 71, 1637, 720, 1850, 1198, 1755, 1915, 716, 1900, 1835, 672, 319, 1536, 226, 1472, 1602, 969, 492, 428, 895, 814, 1133, 62, 656, 1722, 1621, 1142, 1087, 524, 1590, 1030, 650, 1451, 1913, 1259, 1917, 544, 377, 862, 1202, 1177, 1274, 1123, 617, 605, 1106, 1855, 422, 1769, 362, 1721, 1329, 1206, 1506, 135, 1320, 217, 120, 1120, 1836, 710, 717, 1799, 1557, 722, 1694, 405, 375, 1034, 260, 1496, 411, 1672, 28, 637, 373, 1808, 134, 1012, 536, 1752, 983, 1135, 1576, 483, 13, 404, 841, 1172, 1041, 1843, 161, 847, 1369, 1910, 1782, 1671, 1376, 1856, 498, 806, 635, 1212, 438, 835, 1849, 1109, 1349, 1043, 2, 466, 610, 1165, 885, 951, 344, 300, 1807, 1908, 287, 1877, 705, 1872, 1581, 985, 328, 708, 730, 350, 307, 146, 840, 1180, 494, 16, 555, 1368, 1780, 779, 1771, 1203, 1754, 744, 863, 1684, 639, 1919, 738, 938, 1053, 618, 91, 1886, 1028, 472, 1050, 138, 131, 89, 416, 991, 1254, 467, 227, 1765, 1634, 1789, 1622, 1205, 1874, 839, 1151, 654, 1182, 815, 470, 670, 150, 718, 352, 1579, 879, 443, 1690, 32, 435, 1383, 501, 882, 1085, 1176, 1382, 1171, 686, 1140, 1105, 800, 1516, 1485, 516, 1475, 1434, 1911, 889, 239, 652, 1535, 1639, 335, 1325, 1784, 765, 663, 1224, 448, 1815, 739, 1812, 1076, 747, 1467, 732, 1654, 1828, 502, 1319, 1425, 1160, 1468, 368, 1732, 1248, 143, 808, 674, 713, 129, 1599, 288, 1005, 1643, 1729, 1918, 1064, 279, 1741, 406, 867, 729, 604, 1220, 750, 304, 936, 215, 1626, 1778, 1031, 1756, 305, 1699, 412, 1387, 1640, 210, 188, 253, 645, 1279, 349, 1898, 262, 1082, 213, 255, 1514, 1375, 576, 698, 986, 1119, 508, 1753, 104, 1296, 1380, 128, 163, 693, 1524, 924, 842, 812, 1348, 199, 1386, 1628, 1435, 1772, 817, 931, 334, 1360, 390, 1413, 1783, 944, 905, 1271, 1132, 1857, 35, 340, 1461, 506, 1150, 1455, 594, 1020, 1178, 1770, 1389, 1276, 1355, 1228, 990, 1480, 1100, 1326, 282, 1321, 852, 200, 1146, 1253, 49, 1682, 1221, 1840, 1525, 1037, 1170, 1800, 648, 1243, 266, 926, 782, 1667, 984, 570, 1289, 1860, 893, 1630, 479, 339, 246, 866, 1631, 211, 684, 60, 125, 1513, 836, 43, 1450, 515, 1256, 244, 1063, 1693, 913, 966, 54, 432, 1869, 254, 1916, 577, 1096, 540, 1075, 1261, 1871, 1587, 381, 634, 205, 269, 489, 1890, 37, 746, 386, 551, 1414, 953, 1403, 709, 622, 1497, 1561, 1324, 158, 624, 426, 1466, 44, 267, 994, 318, 1398, 397, 95, 786, 81, 1332, 837, 289, 865, 965, 67, 1696, 816, 1044, 820, 229, 1400, 1362, 491, 1139, 1873, 1338, 559, 1016, 1021, 1436, 1002, 1797, 40, 224, 1615, 1385, 941, 1308, 978, 794, 231, 834, 1675, 1736, 31, 1181, 562, 831, 1272, 767, 372, 1825, 1669, 760, 380, 1343, 42, 1351, 1337, 1441, 268, 1644, 1015, 52, 1469, 1861, 1481, 22, 1605, 361, 1381, 410, 1333, 975, 1046, 1595, 348, 1768, 366, 1281, 772, 974, 495, 358, 590, 187, 631, 1695, 687, 1328, 572, 588, 1805, 620, 1577, 1449, 1433, 1659, 320, 418, 346, 602, 573, 1709, 1300, 113, 427, 1891, 1341, 236, 1001, 370, 723, 1092, 1560, 379, 662, 79, 850, 1704, 824, 627, 436, 666, 1103, 653, 945, 1370, 1232, 587, 234, 103, 1858, 934, 1420, 123, 1818, 1310, 499, 1739, 1493, 1847, 1553, 740, 124, 1260, 1378, 1842, 1777, 1816, 1543, 749, 608, 1563, 996, 25, 101, 90, 459, 337, 122, 580, 829, 533, 292, 452, 1614, 1183, 1322, 1278, 521, 1136, 1190, 96, 259, 1645, 1008, 1888, 342, 445, 1504, 162, 382, 1894, 784, 1404, 1531, 1312, 444, 1097, 1447, 1280, 872, 168, 50, 1687, 1593, 1610, 98, 1242, 769, 642, 1309, 888, 433, 302, 1263, 1169, 1656, 1295, 243, 921, 1438, 1161, 877, 640, 1541, 24, 703, 980, 1173, 935, 1519, 440, 1512, 1137, 822, 1014, 310, 511, 583, 1518, 458, 274, 109, 856, 522, 11, 462, 1236, 232, 633, 1567, 1241, 989, 1725, 280, 875, 1083, 1833, 324, 1566, 249, 172, 696, 1505, 1010, 1477, 1327, 910, 861, 88, 99, 357, 437, 80, 1292, 764, 175, 395, 1716, 699, 1483, 1717, 673, 623, 1697, 1479, 1060, 1651, 553, 981, 218, 1110, 185, 77, 900, 371, 904, 1390, 21, 1882, 595, 1718, 1476, 152, 420, 918, 192, 1679, 1484, 1863, 787, 567, 851, 441, 530, 517, 1419, 1388, 329, 301, 1330, 876, 478, 1530, 676, 1844, 403, 74, 647, 728, 230, 519, 256, 737, 235, 1796, 182, 858, 504, 1287, 1124, 1229, 294, 625, 894, 759, 1544, 330, 1711, 505, 903, 1055, 1238, 1397, 1686, 136, 1275, 1580, 1584, 59, 1112, 1636, 166, 655, 1520, 1540, 374, 496, 414, 1226, 154, 860, 531, 1465, 1345, 1662, 1284, 669, 1627, 1408, 36, 191, 1748, 7, 1498, 802, 325, 957, 208, 228, 1201, 950, 1318, 155, 948, 133, 920, 442, 225, 611, 1633, 796, 667, 1652, 1304, 1609, 1611, 527, 1427, 1354, 689, 930, 870, 925, 56, 1402, 100, 189, 1068, 1737, 322, 523, 247, 971, 1445, 55, 579, 1374, 1571, 1521, 890, 785, 58, 671, 1608, 1168, 1742, 899, 299, 778, 1542, 761, 566, 46, 1708, 1719, 351, 1392, 651, 1764, 811, 449, 922, 261, 1036, 694, 127, 1114, 707, 1487, 1852, 1802, 873, 174, 1865, 1710, 763, 164, 1632, 345, 539, 1141, 805, 919, 911, 184, 548, 1422, 1625, 1155, 399, 1795, 1845, 1889, 1565, 45, 603, 1444, 1517, 1823, 1246, 477, 64, 1164, 1411, 781, 8, 1635, 1583, 1200, 241, 151, 177, 333, 629, 1453, 293, 1760, 636, 1239, 1115, 727, 273, 1394, 1266, 1184, 1619, 1743, 313, 1904, 982, 1367, 153, 564, 1806, 331, 1862, 1848, 606, 1264, 57, 97, 1774, 1814, 1086, 1029, 393, 1488, 85, 1509, 1550, 725, 1638, 1846, 1342, 1728, 993, 421, 1781, 681, 473, 1604, 364, 1613, 679, 780, 1885, 581, 1130, 116, 823, 355, 736, 75, 398, 557, 1740, 1515, 1596, 1250, 641, 1683, 198, 1363, 589, 1223, 1209, 417, 209, 1810, 9, 535, 1500, 1881, 1208, 909, 0, 702, 1897, 598, 1189, 748, 675, 1691, 1152, 755, 4, 1416, 830, 439, 1222, 1340, 692, 1003, 34, 356, 170, 1761, 1657, 1578, 401, 795, 1507, 997, 644, 1166, 447, 518, 563, 336, 1820, 343, 597, 844, 1058, 497, 311, 1463, 754, 1218, 1191, 1148, 1612, 1022, 1344, 1776, 942, 906, 1409, 1098, 130, 1418, 1830, 190, 1303, 1749, 607, 825, 92, 677, 628, 326, 715, 949, 27, 1537, 1025, 1439, 1277, 396, 1270, 53, 558, 584, 616, 630, 1533, 532, 1113, 612, 1080, 173, 1090, 838, 17, 897, 1306, 1311, 1131, 388, 1118, 1528, 1426, 1257, 1460, 1714, 1407, 144, 1734, 258, 1731, 526, 367, 1834, 126, 1104, 638, 791, 265, 223, 461, 1457, 139, 456, 1905, 1663, 1412, 1568, 1763, 883, 1661, 1678, 493, 1606, 1813, 541, 1757, 276, 296, 1673, 222, 1707, 183, 257, 615, 1478, 742, 376, 810, 661, 365, 156, 1298, 1701, 1653, 202, 1334, 1197, 1482, 106, 323, 1448, 1558, 1179, 1854, 902, 1049, 297, 216, 1268, 277, 1336, 1393, 65, 1456, 1052, 5, 1735, 1495, 1175, 988, 117, 721, 1788, 315, 1819, 1305, 1794, 520, 543, 1214, 917, 731, 1091, 1147, 1070, 68, 892, 1486, 464, 783, 115, 1883, 1372, 752, 383, 1122, 582, 1039, 1213, 574, 1594, 1870, 1111, 1792, 706, 1674, 233, 1607, 691, 1417, 1071, 711, 1538, 252, 741, 1396, 1211, 1429, 1906, 513, 799, 1384, 1138, 1688, 1681, 1045, 961, 743, 1824, 619, 766, 1727, 147, 827, 1117, 1547, 1892, 39, 82, 1546, 963, 178, 658, 1592, 425, 484, 415, 1204, 1331, 1207, 561, 912, 451, 1548, 1494, 1210, 1676, 685, 1291, 793, 632, 1018], [1054, 207, 1715, 1233, 514, 238, 1377, 1677, 878, 1624, 1145, 1009, 469, 962, 1194, 93, 1556, 1851, 1569, 1089, 745, 423, 23, 821, 29, 1401, 789, 1791, 788, 1079, 1347, 503, 1199, 753, 848, 1294, 801, 682, 955, 112, 1188, 402, 1878, 1817, 1288, 1821, 1245, 1302, 1007, 1705, 271, 510, 1510, 327, 1127, 486, 1555, 1004, 1589, 1511, 1700, 1373, 1668, 341, 1489, 1790, 1492, 321, 659, 578, 303, 118, 960, 453, 160, 683, 1832, 434, 701, 928, 480, 1446, 1552, 704, 94, 1317, 1410, 394, 186, 771, 859, 1395, 1646, 1570, 1353, 714, 1297, 360, 1153, 1185, 1766, 1471, 1013, 1356, 1437, 78, 63, 1618, 537, 482, 3, 450, 1339, 490, 857, 251, 898, 916, 546, 1809, 1689, 1078, 1069, 1, 1035, 1534, 1158, 203, 1837, 1095, 1235, 295, 933, 1474, 1559, 240, 105, 419, 1751, 1061, 1896, 1162, 1508, 1195, 237, 509, 1875, 6, 1564, 1698, 1907, 20, 1023, 1157, 1724, 132, 1912, 108, 1839, 734, 413, 316, 1249, 1880, 430, 915, 952, 813, 1532, 1116, 1859, 137, 1703, 141, 1785, 1582, 643, 119, 12, 968, 1193, 408, 214, 601, 967, 803, 1551, 363, 424, 958, 1826, 196]]
Resuming from epoch 65: /Users/suraj/Downloads/outputs/wall_single/checkpoints/model_latest.pth
num_action_repeat: 1
num_proprio_repeat: 1
proprio encoder: ProprioceptiveEmbedding(
  (patch_embed): Conv1d(2, 10, kernel_size=(1,), stride=(1,))
)
action encoder: ProprioceptiveEmbedding(
  (patch_embed): Conv1d(10, 10, kernel_size=(1,), stride=(1,))
)
proprio_dim: 10, after repeat: 10
action_dim: 10, after repeat: 10
emb_dim: 404
Model emb_dim:  404
eval_seed:  [11, 12, 13, 14, 15, 16, 17, 18, 19, 20]
Dumped plan targets to /Users/suraj/Desktop/EAI_DINO/results/wall_transition/transition_run_v2/resume/resume_try1/budget_bB/fp16/budget_bB/seed_1/plan_targets.pkl
Success rate:  0.0
{'success': array([False, False, False, False, False, False, False, False, False,
       False]), 'state_dist': array([21.28055041, 26.93543639, 14.82612706, 36.45001978, 11.31381931,
       28.01914231, 19.84877867, 30.95499336, 26.46767916, 19.9373521 ])}
Success rate:  0.1
{'success': array([ True, False, False, False, False, False, False, False, False,
       False]), 'state_dist': array([ 2.1324701 ,  9.35891494, 15.00661208, 24.09377052,  5.60310557,
       25.21273304, 22.83617975, 14.21651565, 27.52945451, 19.24192965])}
Success rate:  0.0
{'success': array([False, False, False, False, False, False, False, False, False,
       False]), 'state_dist': array([ 6.25200693,  7.02954397, 15.00661208, 20.84637446,  6.12558516,
       27.33417713,  9.76150548, 10.29507831, 25.16012946, 21.01075395])}
MPC iter 0 Eval ------- 
Success rate:  0.0
{'success': array([False, False, False, False, False, False, False, False, False,
       False]), 'state_dist': array([ 6.25200693,  7.02954397, 15.00661208, 20.84637446,  6.12558516,
       27.33417713,  9.76150548, 10.29507831, 25.16012946, 21.01075395])}
self.is_success:  [False False False False False False False False False False]
Success rate:  0.3
{'success': array([False, False, False, False,  True, False,  True,  True, False,
       False]), 'state_dist': array([ 4.90986279,  5.31555434, 15.00661208, 19.21279159,  1.02831482,
       25.81040151,  2.39701076,  1.82465242, 22.25202118, 21.33092626])}
Success rate:  0.5
{'success': array([ True,  True, False, False,  True, False,  True,  True, False,
       False]), 'state_dist': array([ 4.44545038,  4.33730839, 15.00661208, 19.01431785,  1.91327695,
       25.21508816,  0.71963543,  2.74173172,  4.69276967, 20.35901506])}
Success rate:  0.5
{'success': array([False,  True, False, False,  True,  True,  True,  True, False,
       False]), 'state_dist': array([ 4.76700115,  3.43285622, 15.00661208, 18.83931341,  1.91073009,
        4.23867311,  0.5269337 ,  0.51873994,  4.64357021, 20.24848108])}
MPC iter 1 Eval ------- 
Success rate:  0.5
{'success': array([False,  True, False, False,  True,  True,  True,  True, False,
       False]), 'state_dist': array([ 4.76700115,  3.43285622, 15.00661208, 18.83931341,  1.91073009,
        4.23867311,  0.5269337 ,  0.51873994,  4.64357021, 20.24848108])}
self.is_success:  [False  True False False  True  True  True  True False False]
Success rate:  0.4
{'success': array([False,  True, False, False,  True, False,  True,  True, False,
       False]), 'state_dist': array([ 5.67198934,  2.64947716, 15.00661208, 20.34916428,  1.53845621,
        7.42586511,  1.61963757,  1.92270962,  4.62860479, 19.77507713])}
Success rate:  0.4
{'success': array([False, False, False, False,  True, False,  True,  True,  True,
       False]), 'state_dist': array([ 5.42675869,  4.85759638, 15.00661208, 20.83934627,  3.21958551,
        6.49300923,  2.19666307,  2.65285019,  3.08813913, 19.77053056])}
Success rate:  0.5
{'success': array([False,  True, False, False,  True, False,  True,  True,  True,
       False]), 'state_dist': array([ 4.70192806,  3.76236242, 15.00661208, 19.21768051,  2.99351326,
        4.89254837,  1.51247334,  2.75242713,  3.00190786, 18.91058772])}
MPC iter 2 Eval ------- 
Success rate:  0.6
{'success': array([False,  True, False, False,  True,  True,  True,  True,  True,
       False]), 'state_dist': array([ 4.70192806,  3.43285622, 15.00661208, 19.21768051,  1.91073009,
        4.23867311,  0.5269337 ,  0.51873994,  3.00190786, 18.91058772])}
self.is_success:  [False  True False False  True  True  True  True  True False]
Success rate:  0.6
{'success': array([False,  True, False, False,  True,  True,  True,  True,  True,
       False]), 'state_dist': array([ 4.70192806,  3.43285622, 15.00661208, 19.21768051,  1.91073009,
        4.23867311,  0.5269337 ,  0.51873994,  3.00190786, 18.91058772])}
[ok] variant=fp16 budget=bB opt_steps=3 seed=1 success=0.6000
Planning device: mps
Loading wall dataset...
Loaded 1920 rollouts
Using cache found in /Users/suraj/.cache/torch/hub/facebookresearch_dinov2_main
[[102, 33, 1056, 1591, 354, 245, 790, 1323, 142, 1745, 1588, 1473, 38, 1192, 735, 832, 547, 1186, 843, 660, 869, 83, 695, 1629, 179, 1658, 157, 1758, 1747, 250, 312, 1361, 1163, 1798, 275, 1099, 1787, 964, 1066, 609, 1666, 774, 181, 1502, 407, 668, 593, 1623, 1101, 565, 1350, 1572, 1094, 512, 148, 809, 263, 1853, 908, 927, 626, 569, 1730, 757, 1574, 1866, 1107, 1706, 391, 1255, 947, 828, 1720, 1057, 19, 1364, 1575, 1914, 1562, 1909, 534, 973, 538, 1017, 646, 285, 309, 1884, 1059, 552, 697, 1702, 145, 819, 649, 665, 169, 1051, 171, 1529, 1470, 291, 1371, 1240, 1641, 1746, 1443, 1307, 1801, 369, 1365, 525, 167, 1121, 1430, 874, 528, 1459, 1617, 770, 359, 923, 507, 884, 1616, 1314, 1149, 1379, 891, 1442, 1047, 1887, 248, 1767, 1620, 283, 392, 1290, 1650, 242, 1399, 807, 159, 204, 775, 1827, 500, 1352, 700, 1265, 1102, 149, 1440, 1258, 1738, 347, 690, 468, 1726, 1234, 1126, 868, 1501, 621, 585, 1523, 121, 1108, 846, 1167, 1405, 114, 474, 1406, 195, 1144, 586, 384, 1680, 298, 308, 529, 901, 475, 992, 1811, 1655, 914, 1598, 560, 1452, 385, 1032, 1895, 756, 1893, 485, 1293, 1876, 378, 206, 61, 1762, 1335, 1779, 1062, 111, 550, 1357, 284, 1074, 880, 592, 712, 1454, 1660, 1067, 946, 1011, 193, 1838, 1072, 1065, 1267, 1217, 591, 678, 792, 180, 1313, 69, 84, 1603, 1775, 201, 1415, 457, 1359, 400, 1759, 1081, 554, 471, 1841, 446, 1670, 688, 140, 1600, 871, 1093, 460, 1831, 818, 940, 1128, 614, 1000, 987, 1048, 72, 465, 804, 1804, 826, 1006, 1129, 270, 954, 86, 107, 1744, 751, 1143, 1554, 1750, 556, 1692, 664, 943, 907, 1713, 881, 1793, 849, 972, 264, 1431, 1040, 1391, 680, 1864, 724, 1549, 455, 600, 389, 1301, 1262, 1073, 1216, 613, 314, 15, 657, 896, 549, 575, 719, 545, 937, 1585, 165, 1252, 338, 970, 1366, 1247, 1024, 14, 855, 212, 887, 977, 1225, 776, 10, 1903, 1423, 596, 726, 431, 959, 1159, 1033, 1458, 1196, 1526, 317, 1358, 454, 1647, 976, 773, 1786, 1462, 488, 41, 571, 1464, 599, 979, 864, 18, 306, 1299, 797, 332, 1424, 1286, 66, 51, 1230, 1527, 1042, 762, 219, 487, 1026, 1282, 1285, 1503, 1597, 1573, 758, 999, 30, 1215, 1315, 1227, 387, 1867, 1421, 220, 932, 1829, 26, 1822, 290, 1088, 1902, 429, 463, 197, 1156, 1539, 1491, 1027, 1901, 733, 1879, 833, 278, 1251, 1899, 1642, 73, 272, 1019, 1084, 1346, 1803, 845, 568, 286, 76, 956, 1237, 48, 939, 1601, 481, 1187, 176, 1231, 1545, 1664, 1244, 87, 47, 194, 1586, 1316, 1125, 1649, 1077, 995, 1665, 1428, 1219, 1712, 1038, 542, 998, 70, 929, 1648, 476, 886, 1134, 1733, 854, 853, 1283, 1432, 1723, 1269, 281, 1174, 110, 1685, 1868, 777, 1522, 353, 798, 1773, 409, 768, 1273, 1490, 221, 1154, 1499, 71, 1637, 720, 1850, 1198, 1755, 1915, 716, 1900, 1835, 672, 319, 1536, 226, 1472, 1602, 969, 492, 428, 895, 814, 1133, 62, 656, 1722, 1621, 1142, 1087, 524, 1590, 1030, 650, 1451, 1913, 1259, 1917, 544, 377, 862, 1202, 1177, 1274, 1123, 617, 605, 1106, 1855, 422, 1769, 362, 1721, 1329, 1206, 1506, 135, 1320, 217, 120, 1120, 1836, 710, 717, 1799, 1557, 722, 1694, 405, 375, 1034, 260, 1496, 411, 1672, 28, 637, 373, 1808, 134, 1012, 536, 1752, 983, 1135, 1576, 483, 13, 404, 841, 1172, 1041, 1843, 161, 847, 1369, 1910, 1782, 1671, 1376, 1856, 498, 806, 635, 1212, 438, 835, 1849, 1109, 1349, 1043, 2, 466, 610, 1165, 885, 951, 344, 300, 1807, 1908, 287, 1877, 705, 1872, 1581, 985, 328, 708, 730, 350, 307, 146, 840, 1180, 494, 16, 555, 1368, 1780, 779, 1771, 1203, 1754, 744, 863, 1684, 639, 1919, 738, 938, 1053, 618, 91, 1886, 1028, 472, 1050, 138, 131, 89, 416, 991, 1254, 467, 227, 1765, 1634, 1789, 1622, 1205, 1874, 839, 1151, 654, 1182, 815, 470, 670, 150, 718, 352, 1579, 879, 443, 1690, 32, 435, 1383, 501, 882, 1085, 1176, 1382, 1171, 686, 1140, 1105, 800, 1516, 1485, 516, 1475, 1434, 1911, 889, 239, 652, 1535, 1639, 335, 1325, 1784, 765, 663, 1224, 448, 1815, 739, 1812, 1076, 747, 1467, 732, 1654, 1828, 502, 1319, 1425, 1160, 1468, 368, 1732, 1248, 143, 808, 674, 713, 129, 1599, 288, 1005, 1643, 1729, 1918, 1064, 279, 1741, 406, 867, 729, 604, 1220, 750, 304, 936, 215, 1626, 1778, 1031, 1756, 305, 1699, 412, 1387, 1640, 210, 188, 253, 645, 1279, 349, 1898, 262, 1082, 213, 255, 1514, 1375, 576, 698, 986, 1119, 508, 1753, 104, 1296, 1380, 128, 163, 693, 1524, 924, 842, 812, 1348, 199, 1386, 1628, 1435, 1772, 817, 931, 334, 1360, 390, 1413, 1783, 944, 905, 1271, 1132, 1857, 35, 340, 1461, 506, 1150, 1455, 594, 1020, 1178, 1770, 1389, 1276, 1355, 1228, 990, 1480, 1100, 1326, 282, 1321, 852, 200, 1146, 1253, 49, 1682, 1221, 1840, 1525, 1037, 1170, 1800, 648, 1243, 266, 926, 782, 1667, 984, 570, 1289, 1860, 893, 1630, 479, 339, 246, 866, 1631, 211, 684, 60, 125, 1513, 836, 43, 1450, 515, 1256, 244, 1063, 1693, 913, 966, 54, 432, 1869, 254, 1916, 577, 1096, 540, 1075, 1261, 1871, 1587, 381, 634, 205, 269, 489, 1890, 37, 746, 386, 551, 1414, 953, 1403, 709, 622, 1497, 1561, 1324, 158, 624, 426, 1466, 44, 267, 994, 318, 1398, 397, 95, 786, 81, 1332, 837, 289, 865, 965, 67, 1696, 816, 1044, 820, 229, 1400, 1362, 491, 1139, 1873, 1338, 559, 1016, 1021, 1436, 1002, 1797, 40, 224, 1615, 1385, 941, 1308, 978, 794, 231, 834, 1675, 1736, 31, 1181, 562, 831, 1272, 767, 372, 1825, 1669, 760, 380, 1343, 42, 1351, 1337, 1441, 268, 1644, 1015, 52, 1469, 1861, 1481, 22, 1605, 361, 1381, 410, 1333, 975, 1046, 1595, 348, 1768, 366, 1281, 772, 974, 495, 358, 590, 187, 631, 1695, 687, 1328, 572, 588, 1805, 620, 1577, 1449, 1433, 1659, 320, 418, 346, 602, 573, 1709, 1300, 113, 427, 1891, 1341, 236, 1001, 370, 723, 1092, 1560, 379, 662, 79, 850, 1704, 824, 627, 436, 666, 1103, 653, 945, 1370, 1232, 587, 234, 103, 1858, 934, 1420, 123, 1818, 1310, 499, 1739, 1493, 1847, 1553, 740, 124, 1260, 1378, 1842, 1777, 1816, 1543, 749, 608, 1563, 996, 25, 101, 90, 459, 337, 122, 580, 829, 533, 292, 452, 1614, 1183, 1322, 1278, 521, 1136, 1190, 96, 259, 1645, 1008, 1888, 342, 445, 1504, 162, 382, 1894, 784, 1404, 1531, 1312, 444, 1097, 1447, 1280, 872, 168, 50, 1687, 1593, 1610, 98, 1242, 769, 642, 1309, 888, 433, 302, 1263, 1169, 1656, 1295, 243, 921, 1438, 1161, 877, 640, 1541, 24, 703, 980, 1173, 935, 1519, 440, 1512, 1137, 822, 1014, 310, 511, 583, 1518, 458, 274, 109, 856, 522, 11, 462, 1236, 232, 633, 1567, 1241, 989, 1725, 280, 875, 1083, 1833, 324, 1566, 249, 172, 696, 1505, 1010, 1477, 1327, 910, 861, 88, 99, 357, 437, 80, 1292, 764, 175, 395, 1716, 699, 1483, 1717, 673, 623, 1697, 1479, 1060, 1651, 553, 981, 218, 1110, 185, 77, 900, 371, 904, 1390, 21, 1882, 595, 1718, 1476, 152, 420, 918, 192, 1679, 1484, 1863, 787, 567, 851, 441, 530, 517, 1419, 1388, 329, 301, 1330, 876, 478, 1530, 676, 1844, 403, 74, 647, 728, 230, 519, 256, 737, 235, 1796, 182, 858, 504, 1287, 1124, 1229, 294, 625, 894, 759, 1544, 330, 1711, 505, 903, 1055, 1238, 1397, 1686, 136, 1275, 1580, 1584, 59, 1112, 1636, 166, 655, 1520, 1540, 374, 496, 414, 1226, 154, 860, 531, 1465, 1345, 1662, 1284, 669, 1627, 1408, 36, 191, 1748, 7, 1498, 802, 325, 957, 208, 228, 1201, 950, 1318, 155, 948, 133, 920, 442, 225, 611, 1633, 796, 667, 1652, 1304, 1609, 1611, 527, 1427, 1354, 689, 930, 870, 925, 56, 1402, 100, 189, 1068, 1737, 322, 523, 247, 971, 1445, 55, 579, 1374, 1571, 1521, 890, 785, 58, 671, 1608, 1168, 1742, 899, 299, 778, 1542, 761, 566, 46, 1708, 1719, 351, 1392, 651, 1764, 811, 449, 922, 261, 1036, 694, 127, 1114, 707, 1487, 1852, 1802, 873, 174, 1865, 1710, 763, 164, 1632, 345, 539, 1141, 805, 919, 911, 184, 548, 1422, 1625, 1155, 399, 1795, 1845, 1889, 1565, 45, 603, 1444, 1517, 1823, 1246, 477, 64, 1164, 1411, 781, 8, 1635, 1583, 1200, 241, 151, 177, 333, 629, 1453, 293, 1760, 636, 1239, 1115, 727, 273, 1394, 1266, 1184, 1619, 1743, 313, 1904, 982, 1367, 153, 564, 1806, 331, 1862, 1848, 606, 1264, 57, 97, 1774, 1814, 1086, 1029, 393, 1488, 85, 1509, 1550, 725, 1638, 1846, 1342, 1728, 993, 421, 1781, 681, 473, 1604, 364, 1613, 679, 780, 1885, 581, 1130, 116, 823, 355, 736, 75, 398, 557, 1740, 1515, 1596, 1250, 641, 1683, 198, 1363, 589, 1223, 1209, 417, 209, 1810, 9, 535, 1500, 1881, 1208, 909, 0, 702, 1897, 598, 1189, 748, 675, 1691, 1152, 755, 4, 1416, 830, 439, 1222, 1340, 692, 1003, 34, 356, 170, 1761, 1657, 1578, 401, 795, 1507, 997, 644, 1166, 447, 518, 563, 336, 1820, 343, 597, 844, 1058, 497, 311, 1463, 754, 1218, 1191, 1148, 1612, 1022, 1344, 1776, 942, 906, 1409, 1098, 130, 1418, 1830, 190, 1303, 1749, 607, 825, 92, 677, 628, 326, 715, 949, 27, 1537, 1025, 1439, 1277, 396, 1270, 53, 558, 584, 616, 630, 1533, 532, 1113, 612, 1080, 173, 1090, 838, 17, 897, 1306, 1311, 1131, 388, 1118, 1528, 1426, 1257, 1460, 1714, 1407, 144, 1734, 258, 1731, 526, 367, 1834, 126, 1104, 638, 791, 265, 223, 461, 1457, 139, 456, 1905, 1663, 1412, 1568, 1763, 883, 1661, 1678, 493, 1606, 1813, 541, 1757, 276, 296, 1673, 222, 1707, 183, 257, 615, 1478, 742, 376, 810, 661, 365, 156, 1298, 1701, 1653, 202, 1334, 1197, 1482, 106, 323, 1448, 1558, 1179, 1854, 902, 1049, 297, 216, 1268, 277, 1336, 1393, 65, 1456, 1052, 5, 1735, 1495, 1175, 988, 117, 721, 1788, 315, 1819, 1305, 1794, 520, 543, 1214, 917, 731, 1091, 1147, 1070, 68, 892, 1486, 464, 783, 115, 1883, 1372, 752, 383, 1122, 582, 1039, 1213, 574, 1594, 1870, 1111, 1792, 706, 1674, 233, 1607, 691, 1417, 1071, 711, 1538, 252, 741, 1396, 1211, 1429, 1906, 513, 799, 1384, 1138, 1688, 1681, 1045, 961, 743, 1824, 619, 766, 1727, 147, 827, 1117, 1547, 1892, 39, 82, 1546, 963, 178, 658, 1592, 425, 484, 415, 1204, 1331, 1207, 561, 912, 451, 1548, 1494, 1210, 1676, 685, 1291, 793, 632, 1018], [1054, 207, 1715, 1233, 514, 238, 1377, 1677, 878, 1624, 1145, 1009, 469, 962, 1194, 93, 1556, 1851, 1569, 1089, 745, 423, 23, 821, 29, 1401, 789, 1791, 788, 1079, 1347, 503, 1199, 753, 848, 1294, 801, 682, 955, 112, 1188, 402, 1878, 1817, 1288, 1821, 1245, 1302, 1007, 1705, 271, 510, 1510, 327, 1127, 486, 1555, 1004, 1589, 1511, 1700, 1373, 1668, 341, 1489, 1790, 1492, 321, 659, 578, 303, 118, 960, 453, 160, 683, 1832, 434, 701, 928, 480, 1446, 1552, 704, 94, 1317, 1410, 394, 186, 771, 859, 1395, 1646, 1570, 1353, 714, 1297, 360, 1153, 1185, 1766, 1471, 1013, 1356, 1437, 78, 63, 1618, 537, 482, 3, 450, 1339, 490, 857, 251, 898, 916, 546, 1809, 1689, 1078, 1069, 1, 1035, 1534, 1158, 203, 1837, 1095, 1235, 295, 933, 1474, 1559, 240, 105, 419, 1751, 1061, 1896, 1162, 1508, 1195, 237, 509, 1875, 6, 1564, 1698, 1907, 20, 1023, 1157, 1724, 132, 1912, 108, 1839, 734, 413, 316, 1249, 1880, 430, 915, 952, 813, 1532, 1116, 1859, 137, 1703, 141, 1785, 1582, 643, 119, 12, 968, 1193, 408, 214, 601, 967, 803, 1551, 363, 424, 958, 1826, 196]]
Resuming from epoch 65: /Users/suraj/Downloads/outputs/wall_single/checkpoints/model_latest.pth
num_action_repeat: 1
num_proprio_repeat: 1
proprio encoder: ProprioceptiveEmbedding(
  (patch_embed): Conv1d(2, 10, kernel_size=(1,), stride=(1,))
)
action encoder: ProprioceptiveEmbedding(
  (patch_embed): Conv1d(10, 10, kernel_size=(1,), stride=(1,))
)
proprio_dim: 10, after repeat: 10
action_dim: 10, after repeat: 10
emb_dim: 404
Model emb_dim:  404
eval_seed:  [21, 22, 23, 24, 25, 26, 27, 28, 29, 30]
Dumped plan targets to /Users/suraj/Desktop/EAI_DINO/results/wall_transition/transition_run_v2/resume/resume_try1/budget_bB/fp16/budget_bB/seed_2/plan_targets.pkl
Success rate:  0.0
{'success': array([False, False, False, False, False, False, False, False, False,
       False]), 'state_dist': array([32.83438634, 26.58990249, 27.60089141, 28.87458307, 12.44029677,
       19.79653265, 20.49937485, 16.28694276, 21.52546179, 18.43474025])}
Success rate:  0.1
{'success': array([False, False, False, False, False, False, False, False, False,
        True]), 'state_dist': array([28.07670085, 23.48670416, 16.12872185, 11.55696836, 14.72549758,
       20.6832888 , 22.62142435,  5.92061679, 14.34816346,  2.15575032])}
Success rate:  0.4
{'success': array([False, False,  True, False, False, False, False,  True,  True,
        True]), 'state_dist': array([27.22228529,  5.67363725,  2.84511257, 10.51954674, 13.82764324,
        4.66447312, 21.75777365,  2.01039657,  3.19996354,  4.0271424 ])}
MPC iter 0 Eval ------- 
Success rate:  0.4
{'success': array([False, False,  True, False, False, False, False,  True,  True,
        True]), 'state_dist': array([27.22228529,  5.67363725,  2.84511257, 10.51954674, 13.82764324,
        4.66447312, 21.75777365,  2.01039657,  3.19996354,  4.0271424 ])}
self.is_success:  [False False  True False False False False  True  True  True]
Success rate:  0.6
{'success': array([False, False,  True,  True, False,  True, False,  True,  True,
        True]), 'state_dist': array([28.50709747,  9.1528823 ,  2.40425672,  1.60148594, 13.48340988,
        2.53491796, 22.36245561,  1.89240808,  2.1366174 ,  1.51543027])}
Success rate:  0.7
{'success': array([False, False,  True,  True,  True,  True, False,  True,  True,
        True]), 'state_dist': array([29.4063505 ,  7.74705297,  1.94741554,  2.32688133,  1.26930528,
        2.0088522 , 21.7231811 ,  2.11684841,  1.89299071,  4.3126152 ])}
Success rate:  0.7
{'success': array([False, False,  True,  True,  True,  True, False,  True,  True,
        True]), 'state_dist': array([29.91652634,  4.88160623,  1.16476398,  1.76590193,  2.62155764,
        2.84338617, 21.94326168,  1.77589922,  2.42952995,  4.32153568])}
MPC iter 1 Eval ------- 
Success rate:  0.7
{'success': array([False, False,  True,  True,  True,  True, False,  True,  True,
        True]), 'state_dist': array([29.91652634,  4.88160623,  2.84511257,  1.76590193,  2.62155764,
        2.84338617, 21.94326168,  2.01039657,  3.19996354,  4.0271424 ])}
self.is_success:  [False False  True  True  True  True False  True  True  True]
Success rate:  0.6
{'success': array([False, False,  True,  True,  True, False, False,  True,  True,
        True]), 'state_dist': array([27.92786931,  6.79155349,  0.71800028,  3.21061437,  3.90650735,
        4.86938604, 21.9141351 ,  1.09056879,  2.14304644,  2.78930174])}
Success rate:  0.6
{'success': array([False, False,  True,  True,  True, False, False,  True,  True,
        True]), 'state_dist': array([28.13106036,  7.80291851,  0.48899829,  3.16506149,  4.2290749 ,
        4.58106418, 21.39481064,  0.86171488,  3.89010543,  2.80662945])}
Success rate:  0.7
{'success': array([False, False,  True,  True,  True,  True, False,  True,  True,
        True]), 'state_dist': array([28.93209143,  8.70644779,  0.67555241,  3.11292963,  2.26476673,
        3.88816975, 21.11585997,  0.96632367,  3.58626091,  3.64489282])}
MPC iter 2 Eval ------- 
Success rate:  0.7
{'success': array([False, False,  True,  True,  True,  True, False,  True,  True,
        True]), 'state_dist': array([28.93209143,  8.70644779,  2.84511257,  1.76590193,  2.62155764,
        2.84338617, 21.11585997,  2.01039657,  3.19996354,  4.0271424 ])}
self.is_success:  [False False  True  True  True  True False  True  True  True]
Success rate:  0.7
{'success': array([False, False,  True,  True,  True,  True, False,  True,  True,
        True]), 'state_dist': array([28.93209143,  8.70644779,  2.84511257,  1.76590193,  2.62155764,
        2.84338617, 21.11585997,  2.01039657,  3.19996354,  4.0271424 ])}
[ok] variant=fp16 budget=bB opt_steps=3 seed=2 success=0.7000
Planning device: mps
Loading wall dataset...
Loaded 1920 rollouts
Using cache found in /Users/suraj/.cache/torch/hub/facebookresearch_dinov2_main
[[102, 33, 1056, 1591, 354, 245, 790, 1323, 142, 1745, 1588, 1473, 38, 1192, 735, 832, 547, 1186, 843, 660, 869, 83, 695, 1629, 179, 1658, 157, 1758, 1747, 250, 312, 1361, 1163, 1798, 275, 1099, 1787, 964, 1066, 609, 1666, 774, 181, 1502, 407, 668, 593, 1623, 1101, 565, 1350, 1572, 1094, 512, 148, 809, 263, 1853, 908, 927, 626, 569, 1730, 757, 1574, 1866, 1107, 1706, 391, 1255, 947, 828, 1720, 1057, 19, 1364, 1575, 1914, 1562, 1909, 534, 973, 538, 1017, 646, 285, 309, 1884, 1059, 552, 697, 1702, 145, 819, 649, 665, 169, 1051, 171, 1529, 1470, 291, 1371, 1240, 1641, 1746, 1443, 1307, 1801, 369, 1365, 525, 167, 1121, 1430, 874, 528, 1459, 1617, 770, 359, 923, 507, 884, 1616, 1314, 1149, 1379, 891, 1442, 1047, 1887, 248, 1767, 1620, 283, 392, 1290, 1650, 242, 1399, 807, 159, 204, 775, 1827, 500, 1352, 700, 1265, 1102, 149, 1440, 1258, 1738, 347, 690, 468, 1726, 1234, 1126, 868, 1501, 621, 585, 1523, 121, 1108, 846, 1167, 1405, 114, 474, 1406, 195, 1144, 586, 384, 1680, 298, 308, 529, 901, 475, 992, 1811, 1655, 914, 1598, 560, 1452, 385, 1032, 1895, 756, 1893, 485, 1293, 1876, 378, 206, 61, 1762, 1335, 1779, 1062, 111, 550, 1357, 284, 1074, 880, 592, 712, 1454, 1660, 1067, 946, 1011, 193, 1838, 1072, 1065, 1267, 1217, 591, 678, 792, 180, 1313, 69, 84, 1603, 1775, 201, 1415, 457, 1359, 400, 1759, 1081, 554, 471, 1841, 446, 1670, 688, 140, 1600, 871, 1093, 460, 1831, 818, 940, 1128, 614, 1000, 987, 1048, 72, 465, 804, 1804, 826, 1006, 1129, 270, 954, 86, 107, 1744, 751, 1143, 1554, 1750, 556, 1692, 664, 943, 907, 1713, 881, 1793, 849, 972, 264, 1431, 1040, 1391, 680, 1864, 724, 1549, 455, 600, 389, 1301, 1262, 1073, 1216, 613, 314, 15, 657, 896, 549, 575, 719, 545, 937, 1585, 165, 1252, 338, 970, 1366, 1247, 1024, 14, 855, 212, 887, 977, 1225, 776, 10, 1903, 1423, 596, 726, 431, 959, 1159, 1033, 1458, 1196, 1526, 317, 1358, 454, 1647, 976, 773, 1786, 1462, 488, 41, 571, 1464, 599, 979, 864, 18, 306, 1299, 797, 332, 1424, 1286, 66, 51, 1230, 1527, 1042, 762, 219, 487, 1026, 1282, 1285, 1503, 1597, 1573, 758, 999, 30, 1215, 1315, 1227, 387, 1867, 1421, 220, 932, 1829, 26, 1822, 290, 1088, 1902, 429, 463, 197, 1156, 1539, 1491, 1027, 1901, 733, 1879, 833, 278, 1251, 1899, 1642, 73, 272, 1019, 1084, 1346, 1803, 845, 568, 286, 76, 956, 1237, 48, 939, 1601, 481, 1187, 176, 1231, 1545, 1664, 1244, 87, 47, 194, 1586, 1316, 1125, 1649, 1077, 995, 1665, 1428, 1219, 1712, 1038, 542, 998, 70, 929, 1648, 476, 886, 1134, 1733, 854, 853, 1283, 1432, 1723, 1269, 281, 1174, 110, 1685, 1868, 777, 1522, 353, 798, 1773, 409, 768, 1273, 1490, 221, 1154, 1499, 71, 1637, 720, 1850, 1198, 1755, 1915, 716, 1900, 1835, 672, 319, 1536, 226, 1472, 1602, 969, 492, 428, 895, 814, 1133, 62, 656, 1722, 1621, 1142, 1087, 524, 1590, 1030, 650, 1451, 1913, 1259, 1917, 544, 377, 862, 1202, 1177, 1274, 1123, 617, 605, 1106, 1855, 422, 1769, 362, 1721, 1329, 1206, 1506, 135, 1320, 217, 120, 1120, 1836, 710, 717, 1799, 1557, 722, 1694, 405, 375, 1034, 260, 1496, 411, 1672, 28, 637, 373, 1808, 134, 1012, 536, 1752, 983, 1135, 1576, 483, 13, 404, 841, 1172, 1041, 1843, 161, 847, 1369, 1910, 1782, 1671, 1376, 1856, 498, 806, 635, 1212, 438, 835, 1849, 1109, 1349, 1043, 2, 466, 610, 1165, 885, 951, 344, 300, 1807, 1908, 287, 1877, 705, 1872, 1581, 985, 328, 708, 730, 350, 307, 146, 840, 1180, 494, 16, 555, 1368, 1780, 779, 1771, 1203, 1754, 744, 863, 1684, 639, 1919, 738, 938, 1053, 618, 91, 1886, 1028, 472, 1050, 138, 131, 89, 416, 991, 1254, 467, 227, 1765, 1634, 1789, 1622, 1205, 1874, 839, 1151, 654, 1182, 815, 470, 670, 150, 718, 352, 1579, 879, 443, 1690, 32, 435, 1383, 501, 882, 1085, 1176, 1382, 1171, 686, 1140, 1105, 800, 1516, 1485, 516, 1475, 1434, 1911, 889, 239, 652, 1535, 1639, 335, 1325, 1784, 765, 663, 1224, 448, 1815, 739, 1812, 1076, 747, 1467, 732, 1654, 1828, 502, 1319, 1425, 1160, 1468, 368, 1732, 1248, 143, 808, 674, 713, 129, 1599, 288, 1005, 1643, 1729, 1918, 1064, 279, 1741, 406, 867, 729, 604, 1220, 750, 304, 936, 215, 1626, 1778, 1031, 1756, 305, 1699, 412, 1387, 1640, 210, 188, 253, 645, 1279, 349, 1898, 262, 1082, 213, 255, 1514, 1375, 576, 698, 986, 1119, 508, 1753, 104, 1296, 1380, 128, 163, 693, 1524, 924, 842, 812, 1348, 199, 1386, 1628, 1435, 1772, 817, 931, 334, 1360, 390, 1413, 1783, 944, 905, 1271, 1132, 1857, 35, 340, 1461, 506, 1150, 1455, 594, 1020, 1178, 1770, 1389, 1276, 1355, 1228, 990, 1480, 1100, 1326, 282, 1321, 852, 200, 1146, 1253, 49, 1682, 1221, 1840, 1525, 1037, 1170, 1800, 648, 1243, 266, 926, 782, 1667, 984, 570, 1289, 1860, 893, 1630, 479, 339, 246, 866, 1631, 211, 684, 60, 125, 1513, 836, 43, 1450, 515, 1256, 244, 1063, 1693, 913, 966, 54, 432, 1869, 254, 1916, 577, 1096, 540, 1075, 1261, 1871, 1587, 381, 634, 205, 269, 489, 1890, 37, 746, 386, 551, 1414, 953, 1403, 709, 622, 1497, 1561, 1324, 158, 624, 426, 1466, 44, 267, 994, 318, 1398, 397, 95, 786, 81, 1332, 837, 289, 865, 965, 67, 1696, 816, 1044, 820, 229, 1400, 1362, 491, 1139, 1873, 1338, 559, 1016, 1021, 1436, 1002, 1797, 40, 224, 1615, 1385, 941, 1308, 978, 794, 231, 834, 1675, 1736, 31, 1181, 562, 831, 1272, 767, 372, 1825, 1669, 760, 380, 1343, 42, 1351, 1337, 1441, 268, 1644, 1015, 52, 1469, 1861, 1481, 22, 1605, 361, 1381, 410, 1333, 975, 1046, 1595, 348, 1768, 366, 1281, 772, 974, 495, 358, 590, 187, 631, 1695, 687, 1328, 572, 588, 1805, 620, 1577, 1449, 1433, 1659, 320, 418, 346, 602, 573, 1709, 1300, 113, 427, 1891, 1341, 236, 1001, 370, 723, 1092, 1560, 379, 662, 79, 850, 1704, 824, 627, 436, 666, 1103, 653, 945, 1370, 1232, 587, 234, 103, 1858, 934, 1420, 123, 1818, 1310, 499, 1739, 1493, 1847, 1553, 740, 124, 1260, 1378, 1842, 1777, 1816, 1543, 749, 608, 1563, 996, 25, 101, 90, 459, 337, 122, 580, 829, 533, 292, 452, 1614, 1183, 1322, 1278, 521, 1136, 1190, 96, 259, 1645, 1008, 1888, 342, 445, 1504, 162, 382, 1894, 784, 1404, 1531, 1312, 444, 1097, 1447, 1280, 872, 168, 50, 1687, 1593, 1610, 98, 1242, 769, 642, 1309, 888, 433, 302, 1263, 1169, 1656, 1295, 243, 921, 1438, 1161, 877, 640, 1541, 24, 703, 980, 1173, 935, 1519, 440, 1512, 1137, 822, 1014, 310, 511, 583, 1518, 458, 274, 109, 856, 522, 11, 462, 1236, 232, 633, 1567, 1241, 989, 1725, 280, 875, 1083, 1833, 324, 1566, 249, 172, 696, 1505, 1010, 1477, 1327, 910, 861, 88, 99, 357, 437, 80, 1292, 764, 175, 395, 1716, 699, 1483, 1717, 673, 623, 1697, 1479, 1060, 1651, 553, 981, 218, 1110, 185, 77, 900, 371, 904, 1390, 21, 1882, 595, 1718, 1476, 152, 420, 918, 192, 1679, 1484, 1863, 787, 567, 851, 441, 530, 517, 1419, 1388, 329, 301, 1330, 876, 478, 1530, 676, 1844, 403, 74, 647, 728, 230, 519, 256, 737, 235, 1796, 182, 858, 504, 1287, 1124, 1229, 294, 625, 894, 759, 1544, 330, 1711, 505, 903, 1055, 1238, 1397, 1686, 136, 1275, 1580, 1584, 59, 1112, 1636, 166, 655, 1520, 1540, 374, 496, 414, 1226, 154, 860, 531, 1465, 1345, 1662, 1284, 669, 1627, 1408, 36, 191, 1748, 7, 1498, 802, 325, 957, 208, 228, 1201, 950, 1318, 155, 948, 133, 920, 442, 225, 611, 1633, 796, 667, 1652, 1304, 1609, 1611, 527, 1427, 1354, 689, 930, 870, 925, 56, 1402, 100, 189, 1068, 1737, 322, 523, 247, 971, 1445, 55, 579, 1374, 1571, 1521, 890, 785, 58, 671, 1608, 1168, 1742, 899, 299, 778, 1542, 761, 566, 46, 1708, 1719, 351, 1392, 651, 1764, 811, 449, 922, 261, 1036, 694, 127, 1114, 707, 1487, 1852, 1802, 873, 174, 1865, 1710, 763, 164, 1632, 345, 539, 1141, 805, 919, 911, 184, 548, 1422, 1625, 1155, 399, 1795, 1845, 1889, 1565, 45, 603, 1444, 1517, 1823, 1246, 477, 64, 1164, 1411, 781, 8, 1635, 1583, 1200, 241, 151, 177, 333, 629, 1453, 293, 1760, 636, 1239, 1115, 727, 273, 1394, 1266, 1184, 1619, 1743, 313, 1904, 982, 1367, 153, 564, 1806, 331, 1862, 1848, 606, 1264, 57, 97, 1774, 1814, 1086, 1029, 393, 1488, 85, 1509, 1550, 725, 1638, 1846, 1342, 1728, 993, 421, 1781, 681, 473, 1604, 364, 1613, 679, 780, 1885, 581, 1130, 116, 823, 355, 736, 75, 398, 557, 1740, 1515, 1596, 1250, 641, 1683, 198, 1363, 589, 1223, 1209, 417, 209, 1810, 9, 535, 1500, 1881, 1208, 909, 0, 702, 1897, 598, 1189, 748, 675, 1691, 1152, 755, 4, 1416, 830, 439, 1222, 1340, 692, 1003, 34, 356, 170, 1761, 1657, 1578, 401, 795, 1507, 997, 644, 1166, 447, 518, 563, 336, 1820, 343, 597, 844, 1058, 497, 311, 1463, 754, 1218, 1191, 1148, 1612, 1022, 1344, 1776, 942, 906, 1409, 1098, 130, 1418, 1830, 190, 1303, 1749, 607, 825, 92, 677, 628, 326, 715, 949, 27, 1537, 1025, 1439, 1277, 396, 1270, 53, 558, 584, 616, 630, 1533, 532, 1113, 612, 1080, 173, 1090, 838, 17, 897, 1306, 1311, 1131, 388, 1118, 1528, 1426, 1257, 1460, 1714, 1407, 144, 1734, 258, 1731, 526, 367, 1834, 126, 1104, 638, 791, 265, 223, 461, 1457, 139, 456, 1905, 1663, 1412, 1568, 1763, 883, 1661, 1678, 493, 1606, 1813, 541, 1757, 276, 296, 1673, 222, 1707, 183, 257, 615, 1478, 742, 376, 810, 661, 365, 156, 1298, 1701, 1653, 202, 1334, 1197, 1482, 106, 323, 1448, 1558, 1179, 1854, 902, 1049, 297, 216, 1268, 277, 1336, 1393, 65, 1456, 1052, 5, 1735, 1495, 1175, 988, 117, 721, 1788, 315, 1819, 1305, 1794, 520, 543, 1214, 917, 731, 1091, 1147, 1070, 68, 892, 1486, 464, 783, 115, 1883, 1372, 752, 383, 1122, 582, 1039, 1213, 574, 1594, 1870, 1111, 1792, 706, 1674, 233, 1607, 691, 1417, 1071, 711, 1538, 252, 741, 1396, 1211, 1429, 1906, 513, 799, 1384, 1138, 1688, 1681, 1045, 961, 743, 1824, 619, 766, 1727, 147, 827, 1117, 1547, 1892, 39, 82, 1546, 963, 178, 658, 1592, 425, 484, 415, 1204, 1331, 1207, 561, 912, 451, 1548, 1494, 1210, 1676, 685, 1291, 793, 632, 1018], [1054, 207, 1715, 1233, 514, 238, 1377, 1677, 878, 1624, 1145, 1009, 469, 962, 1194, 93, 1556, 1851, 1569, 1089, 745, 423, 23, 821, 29, 1401, 789, 1791, 788, 1079, 1347, 503, 1199, 753, 848, 1294, 801, 682, 955, 112, 1188, 402, 1878, 1817, 1288, 1821, 1245, 1302, 1007, 1705, 271, 510, 1510, 327, 1127, 486, 1555, 1004, 1589, 1511, 1700, 1373, 1668, 341, 1489, 1790, 1492, 321, 659, 578, 303, 118, 960, 453, 160, 683, 1832, 434, 701, 928, 480, 1446, 1552, 704, 94, 1317, 1410, 394, 186, 771, 859, 1395, 1646, 1570, 1353, 714, 1297, 360, 1153, 1185, 1766, 1471, 1013, 1356, 1437, 78, 63, 1618, 537, 482, 3, 450, 1339, 490, 857, 251, 898, 916, 546, 1809, 1689, 1078, 1069, 1, 1035, 1534, 1158, 203, 1837, 1095, 1235, 295, 933, 1474, 1559, 240, 105, 419, 1751, 1061, 1896, 1162, 1508, 1195, 237, 509, 1875, 6, 1564, 1698, 1907, 20, 1023, 1157, 1724, 132, 1912, 108, 1839, 734, 413, 316, 1249, 1880, 430, 915, 952, 813, 1532, 1116, 1859, 137, 1703, 141, 1785, 1582, 643, 119, 12, 968, 1193, 408, 214, 601, 967, 803, 1551, 363, 424, 958, 1826, 196]]
Resuming from epoch 65: /Users/suraj/Downloads/outputs/wall_single/checkpoints/model_latest.pth
num_action_repeat: 1
num_proprio_repeat: 1
proprio encoder: ProprioceptiveEmbedding(
  (patch_embed): Conv1d(2, 10, kernel_size=(1,), stride=(1,))
)
action encoder: ProprioceptiveEmbedding(
  (patch_embed): Conv1d(10, 10, kernel_size=(1,), stride=(1,))
)
proprio_dim: 10, after repeat: 10
action_dim: 10, after repeat: 10
emb_dim: 404
Model emb_dim:  404
eval_seed:  [11, 12, 13, 14, 15, 16, 17, 18, 19, 20]
Dumped plan targets to /Users/suraj/Desktop/EAI_DINO/results/wall_transition/transition_run_v2/resume/resume_try1/budget_bB/uniform_int4/budget_bB/seed_1/plan_targets.pkl
Success rate:  0.0
{'success': array([False, False, False, False, False, False, False, False, False,
       False]), 'state_dist': array([23.05193455, 31.31677333, 14.84747955, 41.33187853, 18.84442458,
       31.64754556, 24.26157584, 33.49360147, 28.19206994, 31.89974013])}
Success rate:  0.1
{'success': array([ True, False, False, False, False, False, False, False, False,
       False]), 'state_dist': array([ 4.31711737, 19.37868433, 14.66752072, 34.15582442, 18.30110797,
       23.94383819, 21.12455995, 25.40747261, 26.93579379, 25.42648253])}
Success rate:  0.0
{'success': array([False, False, False, False, False, False, False, False, False,
       False]), 'state_dist': array([ 6.39630367, 14.83827602, 15.34305702, 25.09433305, 18.61024326,
       18.26558855, 20.73745651, 19.62189304, 26.99035413, 22.56033692])}
MPC iter 0 Eval ------- 
Success rate:  0.0
{'success': array([False, False, False, False, False, False, False, False, False,
       False]), 'state_dist': array([ 6.39630367, 14.83827602, 15.34305702, 25.09433305, 18.61024326,
       18.26558855, 20.73745651, 19.62189304, 26.99035413, 22.56033692])}
self.is_success:  [False False False False False False False False False False]
Success rate:  0.0
{'success': array([False, False, False, False, False, False, False, False, False,
       False]), 'state_dist': array([10.52497991,  5.95758558, 14.39423609, 24.95037041, 20.00235953,
       13.70283438, 21.98394166, 19.39442387, 27.92946048,  9.62362441])}
Success rate:  0.2
{'success': array([False, False, False, False, False,  True, False, False, False,
        True]), 'state_dist': array([ 5.7145841 ,  6.25448475, 16.17547571, 24.93734187, 20.94203407,
        3.40048707, 22.52731336, 19.78296467, 27.77855528,  3.06680031])}
Success rate:  0.1
{'success': array([ True, False, False, False, False, False, False, False, False,
       False]), 'state_dist': array([ 4.26072229,  7.64804642, 17.64249863, 25.796429  , 19.40468536,
        7.66139162, 22.02658982,  7.70957055, 27.94036809,  8.09928685])}
MPC iter 1 Eval ------- 
Success rate:  0.1
{'success': array([ True, False, False, False, False, False, False, False, False,
       False]), 'state_dist': array([ 4.26072229,  7.64804642, 17.64249863, 25.796429  , 19.40468536,
        7.66139162, 22.02658982,  7.70957055, 27.94036809,  8.09928685])}
self.is_success:  [ True False False False False False False False False False]
Success rate:  0.2
{'success': array([False,  True, False, False, False,  True, False, False, False,
       False]), 'state_dist': array([ 6.8383335 ,  3.92089509, 16.45595481, 17.75445198, 16.37196356,
        3.88688913, 22.65570413,  5.30976084, 28.26738579,  6.18513271])}
Success rate:  0.1
{'success': array([False, False, False, False, False, False, False,  True, False,
       False]), 'state_dist': array([ 9.29348211,  4.92771719, 16.78544346,  6.80670452, 18.50675763,
       10.41088439, 14.25347691,  4.45507348, 27.01909519, 10.53387506])}
Success rate:  0.1
{'success': array([False, False, False,  True, False, False, False, False, False,
       False]), 'state_dist': array([ 9.75547338,  5.01613419, 23.45121678,  3.78477488, 19.12448368,
       15.94228471,  6.83925323,  4.78144751, 26.06499332, 11.07140425])}
MPC iter 2 Eval ------- 
Success rate:  0.2
{'success': array([ True, False, False,  True, False, False, False, False, False,
       False]), 'state_dist': array([ 4.26072229,  5.01613419, 23.45121678,  3.78477488, 19.12448368,
       15.94228471,  6.83925323,  4.78144751, 26.06499332, 11.07140425])}
self.is_success:  [ True False False  True False False False False False False]
Success rate:  0.2
{'success': array([ True, False, False,  True, False, False, False, False, False,
       False]), 'state_dist': array([ 4.26072229,  5.01613419, 23.45121678,  3.78477488, 19.12448368,
       15.94228471,  6.83925323,  4.78144751, 26.06499332, 11.07140425])}
[ok] variant=uniform_int4 budget=bB opt_steps=3 seed=1 success=0.2000
Planning device: mps
Loading wall dataset...
Loaded 1920 rollouts
Using cache found in /Users/suraj/.cache/torch/hub/facebookresearch_dinov2_main
[[102, 33, 1056, 1591, 354, 245, 790, 1323, 142, 1745, 1588, 1473, 38, 1192, 735, 832, 547, 1186, 843, 660, 869, 83, 695, 1629, 179, 1658, 157, 1758, 1747, 250, 312, 1361, 1163, 1798, 275, 1099, 1787, 964, 1066, 609, 1666, 774, 181, 1502, 407, 668, 593, 1623, 1101, 565, 1350, 1572, 1094, 512, 148, 809, 263, 1853, 908, 927, 626, 569, 1730, 757, 1574, 1866, 1107, 1706, 391, 1255, 947, 828, 1720, 1057, 19, 1364, 1575, 1914, 1562, 1909, 534, 973, 538, 1017, 646, 285, 309, 1884, 1059, 552, 697, 1702, 145, 819, 649, 665, 169, 1051, 171, 1529, 1470, 291, 1371, 1240, 1641, 1746, 1443, 1307, 1801, 369, 1365, 525, 167, 1121, 1430, 874, 528, 1459, 1617, 770, 359, 923, 507, 884, 1616, 1314, 1149, 1379, 891, 1442, 1047, 1887, 248, 1767, 1620, 283, 392, 1290, 1650, 242, 1399, 807, 159, 204, 775, 1827, 500, 1352, 700, 1265, 1102, 149, 1440, 1258, 1738, 347, 690, 468, 1726, 1234, 1126, 868, 1501, 621, 585, 1523, 121, 1108, 846, 1167, 1405, 114, 474, 1406, 195, 1144, 586, 384, 1680, 298, 308, 529, 901, 475, 992, 1811, 1655, 914, 1598, 560, 1452, 385, 1032, 1895, 756, 1893, 485, 1293, 1876, 378, 206, 61, 1762, 1335, 1779, 1062, 111, 550, 1357, 284, 1074, 880, 592, 712, 1454, 1660, 1067, 946, 1011, 193, 1838, 1072, 1065, 1267, 1217, 591, 678, 792, 180, 1313, 69, 84, 1603, 1775, 201, 1415, 457, 1359, 400, 1759, 1081, 554, 471, 1841, 446, 1670, 688, 140, 1600, 871, 1093, 460, 1831, 818, 940, 1128, 614, 1000, 987, 1048, 72, 465, 804, 1804, 826, 1006, 1129, 270, 954, 86, 107, 1744, 751, 1143, 1554, 1750, 556, 1692, 664, 943, 907, 1713, 881, 1793, 849, 972, 264, 1431, 1040, 1391, 680, 1864, 724, 1549, 455, 600, 389, 1301, 1262, 1073, 1216, 613, 314, 15, 657, 896, 549, 575, 719, 545, 937, 1585, 165, 1252, 338, 970, 1366, 1247, 1024, 14, 855, 212, 887, 977, 1225, 776, 10, 1903, 1423, 596, 726, 431, 959, 1159, 1033, 1458, 1196, 1526, 317, 1358, 454, 1647, 976, 773, 1786, 1462, 488, 41, 571, 1464, 599, 979, 864, 18, 306, 1299, 797, 332, 1424, 1286, 66, 51, 1230, 1527, 1042, 762, 219, 487, 1026, 1282, 1285, 1503, 1597, 1573, 758, 999, 30, 1215, 1315, 1227, 387, 1867, 1421, 220, 932, 1829, 26, 1822, 290, 1088, 1902, 429, 463, 197, 1156, 1539, 1491, 1027, 1901, 733, 1879, 833, 278, 1251, 1899, 1642, 73, 272, 1019, 1084, 1346, 1803, 845, 568, 286, 76, 956, 1237, 48, 939, 1601, 481, 1187, 176, 1231, 1545, 1664, 1244, 87, 47, 194, 1586, 1316, 1125, 1649, 1077, 995, 1665, 1428, 1219, 1712, 1038, 542, 998, 70, 929, 1648, 476, 886, 1134, 1733, 854, 853, 1283, 1432, 1723, 1269, 281, 1174, 110, 1685, 1868, 777, 1522, 353, 798, 1773, 409, 768, 1273, 1490, 221, 1154, 1499, 71, 1637, 720, 1850, 1198, 1755, 1915, 716, 1900, 1835, 672, 319, 1536, 226, 1472, 1602, 969, 492, 428, 895, 814, 1133, 62, 656, 1722, 1621, 1142, 1087, 524, 1590, 1030, 650, 1451, 1913, 1259, 1917, 544, 377, 862, 1202, 1177, 1274, 1123, 617, 605, 1106, 1855, 422, 1769, 362, 1721, 1329, 1206, 1506, 135, 1320, 217, 120, 1120, 1836, 710, 717, 1799, 1557, 722, 1694, 405, 375, 1034, 260, 1496, 411, 1672, 28, 637, 373, 1808, 134, 1012, 536, 1752, 983, 1135, 1576, 483, 13, 404, 841, 1172, 1041, 1843, 161, 847, 1369, 1910, 1782, 1671, 1376, 1856, 498, 806, 635, 1212, 438, 835, 1849, 1109, 1349, 1043, 2, 466, 610, 1165, 885, 951, 344, 300, 1807, 1908, 287, 1877, 705, 1872, 1581, 985, 328, 708, 730, 350, 307, 146, 840, 1180, 494, 16, 555, 1368, 1780, 779, 1771, 1203, 1754, 744, 863, 1684, 639, 1919, 738, 938, 1053, 618, 91, 1886, 1028, 472, 1050, 138, 131, 89, 416, 991, 1254, 467, 227, 1765, 1634, 1789, 1622, 1205, 1874, 839, 1151, 654, 1182, 815, 470, 670, 150, 718, 352, 1579, 879, 443, 1690, 32, 435, 1383, 501, 882, 1085, 1176, 1382, 1171, 686, 1140, 1105, 800, 1516, 1485, 516, 1475, 1434, 1911, 889, 239, 652, 1535, 1639, 335, 1325, 1784, 765, 663, 1224, 448, 1815, 739, 1812, 1076, 747, 1467, 732, 1654, 1828, 502, 1319, 1425, 1160, 1468, 368, 1732, 1248, 143, 808, 674, 713, 129, 1599, 288, 1005, 1643, 1729, 1918, 1064, 279, 1741, 406, 867, 729, 604, 1220, 750, 304, 936, 215, 1626, 1778, 1031, 1756, 305, 1699, 412, 1387, 1640, 210, 188, 253, 645, 1279, 349, 1898, 262, 1082, 213, 255, 1514, 1375, 576, 698, 986, 1119, 508, 1753, 104, 1296, 1380, 128, 163, 693, 1524, 924, 842, 812, 1348, 199, 1386, 1628, 1435, 1772, 817, 931, 334, 1360, 390, 1413, 1783, 944, 905, 1271, 1132, 1857, 35, 340, 1461, 506, 1150, 1455, 594, 1020, 1178, 1770, 1389, 1276, 1355, 1228, 990, 1480, 1100, 1326, 282, 1321, 852, 200, 1146, 1253, 49, 1682, 1221, 1840, 1525, 1037, 1170, 1800, 648, 1243, 266, 926, 782, 1667, 984, 570, 1289, 1860, 893, 1630, 479, 339, 246, 866, 1631, 211, 684, 60, 125, 1513, 836, 43, 1450, 515, 1256, 244, 1063, 1693, 913, 966, 54, 432, 1869, 254, 1916, 577, 1096, 540, 1075, 1261, 1871, 1587, 381, 634, 205, 269, 489, 1890, 37, 746, 386, 551, 1414, 953, 1403, 709, 622, 1497, 1561, 1324, 158, 624, 426, 1466, 44, 267, 994, 318, 1398, 397, 95, 786, 81, 1332, 837, 289, 865, 965, 67, 1696, 816, 1044, 820, 229, 1400, 1362, 491, 1139, 1873, 1338, 559, 1016, 1021, 1436, 1002, 1797, 40, 224, 1615, 1385, 941, 1308, 978, 794, 231, 834, 1675, 1736, 31, 1181, 562, 831, 1272, 767, 372, 1825, 1669, 760, 380, 1343, 42, 1351, 1337, 1441, 268, 1644, 1015, 52, 1469, 1861, 1481, 22, 1605, 361, 1381, 410, 1333, 975, 1046, 1595, 348, 1768, 366, 1281, 772, 974, 495, 358, 590, 187, 631, 1695, 687, 1328, 572, 588, 1805, 620, 1577, 1449, 1433, 1659, 320, 418, 346, 602, 573, 1709, 1300, 113, 427, 1891, 1341, 236, 1001, 370, 723, 1092, 1560, 379, 662, 79, 850, 1704, 824, 627, 436, 666, 1103, 653, 945, 1370, 1232, 587, 234, 103, 1858, 934, 1420, 123, 1818, 1310, 499, 1739, 1493, 1847, 1553, 740, 124, 1260, 1378, 1842, 1777, 1816, 1543, 749, 608, 1563, 996, 25, 101, 90, 459, 337, 122, 580, 829, 533, 292, 452, 1614, 1183, 1322, 1278, 521, 1136, 1190, 96, 259, 1645, 1008, 1888, 342, 445, 1504, 162, 382, 1894, 784, 1404, 1531, 1312, 444, 1097, 1447, 1280, 872, 168, 50, 1687, 1593, 1610, 98, 1242, 769, 642, 1309, 888, 433, 302, 1263, 1169, 1656, 1295, 243, 921, 1438, 1161, 877, 640, 1541, 24, 703, 980, 1173, 935, 1519, 440, 1512, 1137, 822, 1014, 310, 511, 583, 1518, 458, 274, 109, 856, 522, 11, 462, 1236, 232, 633, 1567, 1241, 989, 1725, 280, 875, 1083, 1833, 324, 1566, 249, 172, 696, 1505, 1010, 1477, 1327, 910, 861, 88, 99, 357, 437, 80, 1292, 764, 175, 395, 1716, 699, 1483, 1717, 673, 623, 1697, 1479, 1060, 1651, 553, 981, 218, 1110, 185, 77, 900, 371, 904, 1390, 21, 1882, 595, 1718, 1476, 152, 420, 918, 192, 1679, 1484, 1863, 787, 567, 851, 441, 530, 517, 1419, 1388, 329, 301, 1330, 876, 478, 1530, 676, 1844, 403, 74, 647, 728, 230, 519, 256, 737, 235, 1796, 182, 858, 504, 1287, 1124, 1229, 294, 625, 894, 759, 1544, 330, 1711, 505, 903, 1055, 1238, 1397, 1686, 136, 1275, 1580, 1584, 59, 1112, 1636, 166, 655, 1520, 1540, 374, 496, 414, 1226, 154, 860, 531, 1465, 1345, 1662, 1284, 669, 1627, 1408, 36, 191, 1748, 7, 1498, 802, 325, 957, 208, 228, 1201, 950, 1318, 155, 948, 133, 920, 442, 225, 611, 1633, 796, 667, 1652, 1304, 1609, 1611, 527, 1427, 1354, 689, 930, 870, 925, 56, 1402, 100, 189, 1068, 1737, 322, 523, 247, 971, 1445, 55, 579, 1374, 1571, 1521, 890, 785, 58, 671, 1608, 1168, 1742, 899, 299, 778, 1542, 761, 566, 46, 1708, 1719, 351, 1392, 651, 1764, 811, 449, 922, 261, 1036, 694, 127, 1114, 707, 1487, 1852, 1802, 873, 174, 1865, 1710, 763, 164, 1632, 345, 539, 1141, 805, 919, 911, 184, 548, 1422, 1625, 1155, 399, 1795, 1845, 1889, 1565, 45, 603, 1444, 1517, 1823, 1246, 477, 64, 1164, 1411, 781, 8, 1635, 1583, 1200, 241, 151, 177, 333, 629, 1453, 293, 1760, 636, 1239, 1115, 727, 273, 1394, 1266, 1184, 1619, 1743, 313, 1904, 982, 1367, 153, 564, 1806, 331, 1862, 1848, 606, 1264, 57, 97, 1774, 1814, 1086, 1029, 393, 1488, 85, 1509, 1550, 725, 1638, 1846, 1342, 1728, 993, 421, 1781, 681, 473, 1604, 364, 1613, 679, 780, 1885, 581, 1130, 116, 823, 355, 736, 75, 398, 557, 1740, 1515, 1596, 1250, 641, 1683, 198, 1363, 589, 1223, 1209, 417, 209, 1810, 9, 535, 1500, 1881, 1208, 909, 0, 702, 1897, 598, 1189, 748, 675, 1691, 1152, 755, 4, 1416, 830, 439, 1222, 1340, 692, 1003, 34, 356, 170, 1761, 1657, 1578, 401, 795, 1507, 997, 644, 1166, 447, 518, 563, 336, 1820, 343, 597, 844, 1058, 497, 311, 1463, 754, 1218, 1191, 1148, 1612, 1022, 1344, 1776, 942, 906, 1409, 1098, 130, 1418, 1830, 190, 1303, 1749, 607, 825, 92, 677, 628, 326, 715, 949, 27, 1537, 1025, 1439, 1277, 396, 1270, 53, 558, 584, 616, 630, 1533, 532, 1113, 612, 1080, 173, 1090, 838, 17, 897, 1306, 1311, 1131, 388, 1118, 1528, 1426, 1257, 1460, 1714, 1407, 144, 1734, 258, 1731, 526, 367, 1834, 126, 1104, 638, 791, 265, 223, 461, 1457, 139, 456, 1905, 1663, 1412, 1568, 1763, 883, 1661, 1678, 493, 1606, 1813, 541, 1757, 276, 296, 1673, 222, 1707, 183, 257, 615, 1478, 742, 376, 810, 661, 365, 156, 1298, 1701, 1653, 202, 1334, 1197, 1482, 106, 323, 1448, 1558, 1179, 1854, 902, 1049, 297, 216, 1268, 277, 1336, 1393, 65, 1456, 1052, 5, 1735, 1495, 1175, 988, 117, 721, 1788, 315, 1819, 1305, 1794, 520, 543, 1214, 917, 731, 1091, 1147, 1070, 68, 892, 1486, 464, 783, 115, 1883, 1372, 752, 383, 1122, 582, 1039, 1213, 574, 1594, 1870, 1111, 1792, 706, 1674, 233, 1607, 691, 1417, 1071, 711, 1538, 252, 741, 1396, 1211, 1429, 1906, 513, 799, 1384, 1138, 1688, 1681, 1045, 961, 743, 1824, 619, 766, 1727, 147, 827, 1117, 1547, 1892, 39, 82, 1546, 963, 178, 658, 1592, 425, 484, 415, 1204, 1331, 1207, 561, 912, 451, 1548, 1494, 1210, 1676, 685, 1291, 793, 632, 1018], [1054, 207, 1715, 1233, 514, 238, 1377, 1677, 878, 1624, 1145, 1009, 469, 962, 1194, 93, 1556, 1851, 1569, 1089, 745, 423, 23, 821, 29, 1401, 789, 1791, 788, 1079, 1347, 503, 1199, 753, 848, 1294, 801, 682, 955, 112, 1188, 402, 1878, 1817, 1288, 1821, 1245, 1302, 1007, 1705, 271, 510, 1510, 327, 1127, 486, 1555, 1004, 1589, 1511, 1700, 1373, 1668, 341, 1489, 1790, 1492, 321, 659, 578, 303, 118, 960, 453, 160, 683, 1832, 434, 701, 928, 480, 1446, 1552, 704, 94, 1317, 1410, 394, 186, 771, 859, 1395, 1646, 1570, 1353, 714, 1297, 360, 1153, 1185, 1766, 1471, 1013, 1356, 1437, 78, 63, 1618, 537, 482, 3, 450, 1339, 490, 857, 251, 898, 916, 546, 1809, 1689, 1078, 1069, 1, 1035, 1534, 1158, 203, 1837, 1095, 1235, 295, 933, 1474, 1559, 240, 105, 419, 1751, 1061, 1896, 1162, 1508, 1195, 237, 509, 1875, 6, 1564, 1698, 1907, 20, 1023, 1157, 1724, 132, 1912, 108, 1839, 734, 413, 316, 1249, 1880, 430, 915, 952, 813, 1532, 1116, 1859, 137, 1703, 141, 1785, 1582, 643, 119, 12, 968, 1193, 408, 214, 601, 967, 803, 1551, 363, 424, 958, 1826, 196]]
Resuming from epoch 65: /Users/suraj/Downloads/outputs/wall_single/checkpoints/model_latest.pth
num_action_repeat: 1
num_proprio_repeat: 1
proprio encoder: ProprioceptiveEmbedding(
  (patch_embed): Conv1d(2, 10, kernel_size=(1,), stride=(1,))
)
action encoder: ProprioceptiveEmbedding(
  (patch_embed): Conv1d(10, 10, kernel_size=(1,), stride=(1,))
)
proprio_dim: 10, after repeat: 10
action_dim: 10, after repeat: 10
emb_dim: 404
Model emb_dim:  404
eval_seed:  [21, 22, 23, 24, 25, 26, 27, 28, 29, 30]
Dumped plan targets to /Users/suraj/Desktop/EAI_DINO/results/wall_transition/transition_run_v2/resume/resume_try1/budget_bB/uniform_int4/budget_bB/seed_2/plan_targets.pkl
Success rate:  0.0
{'success': array([False, False, False, False, False, False, False, False, False,
       False]), 'state_dist': array([37.82628464, 32.45687204, 32.1919186 , 48.35850966, 13.38987124,
       20.79929461, 19.97284712, 24.88405601, 33.66960473, 21.77600775])}
Success rate:  0.0
{'success': array([False, False, False, False, False, False, False, False, False,
       False]), 'state_dist': array([30.85671478, 24.33644435, 22.46047442, 51.81914224, 13.30902845,
       19.58006549, 20.3057807 , 28.10985661, 28.69780849, 19.47485193])}
Success rate:  0.0
{'success': array([False, False, False, False, False, False, False, False, False,
       False]), 'state_dist': array([28.91432172, 25.63406149, 18.74173996, 53.54948323, 14.25566458,
       20.29464377, 20.51270917, 28.49529384, 29.3116702 , 17.4104823 ])}
MPC iter 0 Eval ------- 
Success rate:  0.0
{'success': array([False, False, False, False, False, False, False, False, False,
       False]), 'state_dist': array([28.91432172, 25.63406149, 18.74173996, 53.54948323, 14.25566458,
       20.29464377, 20.51270917, 28.49529384, 29.3116702 , 17.4104823 ])}
self.is_success:  [False False False False False False False False False False]
Success rate:  0.0
{'success': array([False, False, False, False, False, False, False, False, False,
       False]), 'state_dist': array([27.96369943, 29.67461344, 19.2461219 , 53.93089297,  9.2586497 ,
       12.57993343, 21.10568022, 27.83435416, 22.77828436, 15.37337215])}
Success rate:  0.1
{'success': array([False, False, False, False,  True, False, False, False, False,
       False]), 'state_dist': array([27.7349375 , 30.17184438, 20.03056844, 53.16071478,  3.96056136,
       11.03049187, 27.90584403, 26.91952665, 14.53514993, 11.21286853])}
Success rate:  0.1
{'success': array([False, False, False, False,  True, False, False, False, False,
       False]), 'state_dist': array([26.91120825, 30.14197815, 20.41926883, 49.41432634,  2.65904166,
        8.22606723, 28.08096898, 26.11932994,  6.28362043, 10.15947183])}
MPC iter 1 Eval ------- 
Success rate:  0.1
{'success': array([False, False, False, False,  True, False, False, False, False,
       False]), 'state_dist': array([26.91120825, 30.14197815, 20.41926883, 49.41432634,  2.65904166,
        8.22606723, 28.08096898, 26.11932994,  6.28362043, 10.15947183])}
self.is_success:  [False False False False  True False False False False False]
Success rate:  0.1
{'success': array([False, False, False, False, False,  True, False, False, False,
       False]), 'state_dist': array([27.41330692, 25.393518  , 20.2564223 , 50.93963917,  8.09238767,
        4.45711941, 28.90146171, 29.39646553,  5.51365547, 11.51423587])}
Success rate:  0.1
{'success': array([False, False, False, False, False,  True, False, False, False,
       False]), 'state_dist': array([27.16211431, 24.37176942, 21.18899115, 49.54784952,  8.74099865,
        2.12785434, 24.26810223, 29.41623253,  6.86584506,  8.17605645])}
Success rate:  0.1
{'success': array([False, False, False, False, False,  True, False, False, False,
       False]), 'state_dist': array([26.85470785, 24.73835912, 21.82159738, 50.15005454,  6.50323827,
        2.79391673, 19.97925544, 29.58029141,  7.91181493,  7.84675508])}
MPC iter 2 Eval ------- 
Success rate:  0.2
{'success': array([False, False, False, False,  True,  True, False, False, False,
       False]), 'state_dist': array([26.85470785, 24.73835912, 21.82159738, 50.15005454,  2.65904166,
        2.79391673, 19.97925544, 29.58029141,  7.91181493,  7.84675508])}
self.is_success:  [False False False False  True  True False False False False]
Success rate:  0.2
{'success': array([False, False, False, False,  True,  True, False, False, False,
       False]), 'state_dist': array([26.85470785, 24.73835912, 21.82159738, 50.15005454,  2.65904166,
        2.79391673, 19.97925544, 29.58029141,  7.91181493,  7.84675508])}
[ok] variant=uniform_int4 budget=bB opt_steps=3 seed=2 success=0.2000
Planning device: mps
Loading wall dataset...
Loaded 1920 rollouts
Using cache found in /Users/suraj/.cache/torch/hub/facebookresearch_dinov2_main
[[102, 33, 1056, 1591, 354, 245, 790, 1323, 142, 1745, 1588, 1473, 38, 1192, 735, 832, 547, 1186, 843, 660, 869, 83, 695, 1629, 179, 1658, 157, 1758, 1747, 250, 312, 1361, 1163, 1798, 275, 1099, 1787, 964, 1066, 609, 1666, 774, 181, 1502, 407, 668, 593, 1623, 1101, 565, 1350, 1572, 1094, 512, 148, 809, 263, 1853, 908, 927, 626, 569, 1730, 757, 1574, 1866, 1107, 1706, 391, 1255, 947, 828, 1720, 1057, 19, 1364, 1575, 1914, 1562, 1909, 534, 973, 538, 1017, 646, 285, 309, 1884, 1059, 552, 697, 1702, 145, 819, 649, 665, 169, 1051, 171, 1529, 1470, 291, 1371, 1240, 1641, 1746, 1443, 1307, 1801, 369, 1365, 525, 167, 1121, 1430, 874, 528, 1459, 1617, 770, 359, 923, 507, 884, 1616, 1314, 1149, 1379, 891, 1442, 1047, 1887, 248, 1767, 1620, 283, 392, 1290, 1650, 242, 1399, 807, 159, 204, 775, 1827, 500, 1352, 700, 1265, 1102, 149, 1440, 1258, 1738, 347, 690, 468, 1726, 1234, 1126, 868, 1501, 621, 585, 1523, 121, 1108, 846, 1167, 1405, 114, 474, 1406, 195, 1144, 586, 384, 1680, 298, 308, 529, 901, 475, 992, 1811, 1655, 914, 1598, 560, 1452, 385, 1032, 1895, 756, 1893, 485, 1293, 1876, 378, 206, 61, 1762, 1335, 1779, 1062, 111, 550, 1357, 284, 1074, 880, 592, 712, 1454, 1660, 1067, 946, 1011, 193, 1838, 1072, 1065, 1267, 1217, 591, 678, 792, 180, 1313, 69, 84, 1603, 1775, 201, 1415, 457, 1359, 400, 1759, 1081, 554, 471, 1841, 446, 1670, 688, 140, 1600, 871, 1093, 460, 1831, 818, 940, 1128, 614, 1000, 987, 1048, 72, 465, 804, 1804, 826, 1006, 1129, 270, 954, 86, 107, 1744, 751, 1143, 1554, 1750, 556, 1692, 664, 943, 907, 1713, 881, 1793, 849, 972, 264, 1431, 1040, 1391, 680, 1864, 724, 1549, 455, 600, 389, 1301, 1262, 1073, 1216, 613, 314, 15, 657, 896, 549, 575, 719, 545, 937, 1585, 165, 1252, 338, 970, 1366, 1247, 1024, 14, 855, 212, 887, 977, 1225, 776, 10, 1903, 1423, 596, 726, 431, 959, 1159, 1033, 1458, 1196, 1526, 317, 1358, 454, 1647, 976, 773, 1786, 1462, 488, 41, 571, 1464, 599, 979, 864, 18, 306, 1299, 797, 332, 1424, 1286, 66, 51, 1230, 1527, 1042, 762, 219, 487, 1026, 1282, 1285, 1503, 1597, 1573, 758, 999, 30, 1215, 1315, 1227, 387, 1867, 1421, 220, 932, 1829, 26, 1822, 290, 1088, 1902, 429, 463, 197, 1156, 1539, 1491, 1027, 1901, 733, 1879, 833, 278, 1251, 1899, 1642, 73, 272, 1019, 1084, 1346, 1803, 845, 568, 286, 76, 956, 1237, 48, 939, 1601, 481, 1187, 176, 1231, 1545, 1664, 1244, 87, 47, 194, 1586, 1316, 1125, 1649, 1077, 995, 1665, 1428, 1219, 1712, 1038, 542, 998, 70, 929, 1648, 476, 886, 1134, 1733, 854, 853, 1283, 1432, 1723, 1269, 281, 1174, 110, 1685, 1868, 777, 1522, 353, 798, 1773, 409, 768, 1273, 1490, 221, 1154, 1499, 71, 1637, 720, 1850, 1198, 1755, 1915, 716, 1900, 1835, 672, 319, 1536, 226, 1472, 1602, 969, 492, 428, 895, 814, 1133, 62, 656, 1722, 1621, 1142, 1087, 524, 1590, 1030, 650, 1451, 1913, 1259, 1917, 544, 377, 862, 1202, 1177, 1274, 1123, 617, 605, 1106, 1855, 422, 1769, 362, 1721, 1329, 1206, 1506, 135, 1320, 217, 120, 1120, 1836, 710, 717, 1799, 1557, 722, 1694, 405, 375, 1034, 260, 1496, 411, 1672, 28, 637, 373, 1808, 134, 1012, 536, 1752, 983, 1135, 1576, 483, 13, 404, 841, 1172, 1041, 1843, 161, 847, 1369, 1910, 1782, 1671, 1376, 1856, 498, 806, 635, 1212, 438, 835, 1849, 1109, 1349, 1043, 2, 466, 610, 1165, 885, 951, 344, 300, 1807, 1908, 287, 1877, 705, 1872, 1581, 985, 328, 708, 730, 350, 307, 146, 840, 1180, 494, 16, 555, 1368, 1780, 779, 1771, 1203, 1754, 744, 863, 1684, 639, 1919, 738, 938, 1053, 618, 91, 1886, 1028, 472, 1050, 138, 131, 89, 416, 991, 1254, 467, 227, 1765, 1634, 1789, 1622, 1205, 1874, 839, 1151, 654, 1182, 815, 470, 670, 150, 718, 352, 1579, 879, 443, 1690, 32, 435, 1383, 501, 882, 1085, 1176, 1382, 1171, 686, 1140, 1105, 800, 1516, 1485, 516, 1475, 1434, 1911, 889, 239, 652, 1535, 1639, 335, 1325, 1784, 765, 663, 1224, 448, 1815, 739, 1812, 1076, 747, 1467, 732, 1654, 1828, 502, 1319, 1425, 1160, 1468, 368, 1732, 1248, 143, 808, 674, 713, 129, 1599, 288, 1005, 1643, 1729, 1918, 1064, 279, 1741, 406, 867, 729, 604, 1220, 750, 304, 936, 215, 1626, 1778, 1031, 1756, 305, 1699, 412, 1387, 1640, 210, 188, 253, 645, 1279, 349, 1898, 262, 1082, 213, 255, 1514, 1375, 576, 698, 986, 1119, 508, 1753, 104, 1296, 1380, 128, 163, 693, 1524, 924, 842, 812, 1348, 199, 1386, 1628, 1435, 1772, 817, 931, 334, 1360, 390, 1413, 1783, 944, 905, 1271, 1132, 1857, 35, 340, 1461, 506, 1150, 1455, 594, 1020, 1178, 1770, 1389, 1276, 1355, 1228, 990, 1480, 1100, 1326, 282, 1321, 852, 200, 1146, 1253, 49, 1682, 1221, 1840, 1525, 1037, 1170, 1800, 648, 1243, 266, 926, 782, 1667, 984, 570, 1289, 1860, 893, 1630, 479, 339, 246, 866, 1631, 211, 684, 60, 125, 1513, 836, 43, 1450, 515, 1256, 244, 1063, 1693, 913, 966, 54, 432, 1869, 254, 1916, 577, 1096, 540, 1075, 1261, 1871, 1587, 381, 634, 205, 269, 489, 1890, 37, 746, 386, 551, 1414, 953, 1403, 709, 622, 1497, 1561, 1324, 158, 624, 426, 1466, 44, 267, 994, 318, 1398, 397, 95, 786, 81, 1332, 837, 289, 865, 965, 67, 1696, 816, 1044, 820, 229, 1400, 1362, 491, 1139, 1873, 1338, 559, 1016, 1021, 1436, 1002, 1797, 40, 224, 1615, 1385, 941, 1308, 978, 794, 231, 834, 1675, 1736, 31, 1181, 562, 831, 1272, 767, 372, 1825, 1669, 760, 380, 1343, 42, 1351, 1337, 1441, 268, 1644, 1015, 52, 1469, 1861, 1481, 22, 1605, 361, 1381, 410, 1333, 975, 1046, 1595, 348, 1768, 366, 1281, 772, 974, 495, 358, 590, 187, 631, 1695, 687, 1328, 572, 588, 1805, 620, 1577, 1449, 1433, 1659, 320, 418, 346, 602, 573, 1709, 1300, 113, 427, 1891, 1341, 236, 1001, 370, 723, 1092, 1560, 379, 662, 79, 850, 1704, 824, 627, 436, 666, 1103, 653, 945, 1370, 1232, 587, 234, 103, 1858, 934, 1420, 123, 1818, 1310, 499, 1739, 1493, 1847, 1553, 740, 124, 1260, 1378, 1842, 1777, 1816, 1543, 749, 608, 1563, 996, 25, 101, 90, 459, 337, 122, 580, 829, 533, 292, 452, 1614, 1183, 1322, 1278, 521, 1136, 1190, 96, 259, 1645, 1008, 1888, 342, 445, 1504, 162, 382, 1894, 784, 1404, 1531, 1312, 444, 1097, 1447, 1280, 872, 168, 50, 1687, 1593, 1610, 98, 1242, 769, 642, 1309, 888, 433, 302, 1263, 1169, 1656, 1295, 243, 921, 1438, 1161, 877, 640, 1541, 24, 703, 980, 1173, 935, 1519, 440, 1512, 1137, 822, 1014, 310, 511, 583, 1518, 458, 274, 109, 856, 522, 11, 462, 1236, 232, 633, 1567, 1241, 989, 1725, 280, 875, 1083, 1833, 324, 1566, 249, 172, 696, 1505, 1010, 1477, 1327, 910, 861, 88, 99, 357, 437, 80, 1292, 764, 175, 395, 1716, 699, 1483, 1717, 673, 623, 1697, 1479, 1060, 1651, 553, 981, 218, 1110, 185, 77, 900, 371, 904, 1390, 21, 1882, 595, 1718, 1476, 152, 420, 918, 192, 1679, 1484, 1863, 787, 567, 851, 441, 530, 517, 1419, 1388, 329, 301, 1330, 876, 478, 1530, 676, 1844, 403, 74, 647, 728, 230, 519, 256, 737, 235, 1796, 182, 858, 504, 1287, 1124, 1229, 294, 625, 894, 759, 1544, 330, 1711, 505, 903, 1055, 1238, 1397, 1686, 136, 1275, 1580, 1584, 59, 1112, 1636, 166, 655, 1520, 1540, 374, 496, 414, 1226, 154, 860, 531, 1465, 1345, 1662, 1284, 669, 1627, 1408, 36, 191, 1748, 7, 1498, 802, 325, 957, 208, 228, 1201, 950, 1318, 155, 948, 133, 920, 442, 225, 611, 1633, 796, 667, 1652, 1304, 1609, 1611, 527, 1427, 1354, 689, 930, 870, 925, 56, 1402, 100, 189, 1068, 1737, 322, 523, 247, 971, 1445, 55, 579, 1374, 1571, 1521, 890, 785, 58, 671, 1608, 1168, 1742, 899, 299, 778, 1542, 761, 566, 46, 1708, 1719, 351, 1392, 651, 1764, 811, 449, 922, 261, 1036, 694, 127, 1114, 707, 1487, 1852, 1802, 873, 174, 1865, 1710, 763, 164, 1632, 345, 539, 1141, 805, 919, 911, 184, 548, 1422, 1625, 1155, 399, 1795, 1845, 1889, 1565, 45, 603, 1444, 1517, 1823, 1246, 477, 64, 1164, 1411, 781, 8, 1635, 1583, 1200, 241, 151, 177, 333, 629, 1453, 293, 1760, 636, 1239, 1115, 727, 273, 1394, 1266, 1184, 1619, 1743, 313, 1904, 982, 1367, 153, 564, 1806, 331, 1862, 1848, 606, 1264, 57, 97, 1774, 1814, 1086, 1029, 393, 1488, 85, 1509, 1550, 725, 1638, 1846, 1342, 1728, 993, 421, 1781, 681, 473, 1604, 364, 1613, 679, 780, 1885, 581, 1130, 116, 823, 355, 736, 75, 398, 557, 1740, 1515, 1596, 1250, 641, 1683, 198, 1363, 589, 1223, 1209, 417, 209, 1810, 9, 535, 1500, 1881, 1208, 909, 0, 702, 1897, 598, 1189, 748, 675, 1691, 1152, 755, 4, 1416, 830, 439, 1222, 1340, 692, 1003, 34, 356, 170, 1761, 1657, 1578, 401, 795, 1507, 997, 644, 1166, 447, 518, 563, 336, 1820, 343, 597, 844, 1058, 497, 311, 1463, 754, 1218, 1191, 1148, 1612, 1022, 1344, 1776, 942, 906, 1409, 1098, 130, 1418, 1830, 190, 1303, 1749, 607, 825, 92, 677, 628, 326, 715, 949, 27, 1537, 1025, 1439, 1277, 396, 1270, 53, 558, 584, 616, 630, 1533, 532, 1113, 612, 1080, 173, 1090, 838, 17, 897, 1306, 1311, 1131, 388, 1118, 1528, 1426, 1257, 1460, 1714, 1407, 144, 1734, 258, 1731, 526, 367, 1834, 126, 1104, 638, 791, 265, 223, 461, 1457, 139, 456, 1905, 1663, 1412, 1568, 1763, 883, 1661, 1678, 493, 1606, 1813, 541, 1757, 276, 296, 1673, 222, 1707, 183, 257, 615, 1478, 742, 376, 810, 661, 365, 156, 1298, 1701, 1653, 202, 1334, 1197, 1482, 106, 323, 1448, 1558, 1179, 1854, 902, 1049, 297, 216, 1268, 277, 1336, 1393, 65, 1456, 1052, 5, 1735, 1495, 1175, 988, 117, 721, 1788, 315, 1819, 1305, 1794, 520, 543, 1214, 917, 731, 1091, 1147, 1070, 68, 892, 1486, 464, 783, 115, 1883, 1372, 752, 383, 1122, 582, 1039, 1213, 574, 1594, 1870, 1111, 1792, 706, 1674, 233, 1607, 691, 1417, 1071, 711, 1538, 252, 741, 1396, 1211, 1429, 1906, 513, 799, 1384, 1138, 1688, 1681, 1045, 961, 743, 1824, 619, 766, 1727, 147, 827, 1117, 1547, 1892, 39, 82, 1546, 963, 178, 658, 1592, 425, 484, 415, 1204, 1331, 1207, 561, 912, 451, 1548, 1494, 1210, 1676, 685, 1291, 793, 632, 1018], [1054, 207, 1715, 1233, 514, 238, 1377, 1677, 878, 1624, 1145, 1009, 469, 962, 1194, 93, 1556, 1851, 1569, 1089, 745, 423, 23, 821, 29, 1401, 789, 1791, 788, 1079, 1347, 503, 1199, 753, 848, 1294, 801, 682, 955, 112, 1188, 402, 1878, 1817, 1288, 1821, 1245, 1302, 1007, 1705, 271, 510, 1510, 327, 1127, 486, 1555, 1004, 1589, 1511, 1700, 1373, 1668, 341, 1489, 1790, 1492, 321, 659, 578, 303, 118, 960, 453, 160, 683, 1832, 434, 701, 928, 480, 1446, 1552, 704, 94, 1317, 1410, 394, 186, 771, 859, 1395, 1646, 1570, 1353, 714, 1297, 360, 1153, 1185, 1766, 1471, 1013, 1356, 1437, 78, 63, 1618, 537, 482, 3, 450, 1339, 490, 857, 251, 898, 916, 546, 1809, 1689, 1078, 1069, 1, 1035, 1534, 1158, 203, 1837, 1095, 1235, 295, 933, 1474, 1559, 240, 105, 419, 1751, 1061, 1896, 1162, 1508, 1195, 237, 509, 1875, 6, 1564, 1698, 1907, 20, 1023, 1157, 1724, 132, 1912, 108, 1839, 734, 413, 316, 1249, 1880, 430, 915, 952, 813, 1532, 1116, 1859, 137, 1703, 141, 1785, 1582, 643, 119, 12, 968, 1193, 408, 214, 601, 967, 803, 1551, 363, 424, 958, 1826, 196]]
Resuming from epoch 65: /Users/suraj/Downloads/outputs/wall_single/checkpoints/model_latest.pth
num_action_repeat: 1
num_proprio_repeat: 1
proprio encoder: ProprioceptiveEmbedding(
  (patch_embed): Conv1d(2, 10, kernel_size=(1,), stride=(1,))
)
action encoder: ProprioceptiveEmbedding(
  (patch_embed): Conv1d(10, 10, kernel_size=(1,), stride=(1,))
)
proprio_dim: 10, after repeat: 10
action_dim: 10, after repeat: 10
emb_dim: 404
Model emb_dim:  404
eval_seed:  [11, 12, 13, 14, 15, 16, 17, 18, 19, 20]
Dumped plan targets to /Users/suraj/Desktop/EAI_DINO/results/wall_transition/transition_run_v2/resume/resume_try1/budget_bB/mixed_int4/budget_bB/seed_1/plan_targets.pkl
Success rate:  0.0
{'success': array([False, False, False, False, False, False, False, False, False,
       False]), 'state_dist': array([16.43994218, 30.93986021, 14.86543665, 38.31049655, 17.7170558 ,
       43.01280074, 21.49037611, 31.59898321, 26.30079559, 21.46903323])}
Success rate:  0.0
{'success': array([False, False, False, False, False, False, False, False, False,
       False]), 'state_dist': array([23.99490422, 21.59132354, 15.00661208, 28.69067695, 15.79018011,
       48.90358185, 24.64486488, 13.9419123 , 25.96114043, 20.85410035])}
Success rate:  0.1
{'success': array([False, False, False, False, False, False, False,  True, False,
       False]), 'state_dist': array([ 9.55207684, 24.40790642, 15.00661208, 19.77356255, 14.47006319,
       52.88561793, 22.69009343,  4.29804968, 26.66816848, 19.17640304])}
MPC iter 0 Eval ------- 
Success rate:  0.1
{'success': array([False, False, False, False, False, False, False,  True, False,
       False]), 'state_dist': array([ 9.55207684, 24.40790642, 15.00661208, 19.77356255, 14.47006319,
       52.88561793, 22.69009343,  4.29804968, 26.66816848, 19.17640304])}
self.is_success:  [False False False False False False False  True False False]
Success rate:  0.2
{'success': array([ True, False, False, False, False, False, False,  True, False,
       False]), 'state_dist': array([ 3.3570054 , 14.1739305 , 14.42081705,  6.04536871,  9.61144492,
       40.93314064,  8.82259311,  1.6046754 , 25.96581159, 18.05688345])}
Success rate:  0.3
{'success': array([False,  True, False,  True, False, False, False,  True, False,
       False]), 'state_dist': array([ 5.05340164,  3.19704438, 14.75404815,  1.18390247, 10.92210643,
       34.13972491,  4.95332946,  2.96547069, 31.01909185, 17.10609476])}
Success rate:  0.3
{'success': array([False, False, False,  True, False, False,  True,  True, False,
       False]), 'state_dist': array([ 5.40984555,  7.2779665 , 14.23440264,  2.15759996, 19.03609064,
       29.97416307,  3.904914  ,  2.84702295, 39.76674753, 18.10356063])}
MPC iter 1 Eval ------- 
Success rate:  0.3
{'success': array([False, False, False,  True, False, False,  True,  True, False,
       False]), 'state_dist': array([ 5.40984555,  7.2779665 , 14.23440264,  2.15759996, 19.03609064,
       29.97416307,  3.904914  ,  4.29804968, 39.76674753, 18.10356063])}
self.is_success:  [False False False  True False False  True  True False False]
Success rate:  0.3
{'success': array([False, False, False,  True, False, False,  True,  True, False,
       False]), 'state_dist': array([ 6.61381395,  5.27514184, 13.9261106 ,  1.76677174,  7.07840687,
       24.17780883,  3.80864532,  3.08050239, 42.88800482, 18.37991025])}
Success rate:  0.3
{'success': array([False, False, False, False,  True, False,  True,  True, False,
       False]), 'state_dist': array([ 6.73061423,  4.77361167, 14.22334757,  4.76237523,  4.25593173,
       25.6572769 ,  3.44136143,  2.34828876, 43.92198046, 18.61778032])}
Success rate:  0.4
{'success': array([False,  True, False,  True, False, False,  True,  True, False,
       False]), 'state_dist': array([ 6.83944898,  2.80045737, 14.30098765,  4.40054123,  8.1680792 ,
       25.5155429 ,  0.56728507,  1.57614114, 40.80096548, 17.3865538 ])}
MPC iter 2 Eval ------- 
Success rate:  0.4
{'success': array([False,  True, False,  True, False, False,  True,  True, False,
       False]), 'state_dist': array([ 6.83944898,  2.80045737, 14.30098765,  2.15759996,  8.1680792 ,
       25.5155429 ,  3.904914  ,  4.29804968, 40.80096548, 17.3865538 ])}
self.is_success:  [False  True False  True False False  True  True False False]
Success rate:  0.4
{'success': array([False,  True, False,  True, False, False,  True,  True, False,
       False]), 'state_dist': array([ 6.83944898,  2.80045737, 14.30098765,  2.15759996,  8.1680792 ,
       25.5155429 ,  3.904914  ,  4.29804968, 40.80096548, 17.3865538 ])}
[ok] variant=mixed_int4 budget=bB opt_steps=3 seed=1 success=0.4000
Planning device: mps
Loading wall dataset...
Loaded 1920 rollouts
Using cache found in /Users/suraj/.cache/torch/hub/facebookresearch_dinov2_main
[[102, 33, 1056, 1591, 354, 245, 790, 1323, 142, 1745, 1588, 1473, 38, 1192, 735, 832, 547, 1186, 843, 660, 869, 83, 695, 1629, 179, 1658, 157, 1758, 1747, 250, 312, 1361, 1163, 1798, 275, 1099, 1787, 964, 1066, 609, 1666, 774, 181, 1502, 407, 668, 593, 1623, 1101, 565, 1350, 1572, 1094, 512, 148, 809, 263, 1853, 908, 927, 626, 569, 1730, 757, 1574, 1866, 1107, 1706, 391, 1255, 947, 828, 1720, 1057, 19, 1364, 1575, 1914, 1562, 1909, 534, 973, 538, 1017, 646, 285, 309, 1884, 1059, 552, 697, 1702, 145, 819, 649, 665, 169, 1051, 171, 1529, 1470, 291, 1371, 1240, 1641, 1746, 1443, 1307, 1801, 369, 1365, 525, 167, 1121, 1430, 874, 528, 1459, 1617, 770, 359, 923, 507, 884, 1616, 1314, 1149, 1379, 891, 1442, 1047, 1887, 248, 1767, 1620, 283, 392, 1290, 1650, 242, 1399, 807, 159, 204, 775, 1827, 500, 1352, 700, 1265, 1102, 149, 1440, 1258, 1738, 347, 690, 468, 1726, 1234, 1126, 868, 1501, 621, 585, 1523, 121, 1108, 846, 1167, 1405, 114, 474, 1406, 195, 1144, 586, 384, 1680, 298, 308, 529, 901, 475, 992, 1811, 1655, 914, 1598, 560, 1452, 385, 1032, 1895, 756, 1893, 485, 1293, 1876, 378, 206, 61, 1762, 1335, 1779, 1062, 111, 550, 1357, 284, 1074, 880, 592, 712, 1454, 1660, 1067, 946, 1011, 193, 1838, 1072, 1065, 1267, 1217, 591, 678, 792, 180, 1313, 69, 84, 1603, 1775, 201, 1415, 457, 1359, 400, 1759, 1081, 554, 471, 1841, 446, 1670, 688, 140, 1600, 871, 1093, 460, 1831, 818, 940, 1128, 614, 1000, 987, 1048, 72, 465, 804, 1804, 826, 1006, 1129, 270, 954, 86, 107, 1744, 751, 1143, 1554, 1750, 556, 1692, 664, 943, 907, 1713, 881, 1793, 849, 972, 264, 1431, 1040, 1391, 680, 1864, 724, 1549, 455, 600, 389, 1301, 1262, 1073, 1216, 613, 314, 15, 657, 896, 549, 575, 719, 545, 937, 1585, 165, 1252, 338, 970, 1366, 1247, 1024, 14, 855, 212, 887, 977, 1225, 776, 10, 1903, 1423, 596, 726, 431, 959, 1159, 1033, 1458, 1196, 1526, 317, 1358, 454, 1647, 976, 773, 1786, 1462, 488, 41, 571, 1464, 599, 979, 864, 18, 306, 1299, 797, 332, 1424, 1286, 66, 51, 1230, 1527, 1042, 762, 219, 487, 1026, 1282, 1285, 1503, 1597, 1573, 758, 999, 30, 1215, 1315, 1227, 387, 1867, 1421, 220, 932, 1829, 26, 1822, 290, 1088, 1902, 429, 463, 197, 1156, 1539, 1491, 1027, 1901, 733, 1879, 833, 278, 1251, 1899, 1642, 73, 272, 1019, 1084, 1346, 1803, 845, 568, 286, 76, 956, 1237, 48, 939, 1601, 481, 1187, 176, 1231, 1545, 1664, 1244, 87, 47, 194, 1586, 1316, 1125, 1649, 1077, 995, 1665, 1428, 1219, 1712, 1038, 542, 998, 70, 929, 1648, 476, 886, 1134, 1733, 854, 853, 1283, 1432, 1723, 1269, 281, 1174, 110, 1685, 1868, 777, 1522, 353, 798, 1773, 409, 768, 1273, 1490, 221, 1154, 1499, 71, 1637, 720, 1850, 1198, 1755, 1915, 716, 1900, 1835, 672, 319, 1536, 226, 1472, 1602, 969, 492, 428, 895, 814, 1133, 62, 656, 1722, 1621, 1142, 1087, 524, 1590, 1030, 650, 1451, 1913, 1259, 1917, 544, 377, 862, 1202, 1177, 1274, 1123, 617, 605, 1106, 1855, 422, 1769, 362, 1721, 1329, 1206, 1506, 135, 1320, 217, 120, 1120, 1836, 710, 717, 1799, 1557, 722, 1694, 405, 375, 1034, 260, 1496, 411, 1672, 28, 637, 373, 1808, 134, 1012, 536, 1752, 983, 1135, 1576, 483, 13, 404, 841, 1172, 1041, 1843, 161, 847, 1369, 1910, 1782, 1671, 1376, 1856, 498, 806, 635, 1212, 438, 835, 1849, 1109, 1349, 1043, 2, 466, 610, 1165, 885, 951, 344, 300, 1807, 1908, 287, 1877, 705, 1872, 1581, 985, 328, 708, 730, 350, 307, 146, 840, 1180, 494, 16, 555, 1368, 1780, 779, 1771, 1203, 1754, 744, 863, 1684, 639, 1919, 738, 938, 1053, 618, 91, 1886, 1028, 472, 1050, 138, 131, 89, 416, 991, 1254, 467, 227, 1765, 1634, 1789, 1622, 1205, 1874, 839, 1151, 654, 1182, 815, 470, 670, 150, 718, 352, 1579, 879, 443, 1690, 32, 435, 1383, 501, 882, 1085, 1176, 1382, 1171, 686, 1140, 1105, 800, 1516, 1485, 516, 1475, 1434, 1911, 889, 239, 652, 1535, 1639, 335, 1325, 1784, 765, 663, 1224, 448, 1815, 739, 1812, 1076, 747, 1467, 732, 1654, 1828, 502, 1319, 1425, 1160, 1468, 368, 1732, 1248, 143, 808, 674, 713, 129, 1599, 288, 1005, 1643, 1729, 1918, 1064, 279, 1741, 406, 867, 729, 604, 1220, 750, 304, 936, 215, 1626, 1778, 1031, 1756, 305, 1699, 412, 1387, 1640, 210, 188, 253, 645, 1279, 349, 1898, 262, 1082, 213, 255, 1514, 1375, 576, 698, 986, 1119, 508, 1753, 104, 1296, 1380, 128, 163, 693, 1524, 924, 842, 812, 1348, 199, 1386, 1628, 1435, 1772, 817, 931, 334, 1360, 390, 1413, 1783, 944, 905, 1271, 1132, 1857, 35, 340, 1461, 506, 1150, 1455, 594, 1020, 1178, 1770, 1389, 1276, 1355, 1228, 990, 1480, 1100, 1326, 282, 1321, 852, 200, 1146, 1253, 49, 1682, 1221, 1840, 1525, 1037, 1170, 1800, 648, 1243, 266, 926, 782, 1667, 984, 570, 1289, 1860, 893, 1630, 479, 339, 246, 866, 1631, 211, 684, 60, 125, 1513, 836, 43, 1450, 515, 1256, 244, 1063, 1693, 913, 966, 54, 432, 1869, 254, 1916, 577, 1096, 540, 1075, 1261, 1871, 1587, 381, 634, 205, 269, 489, 1890, 37, 746, 386, 551, 1414, 953, 1403, 709, 622, 1497, 1561, 1324, 158, 624, 426, 1466, 44, 267, 994, 318, 1398, 397, 95, 786, 81, 1332, 837, 289, 865, 965, 67, 1696, 816, 1044, 820, 229, 1400, 1362, 491, 1139, 1873, 1338, 559, 1016, 1021, 1436, 1002, 1797, 40, 224, 1615, 1385, 941, 1308, 978, 794, 231, 834, 1675, 1736, 31, 1181, 562, 831, 1272, 767, 372, 1825, 1669, 760, 380, 1343, 42, 1351, 1337, 1441, 268, 1644, 1015, 52, 1469, 1861, 1481, 22, 1605, 361, 1381, 410, 1333, 975, 1046, 1595, 348, 1768, 366, 1281, 772, 974, 495, 358, 590, 187, 631, 1695, 687, 1328, 572, 588, 1805, 620, 1577, 1449, 1433, 1659, 320, 418, 346, 602, 573, 1709, 1300, 113, 427, 1891, 1341, 236, 1001, 370, 723, 1092, 1560, 379, 662, 79, 850, 1704, 824, 627, 436, 666, 1103, 653, 945, 1370, 1232, 587, 234, 103, 1858, 934, 1420, 123, 1818, 1310, 499, 1739, 1493, 1847, 1553, 740, 124, 1260, 1378, 1842, 1777, 1816, 1543, 749, 608, 1563, 996, 25, 101, 90, 459, 337, 122, 580, 829, 533, 292, 452, 1614, 1183, 1322, 1278, 521, 1136, 1190, 96, 259, 1645, 1008, 1888, 342, 445, 1504, 162, 382, 1894, 784, 1404, 1531, 1312, 444, 1097, 1447, 1280, 872, 168, 50, 1687, 1593, 1610, 98, 1242, 769, 642, 1309, 888, 433, 302, 1263, 1169, 1656, 1295, 243, 921, 1438, 1161, 877, 640, 1541, 24, 703, 980, 1173, 935, 1519, 440, 1512, 1137, 822, 1014, 310, 511, 583, 1518, 458, 274, 109, 856, 522, 11, 462, 1236, 232, 633, 1567, 1241, 989, 1725, 280, 875, 1083, 1833, 324, 1566, 249, 172, 696, 1505, 1010, 1477, 1327, 910, 861, 88, 99, 357, 437, 80, 1292, 764, 175, 395, 1716, 699, 1483, 1717, 673, 623, 1697, 1479, 1060, 1651, 553, 981, 218, 1110, 185, 77, 900, 371, 904, 1390, 21, 1882, 595, 1718, 1476, 152, 420, 918, 192, 1679, 1484, 1863, 787, 567, 851, 441, 530, 517, 1419, 1388, 329, 301, 1330, 876, 478, 1530, 676, 1844, 403, 74, 647, 728, 230, 519, 256, 737, 235, 1796, 182, 858, 504, 1287, 1124, 1229, 294, 625, 894, 759, 1544, 330, 1711, 505, 903, 1055, 1238, 1397, 1686, 136, 1275, 1580, 1584, 59, 1112, 1636, 166, 655, 1520, 1540, 374, 496, 414, 1226, 154, 860, 531, 1465, 1345, 1662, 1284, 669, 1627, 1408, 36, 191, 1748, 7, 1498, 802, 325, 957, 208, 228, 1201, 950, 1318, 155, 948, 133, 920, 442, 225, 611, 1633, 796, 667, 1652, 1304, 1609, 1611, 527, 1427, 1354, 689, 930, 870, 925, 56, 1402, 100, 189, 1068, 1737, 322, 523, 247, 971, 1445, 55, 579, 1374, 1571, 1521, 890, 785, 58, 671, 1608, 1168, 1742, 899, 299, 778, 1542, 761, 566, 46, 1708, 1719, 351, 1392, 651, 1764, 811, 449, 922, 261, 1036, 694, 127, 1114, 707, 1487, 1852, 1802, 873, 174, 1865, 1710, 763, 164, 1632, 345, 539, 1141, 805, 919, 911, 184, 548, 1422, 1625, 1155, 399, 1795, 1845, 1889, 1565, 45, 603, 1444, 1517, 1823, 1246, 477, 64, 1164, 1411, 781, 8, 1635, 1583, 1200, 241, 151, 177, 333, 629, 1453, 293, 1760, 636, 1239, 1115, 727, 273, 1394, 1266, 1184, 1619, 1743, 313, 1904, 982, 1367, 153, 564, 1806, 331, 1862, 1848, 606, 1264, 57, 97, 1774, 1814, 1086, 1029, 393, 1488, 85, 1509, 1550, 725, 1638, 1846, 1342, 1728, 993, 421, 1781, 681, 473, 1604, 364, 1613, 679, 780, 1885, 581, 1130, 116, 823, 355, 736, 75, 398, 557, 1740, 1515, 1596, 1250, 641, 1683, 198, 1363, 589, 1223, 1209, 417, 209, 1810, 9, 535, 1500, 1881, 1208, 909, 0, 702, 1897, 598, 1189, 748, 675, 1691, 1152, 755, 4, 1416, 830, 439, 1222, 1340, 692, 1003, 34, 356, 170, 1761, 1657, 1578, 401, 795, 1507, 997, 644, 1166, 447, 518, 563, 336, 1820, 343, 597, 844, 1058, 497, 311, 1463, 754, 1218, 1191, 1148, 1612, 1022, 1344, 1776, 942, 906, 1409, 1098, 130, 1418, 1830, 190, 1303, 1749, 607, 825, 92, 677, 628, 326, 715, 949, 27, 1537, 1025, 1439, 1277, 396, 1270, 53, 558, 584, 616, 630, 1533, 532, 1113, 612, 1080, 173, 1090, 838, 17, 897, 1306, 1311, 1131, 388, 1118, 1528, 1426, 1257, 1460, 1714, 1407, 144, 1734, 258, 1731, 526, 367, 1834, 126, 1104, 638, 791, 265, 223, 461, 1457, 139, 456, 1905, 1663, 1412, 1568, 1763, 883, 1661, 1678, 493, 1606, 1813, 541, 1757, 276, 296, 1673, 222, 1707, 183, 257, 615, 1478, 742, 376, 810, 661, 365, 156, 1298, 1701, 1653, 202, 1334, 1197, 1482, 106, 323, 1448, 1558, 1179, 1854, 902, 1049, 297, 216, 1268, 277, 1336, 1393, 65, 1456, 1052, 5, 1735, 1495, 1175, 988, 117, 721, 1788, 315, 1819, 1305, 1794, 520, 543, 1214, 917, 731, 1091, 1147, 1070, 68, 892, 1486, 464, 783, 115, 1883, 1372, 752, 383, 1122, 582, 1039, 1213, 574, 1594, 1870, 1111, 1792, 706, 1674, 233, 1607, 691, 1417, 1071, 711, 1538, 252, 741, 1396, 1211, 1429, 1906, 513, 799, 1384, 1138, 1688, 1681, 1045, 961, 743, 1824, 619, 766, 1727, 147, 827, 1117, 1547, 1892, 39, 82, 1546, 963, 178, 658, 1592, 425, 484, 415, 1204, 1331, 1207, 561, 912, 451, 1548, 1494, 1210, 1676, 685, 1291, 793, 632, 1018], [1054, 207, 1715, 1233, 514, 238, 1377, 1677, 878, 1624, 1145, 1009, 469, 962, 1194, 93, 1556, 1851, 1569, 1089, 745, 423, 23, 821, 29, 1401, 789, 1791, 788, 1079, 1347, 503, 1199, 753, 848, 1294, 801, 682, 955, 112, 1188, 402, 1878, 1817, 1288, 1821, 1245, 1302, 1007, 1705, 271, 510, 1510, 327, 1127, 486, 1555, 1004, 1589, 1511, 1700, 1373, 1668, 341, 1489, 1790, 1492, 321, 659, 578, 303, 118, 960, 453, 160, 683, 1832, 434, 701, 928, 480, 1446, 1552, 704, 94, 1317, 1410, 394, 186, 771, 859, 1395, 1646, 1570, 1353, 714, 1297, 360, 1153, 1185, 1766, 1471, 1013, 1356, 1437, 78, 63, 1618, 537, 482, 3, 450, 1339, 490, 857, 251, 898, 916, 546, 1809, 1689, 1078, 1069, 1, 1035, 1534, 1158, 203, 1837, 1095, 1235, 295, 933, 1474, 1559, 240, 105, 419, 1751, 1061, 1896, 1162, 1508, 1195, 237, 509, 1875, 6, 1564, 1698, 1907, 20, 1023, 1157, 1724, 132, 1912, 108, 1839, 734, 413, 316, 1249, 1880, 430, 915, 952, 813, 1532, 1116, 1859, 137, 1703, 141, 1785, 1582, 643, 119, 12, 968, 1193, 408, 214, 601, 967, 803, 1551, 363, 424, 958, 1826, 196]]
Resuming from epoch 65: /Users/suraj/Downloads/outputs/wall_single/checkpoints/model_latest.pth
num_action_repeat: 1
num_proprio_repeat: 1
proprio encoder: ProprioceptiveEmbedding(
  (patch_embed): Conv1d(2, 10, kernel_size=(1,), stride=(1,))
)
action encoder: ProprioceptiveEmbedding(
  (patch_embed): Conv1d(10, 10, kernel_size=(1,), stride=(1,))
)
proprio_dim: 10, after repeat: 10
action_dim: 10, after repeat: 10
emb_dim: 404
Model emb_dim:  404
eval_seed:  [21, 22, 23, 24, 25, 26, 27, 28, 29, 30]
Dumped plan targets to /Users/suraj/Desktop/EAI_DINO/results/wall_transition/transition_run_v2/resume/resume_try1/budget_bB/mixed_int4/budget_bB/seed_2/plan_targets.pkl
Success rate:  0.0
{'success': array([False, False, False, False, False, False, False, False, False,
       False]), 'state_dist': array([42.41977212, 28.10667754, 32.32800487, 31.42475028, 14.93074338,
       23.59413376, 29.14787428, 20.75396658, 36.36960857, 26.67984099])}
Success rate:  0.0
{'success': array([False, False, False, False, False, False, False, False, False,
       False]), 'state_dist': array([45.4551807 , 25.36354659, 33.25928412, 17.68490009, 15.46100586,
       22.32932067, 25.01908172, 19.60047594, 32.75391928,  5.32432316])}
Success rate:  0.1
{'success': array([False, False, False, False, False, False, False, False, False,
        True]), 'state_dist': array([45.17918616,  5.05121762, 29.90794827, 12.52140101, 12.20449945,
       22.42054686, 21.65676402,  7.60860751, 28.49958256,  1.70561598])}
MPC iter 0 Eval ------- 
Success rate:  0.1
{'success': array([False, False, False, False, False, False, False, False, False,
        True]), 'state_dist': array([45.17918616,  5.05121762, 29.90794827, 12.52140101, 12.20449945,
       22.42054686, 21.65676402,  7.60860751, 28.49958256,  1.70561598])}
self.is_success:  [False False False False False False False False False  True]
Success rate:  0.1
{'success': array([False, False, False, False, False, False, False, False, False,
        True]), 'state_dist': array([37.61498387,  5.77275945, 33.44887959, 10.51449821, 16.00375532,
       20.39435237, 20.69515212,  6.24250151, 16.52298575,  2.90365667])}
Success rate:  0.3
{'success': array([False, False, False, False, False, False, False,  True,  True,
        True]), 'state_dist': array([28.52791104,  8.18137176, 33.11702775,  9.05291753, 16.9088147 ,
       19.50141279, 20.5329719 ,  1.8564932 ,  4.4917059 ,  2.5120805 ])}
Success rate:  0.2
{'success': array([False, False, False, False, False, False, False,  True, False,
        True]), 'state_dist': array([18.248877  ,  6.32089482, 28.40335444,  6.77854449, 18.96858997,
       19.29361956, 20.57474405,  3.34114634,  9.48622707,  4.37101683])}
MPC iter 1 Eval ------- 
Success rate:  0.2
{'success': array([False, False, False, False, False, False, False,  True, False,
        True]), 'state_dist': array([18.248877  ,  6.32089482, 28.40335444,  6.77854449, 18.96858997,
       19.29361956, 20.57474405,  3.34114634,  9.48622707,  1.70561598])}
self.is_success:  [False False False False False False False  True False  True]
Success rate:  0.4
{'success': array([ True, False, False, False, False, False, False,  True,  True,
        True]), 'state_dist': array([ 3.67650661,  6.07827805, 32.76732603,  4.51428289, 10.08813646,
       19.93650103, 21.30081412,  0.75500659,  4.30658823,  1.95157144])}
Success rate:  0.4
{'success': array([False, False, False,  True,  True, False, False,  True, False,
        True]), 'state_dist': array([ 5.17005715,  5.50196665, 36.54146599,  4.22425251,  3.3752545 ,
       20.66887027, 20.66276907,  1.72461852,  4.66231546,  2.25428333])}
Success rate:  0.4
{'success': array([ True, False, False,  True,  True, False, False, False,  True,
       False]), 'state_dist': array([ 3.02688464,  5.30599122, 32.37511583,  4.01966004,  1.60842421,
       19.81796054, 21.33035113,  5.72241484,  3.70218045,  5.87324854])}
MPC iter 2 Eval ------- 
Success rate:  0.6
{'success': array([ True, False, False,  True,  True, False, False,  True,  True,
        True]), 'state_dist': array([ 3.02688464,  5.30599122, 32.37511583,  4.01966004,  1.60842421,
       19.81796054, 21.33035113,  3.34114634,  3.70218045,  1.70561598])}
self.is_success:  [ True False False  True  True False False  True  True  True]
Success rate:  0.6
{'success': array([ True, False, False,  True,  True, False, False,  True,  True,
        True]), 'state_dist': array([ 3.02688464,  5.30599122, 32.37511583,  4.01966004,  1.60842421,
       19.81796054, 21.33035113,  3.34114634,  3.70218045,  1.70561598])}
[ok] variant=mixed_int4 budget=bB opt_steps=3 seed=2 success=0.6000
Planning device: mps
Loading wall dataset...
Loaded 1920 rollouts
Using cache found in /Users/suraj/.cache/torch/hub/facebookresearch_dinov2_main
[[102, 33, 1056, 1591, 354, 245, 790, 1323, 142, 1745, 1588, 1473, 38, 1192, 735, 832, 547, 1186, 843, 660, 869, 83, 695, 1629, 179, 1658, 157, 1758, 1747, 250, 312, 1361, 1163, 1798, 275, 1099, 1787, 964, 1066, 609, 1666, 774, 181, 1502, 407, 668, 593, 1623, 1101, 565, 1350, 1572, 1094, 512, 148, 809, 263, 1853, 908, 927, 626, 569, 1730, 757, 1574, 1866, 1107, 1706, 391, 1255, 947, 828, 1720, 1057, 19, 1364, 1575, 1914, 1562, 1909, 534, 973, 538, 1017, 646, 285, 309, 1884, 1059, 552, 697, 1702, 145, 819, 649, 665, 169, 1051, 171, 1529, 1470, 291, 1371, 1240, 1641, 1746, 1443, 1307, 1801, 369, 1365, 525, 167, 1121, 1430, 874, 528, 1459, 1617, 770, 359, 923, 507, 884, 1616, 1314, 1149, 1379, 891, 1442, 1047, 1887, 248, 1767, 1620, 283, 392, 1290, 1650, 242, 1399, 807, 159, 204, 775, 1827, 500, 1352, 700, 1265, 1102, 149, 1440, 1258, 1738, 347, 690, 468, 1726, 1234, 1126, 868, 1501, 621, 585, 1523, 121, 1108, 846, 1167, 1405, 114, 474, 1406, 195, 1144, 586, 384, 1680, 298, 308, 529, 901, 475, 992, 1811, 1655, 914, 1598, 560, 1452, 385, 1032, 1895, 756, 1893, 485, 1293, 1876, 378, 206, 61, 1762, 1335, 1779, 1062, 111, 550, 1357, 284, 1074, 880, 592, 712, 1454, 1660, 1067, 946, 1011, 193, 1838, 1072, 1065, 1267, 1217, 591, 678, 792, 180, 1313, 69, 84, 1603, 1775, 201, 1415, 457, 1359, 400, 1759, 1081, 554, 471, 1841, 446, 1670, 688, 140, 1600, 871, 1093, 460, 1831, 818, 940, 1128, 614, 1000, 987, 1048, 72, 465, 804, 1804, 826, 1006, 1129, 270, 954, 86, 107, 1744, 751, 1143, 1554, 1750, 556, 1692, 664, 943, 907, 1713, 881, 1793, 849, 972, 264, 1431, 1040, 1391, 680, 1864, 724, 1549, 455, 600, 389, 1301, 1262, 1073, 1216, 613, 314, 15, 657, 896, 549, 575, 719, 545, 937, 1585, 165, 1252, 338, 970, 1366, 1247, 1024, 14, 855, 212, 887, 977, 1225, 776, 10, 1903, 1423, 596, 726, 431, 959, 1159, 1033, 1458, 1196, 1526, 317, 1358, 454, 1647, 976, 773, 1786, 1462, 488, 41, 571, 1464, 599, 979, 864, 18, 306, 1299, 797, 332, 1424, 1286, 66, 51, 1230, 1527, 1042, 762, 219, 487, 1026, 1282, 1285, 1503, 1597, 1573, 758, 999, 30, 1215, 1315, 1227, 387, 1867, 1421, 220, 932, 1829, 26, 1822, 290, 1088, 1902, 429, 463, 197, 1156, 1539, 1491, 1027, 1901, 733, 1879, 833, 278, 1251, 1899, 1642, 73, 272, 1019, 1084, 1346, 1803, 845, 568, 286, 76, 956, 1237, 48, 939, 1601, 481, 1187, 176, 1231, 1545, 1664, 1244, 87, 47, 194, 1586, 1316, 1125, 1649, 1077, 995, 1665, 1428, 1219, 1712, 1038, 542, 998, 70, 929, 1648, 476, 886, 1134, 1733, 854, 853, 1283, 1432, 1723, 1269, 281, 1174, 110, 1685, 1868, 777, 1522, 353, 798, 1773, 409, 768, 1273, 1490, 221, 1154, 1499, 71, 1637, 720, 1850, 1198, 1755, 1915, 716, 1900, 1835, 672, 319, 1536, 226, 1472, 1602, 969, 492, 428, 895, 814, 1133, 62, 656, 1722, 1621, 1142, 1087, 524, 1590, 1030, 650, 1451, 1913, 1259, 1917, 544, 377, 862, 1202, 1177, 1274, 1123, 617, 605, 1106, 1855, 422, 1769, 362, 1721, 1329, 1206, 1506, 135, 1320, 217, 120, 1120, 1836, 710, 717, 1799, 1557, 722, 1694, 405, 375, 1034, 260, 1496, 411, 1672, 28, 637, 373, 1808, 134, 1012, 536, 1752, 983, 1135, 1576, 483, 13, 404, 841, 1172, 1041, 1843, 161, 847, 1369, 1910, 1782, 1671, 1376, 1856, 498, 806, 635, 1212, 438, 835, 1849, 1109, 1349, 1043, 2, 466, 610, 1165, 885, 951, 344, 300, 1807, 1908, 287, 1877, 705, 1872, 1581, 985, 328, 708, 730, 350, 307, 146, 840, 1180, 494, 16, 555, 1368, 1780, 779, 1771, 1203, 1754, 744, 863, 1684, 639, 1919, 738, 938, 1053, 618, 91, 1886, 1028, 472, 1050, 138, 131, 89, 416, 991, 1254, 467, 227, 1765, 1634, 1789, 1622, 1205, 1874, 839, 1151, 654, 1182, 815, 470, 670, 150, 718, 352, 1579, 879, 443, 1690, 32, 435, 1383, 501, 882, 1085, 1176, 1382, 1171, 686, 1140, 1105, 800, 1516, 1485, 516, 1475, 1434, 1911, 889, 239, 652, 1535, 1639, 335, 1325, 1784, 765, 663, 1224, 448, 1815, 739, 1812, 1076, 747, 1467, 732, 1654, 1828, 502, 1319, 1425, 1160, 1468, 368, 1732, 1248, 143, 808, 674, 713, 129, 1599, 288, 1005, 1643, 1729, 1918, 1064, 279, 1741, 406, 867, 729, 604, 1220, 750, 304, 936, 215, 1626, 1778, 1031, 1756, 305, 1699, 412, 1387, 1640, 210, 188, 253, 645, 1279, 349, 1898, 262, 1082, 213, 255, 1514, 1375, 576, 698, 986, 1119, 508, 1753, 104, 1296, 1380, 128, 163, 693, 1524, 924, 842, 812, 1348, 199, 1386, 1628, 1435, 1772, 817, 931, 334, 1360, 390, 1413, 1783, 944, 905, 1271, 1132, 1857, 35, 340, 1461, 506, 1150, 1455, 594, 1020, 1178, 1770, 1389, 1276, 1355, 1228, 990, 1480, 1100, 1326, 282, 1321, 852, 200, 1146, 1253, 49, 1682, 1221, 1840, 1525, 1037, 1170, 1800, 648, 1243, 266, 926, 782, 1667, 984, 570, 1289, 1860, 893, 1630, 479, 339, 246, 866, 1631, 211, 684, 60, 125, 1513, 836, 43, 1450, 515, 1256, 244, 1063, 1693, 913, 966, 54, 432, 1869, 254, 1916, 577, 1096, 540, 1075, 1261, 1871, 1587, 381, 634, 205, 269, 489, 1890, 37, 746, 386, 551, 1414, 953, 1403, 709, 622, 1497, 1561, 1324, 158, 624, 426, 1466, 44, 267, 994, 318, 1398, 397, 95, 786, 81, 1332, 837, 289, 865, 965, 67, 1696, 816, 1044, 820, 229, 1400, 1362, 491, 1139, 1873, 1338, 559, 1016, 1021, 1436, 1002, 1797, 40, 224, 1615, 1385, 941, 1308, 978, 794, 231, 834, 1675, 1736, 31, 1181, 562, 831, 1272, 767, 372, 1825, 1669, 760, 380, 1343, 42, 1351, 1337, 1441, 268, 1644, 1015, 52, 1469, 1861, 1481, 22, 1605, 361, 1381, 410, 1333, 975, 1046, 1595, 348, 1768, 366, 1281, 772, 974, 495, 358, 590, 187, 631, 1695, 687, 1328, 572, 588, 1805, 620, 1577, 1449, 1433, 1659, 320, 418, 346, 602, 573, 1709, 1300, 113, 427, 1891, 1341, 236, 1001, 370, 723, 1092, 1560, 379, 662, 79, 850, 1704, 824, 627, 436, 666, 1103, 653, 945, 1370, 1232, 587, 234, 103, 1858, 934, 1420, 123, 1818, 1310, 499, 1739, 1493, 1847, 1553, 740, 124, 1260, 1378, 1842, 1777, 1816, 1543, 749, 608, 1563, 996, 25, 101, 90, 459, 337, 122, 580, 829, 533, 292, 452, 1614, 1183, 1322, 1278, 521, 1136, 1190, 96, 259, 1645, 1008, 1888, 342, 445, 1504, 162, 382, 1894, 784, 1404, 1531, 1312, 444, 1097, 1447, 1280, 872, 168, 50, 1687, 1593, 1610, 98, 1242, 769, 642, 1309, 888, 433, 302, 1263, 1169, 1656, 1295, 243, 921, 1438, 1161, 877, 640, 1541, 24, 703, 980, 1173, 935, 1519, 440, 1512, 1137, 822, 1014, 310, 511, 583, 1518, 458, 274, 109, 856, 522, 11, 462, 1236, 232, 633, 1567, 1241, 989, 1725, 280, 875, 1083, 1833, 324, 1566, 249, 172, 696, 1505, 1010, 1477, 1327, 910, 861, 88, 99, 357, 437, 80, 1292, 764, 175, 395, 1716, 699, 1483, 1717, 673, 623, 1697, 1479, 1060, 1651, 553, 981, 218, 1110, 185, 77, 900, 371, 904, 1390, 21, 1882, 595, 1718, 1476, 152, 420, 918, 192, 1679, 1484, 1863, 787, 567, 851, 441, 530, 517, 1419, 1388, 329, 301, 1330, 876, 478, 1530, 676, 1844, 403, 74, 647, 728, 230, 519, 256, 737, 235, 1796, 182, 858, 504, 1287, 1124, 1229, 294, 625, 894, 759, 1544, 330, 1711, 505, 903, 1055, 1238, 1397, 1686, 136, 1275, 1580, 1584, 59, 1112, 1636, 166, 655, 1520, 1540, 374, 496, 414, 1226, 154, 860, 531, 1465, 1345, 1662, 1284, 669, 1627, 1408, 36, 191, 1748, 7, 1498, 802, 325, 957, 208, 228, 1201, 950, 1318, 155, 948, 133, 920, 442, 225, 611, 1633, 796, 667, 1652, 1304, 1609, 1611, 527, 1427, 1354, 689, 930, 870, 925, 56, 1402, 100, 189, 1068, 1737, 322, 523, 247, 971, 1445, 55, 579, 1374, 1571, 1521, 890, 785, 58, 671, 1608, 1168, 1742, 899, 299, 778, 1542, 761, 566, 46, 1708, 1719, 351, 1392, 651, 1764, 811, 449, 922, 261, 1036, 694, 127, 1114, 707, 1487, 1852, 1802, 873, 174, 1865, 1710, 763, 164, 1632, 345, 539, 1141, 805, 919, 911, 184, 548, 1422, 1625, 1155, 399, 1795, 1845, 1889, 1565, 45, 603, 1444, 1517, 1823, 1246, 477, 64, 1164, 1411, 781, 8, 1635, 1583, 1200, 241, 151, 177, 333, 629, 1453, 293, 1760, 636, 1239, 1115, 727, 273, 1394, 1266, 1184, 1619, 1743, 313, 1904, 982, 1367, 153, 564, 1806, 331, 1862, 1848, 606, 1264, 57, 97, 1774, 1814, 1086, 1029, 393, 1488, 85, 1509, 1550, 725, 1638, 1846, 1342, 1728, 993, 421, 1781, 681, 473, 1604, 364, 1613, 679, 780, 1885, 581, 1130, 116, 823, 355, 736, 75, 398, 557, 1740, 1515, 1596, 1250, 641, 1683, 198, 1363, 589, 1223, 1209, 417, 209, 1810, 9, 535, 1500, 1881, 1208, 909, 0, 702, 1897, 598, 1189, 748, 675, 1691, 1152, 755, 4, 1416, 830, 439, 1222, 1340, 692, 1003, 34, 356, 170, 1761, 1657, 1578, 401, 795, 1507, 997, 644, 1166, 447, 518, 563, 336, 1820, 343, 597, 844, 1058, 497, 311, 1463, 754, 1218, 1191, 1148, 1612, 1022, 1344, 1776, 942, 906, 1409, 1098, 130, 1418, 1830, 190, 1303, 1749, 607, 825, 92, 677, 628, 326, 715, 949, 27, 1537, 1025, 1439, 1277, 396, 1270, 53, 558, 584, 616, 630, 1533, 532, 1113, 612, 1080, 173, 1090, 838, 17, 897, 1306, 1311, 1131, 388, 1118, 1528, 1426, 1257, 1460, 1714, 1407, 144, 1734, 258, 1731, 526, 367, 1834, 126, 1104, 638, 791, 265, 223, 461, 1457, 139, 456, 1905, 1663, 1412, 1568, 1763, 883, 1661, 1678, 493, 1606, 1813, 541, 1757, 276, 296, 1673, 222, 1707, 183, 257, 615, 1478, 742, 376, 810, 661, 365, 156, 1298, 1701, 1653, 202, 1334, 1197, 1482, 106, 323, 1448, 1558, 1179, 1854, 902, 1049, 297, 216, 1268, 277, 1336, 1393, 65, 1456, 1052, 5, 1735, 1495, 1175, 988, 117, 721, 1788, 315, 1819, 1305, 1794, 520, 543, 1214, 917, 731, 1091, 1147, 1070, 68, 892, 1486, 464, 783, 115, 1883, 1372, 752, 383, 1122, 582, 1039, 1213, 574, 1594, 1870, 1111, 1792, 706, 1674, 233, 1607, 691, 1417, 1071, 711, 1538, 252, 741, 1396, 1211, 1429, 1906, 513, 799, 1384, 1138, 1688, 1681, 1045, 961, 743, 1824, 619, 766, 1727, 147, 827, 1117, 1547, 1892, 39, 82, 1546, 963, 178, 658, 1592, 425, 484, 415, 1204, 1331, 1207, 561, 912, 451, 1548, 1494, 1210, 1676, 685, 1291, 793, 632, 1018], [1054, 207, 1715, 1233, 514, 238, 1377, 1677, 878, 1624, 1145, 1009, 469, 962, 1194, 93, 1556, 1851, 1569, 1089, 745, 423, 23, 821, 29, 1401, 789, 1791, 788, 1079, 1347, 503, 1199, 753, 848, 1294, 801, 682, 955, 112, 1188, 402, 1878, 1817, 1288, 1821, 1245, 1302, 1007, 1705, 271, 510, 1510, 327, 1127, 486, 1555, 1004, 1589, 1511, 1700, 1373, 1668, 341, 1489, 1790, 1492, 321, 659, 578, 303, 118, 960, 453, 160, 683, 1832, 434, 701, 928, 480, 1446, 1552, 704, 94, 1317, 1410, 394, 186, 771, 859, 1395, 1646, 1570, 1353, 714, 1297, 360, 1153, 1185, 1766, 1471, 1013, 1356, 1437, 78, 63, 1618, 537, 482, 3, 450, 1339, 490, 857, 251, 898, 916, 546, 1809, 1689, 1078, 1069, 1, 1035, 1534, 1158, 203, 1837, 1095, 1235, 295, 933, 1474, 1559, 240, 105, 419, 1751, 1061, 1896, 1162, 1508, 1195, 237, 509, 1875, 6, 1564, 1698, 1907, 20, 1023, 1157, 1724, 132, 1912, 108, 1839, 734, 413, 316, 1249, 1880, 430, 915, 952, 813, 1532, 1116, 1859, 137, 1703, 141, 1785, 1582, 643, 119, 12, 968, 1193, 408, 214, 601, 967, 803, 1551, 363, 424, 958, 1826, 196]]
Resuming from epoch 65: /Users/suraj/Downloads/outputs/wall_single/checkpoints/model_latest.pth
num_action_repeat: 1
num_proprio_repeat: 1
proprio encoder: ProprioceptiveEmbedding(
  (patch_embed): Conv1d(2, 10, kernel_size=(1,), stride=(1,))
)
action encoder: ProprioceptiveEmbedding(
  (patch_embed): Conv1d(10, 10, kernel_size=(1,), stride=(1,))
)
proprio_dim: 10, after repeat: 10
action_dim: 10, after repeat: 10
emb_dim: 404
Model emb_dim:  404
eval_seed:  [11, 12, 13, 14, 15, 16, 17, 18, 19, 20]
Dumped plan targets to /Users/suraj/Desktop/EAI_DINO/results/wall_transition/transition_run_v2/resume/resume_try1/budget_bB/uniform_int3/budget_bB/seed_1/plan_targets.pkl
Success rate:  0.0
{'success': array([False, False, False, False, False, False, False, False, False,
       False]), 'state_dist': array([32.76497949, 47.04945288, 23.00903162, 62.40802683, 31.21281688,
       50.61225134, 29.98964753, 45.48335731, 49.96234981, 40.30518377])}
Success rate:  0.0
{'success': array([False, False, False, False, False, False, False, False, False,
       False]), 'state_dist': array([36.44077645, 49.59613106, 18.60495966, 67.37493066, 38.32101637,
       55.23111165, 22.1016906 , 46.10360432, 50.37230886, 40.01688972])}
Success rate:  0.0
{'success': array([False, False, False, False, False, False, False, False, False,
       False]), 'state_dist': array([40.7312938 , 49.52978861, 16.3300118 , 63.70769055, 37.78220947,
       57.68627947, 19.7853982 , 43.44821342, 50.74720208, 42.51624376])}
MPC iter 0 Eval ------- 
Success rate:  0.0
{'success': array([False, False, False, False, False, False, False, False, False,
       False]), 'state_dist': array([40.7312938 , 49.52978861, 16.3300118 , 63.70769055, 37.78220947,
       57.68627947, 19.7853982 , 43.44821342, 50.74720208, 42.51624376])}
self.is_success:  [False False False False False False False False False False]
Success rate:  0.0
{'success': array([False, False, False, False, False, False, False, False, False,
       False]), 'state_dist': array([49.0146405 , 49.2942689 , 20.14715762, 67.24042571, 37.31480253,
       59.75916104, 22.26742529, 45.78007103, 51.63755336, 42.79869405])}
Success rate:  0.0
{'success': array([False, False, False, False, False, False, False, False, False,
       False]), 'state_dist': array([49.26179229, 49.54186947, 19.30734958, 65.68883314, 37.45544892,
       60.52256305, 23.13476956, 43.43816155, 52.43589088, 42.97360891])}
Success rate:  0.0
{'success': array([False, False, False, False, False, False, False, False, False,
       False]), 'state_dist': array([49.08499466, 49.56638765, 18.61800526, 66.59031311, 37.02178796,
       62.93229267, 23.50911339, 46.31281081, 52.23187461, 43.22318384])}
MPC iter 1 Eval ------- 
Success rate:  0.0
{'success': array([False, False, False, False, False, False, False, False, False,
       False]), 'state_dist': array([49.08499466, 49.56638765, 18.61800526, 66.59031311, 37.02178796,
       62.93229267, 23.50911339, 46.31281081, 52.23187461, 43.22318384])}
self.is_success:  [False False False False False False False False False False]
Success rate:  0.0
{'success': array([False, False, False, False, False, False, False, False, False,
       False]), 'state_dist': array([48.9165704 , 50.07573541, 18.62747736, 67.5654555 , 37.16076052,
       68.54512296, 23.14813448, 46.75167496, 53.56722475, 40.16740198])}
Success rate:  0.0
{'success': array([False, False, False, False, False, False, False, False, False,
       False]), 'state_dist': array([48.91768262, 50.77993981, 19.7420429 , 67.24042571, 37.01073275,
       69.3765718 , 22.852578  , 46.85136677, 55.29907402, 43.09613628])}
Success rate:  0.0
{'success': array([False, False, False, False, False, False, False, False, False,
       False]), 'state_dist': array([48.84137537, 51.06542471, 20.43186066, 67.24042571, 37.00307386,
       69.37132406, 19.68276745, 47.39712927, 56.48444188, 43.14528231])}
MPC iter 2 Eval ------- 
Success rate:  0.0
{'success': array([False, False, False, False, False, False, False, False, False,
       False]), 'state_dist': array([48.84137537, 51.06542471, 20.43186066, 67.24042571, 37.00307386,
       69.37132406, 19.68276745, 47.39712927, 56.48444188, 43.14528231])}
self.is_success:  [False False False False False False False False False False]
Success rate:  0.0
{'success': array([False, False, False, False, False, False, False, False, False,
       False]), 'state_dist': array([48.84137537, 51.06542471, 20.43186066, 67.24042571, 37.00307386,
       69.37132406, 19.68276745, 47.39712927, 56.48444188, 43.14528231])}
[ok] variant=uniform_int3 budget=bB opt_steps=3 seed=1 success=0.0000
Planning device: mps
Loading wall dataset...
Loaded 1920 rollouts
Using cache found in /Users/suraj/.cache/torch/hub/facebookresearch_dinov2_main
[[102, 33, 1056, 1591, 354, 245, 790, 1323, 142, 1745, 1588, 1473, 38, 1192, 735, 832, 547, 1186, 843, 660, 869, 83, 695, 1629, 179, 1658, 157, 1758, 1747, 250, 312, 1361, 1163, 1798, 275, 1099, 1787, 964, 1066, 609, 1666, 774, 181, 1502, 407, 668, 593, 1623, 1101, 565, 1350, 1572, 1094, 512, 148, 809, 263, 1853, 908, 927, 626, 569, 1730, 757, 1574, 1866, 1107, 1706, 391, 1255, 947, 828, 1720, 1057, 19, 1364, 1575, 1914, 1562, 1909, 534, 973, 538, 1017, 646, 285, 309, 1884, 1059, 552, 697, 1702, 145, 819, 649, 665, 169, 1051, 171, 1529, 1470, 291, 1371, 1240, 1641, 1746, 1443, 1307, 1801, 369, 1365, 525, 167, 1121, 1430, 874, 528, 1459, 1617, 770, 359, 923, 507, 884, 1616, 1314, 1149, 1379, 891, 1442, 1047, 1887, 248, 1767, 1620, 283, 392, 1290, 1650, 242, 1399, 807, 159, 204, 775, 1827, 500, 1352, 700, 1265, 1102, 149, 1440, 1258, 1738, 347, 690, 468, 1726, 1234, 1126, 868, 1501, 621, 585, 1523, 121, 1108, 846, 1167, 1405, 114, 474, 1406, 195, 1144, 586, 384, 1680, 298, 308, 529, 901, 475, 992, 1811, 1655, 914, 1598, 560, 1452, 385, 1032, 1895, 756, 1893, 485, 1293, 1876, 378, 206, 61, 1762, 1335, 1779, 1062, 111, 550, 1357, 284, 1074, 880, 592, 712, 1454, 1660, 1067, 946, 1011, 193, 1838, 1072, 1065, 1267, 1217, 591, 678, 792, 180, 1313, 69, 84, 1603, 1775, 201, 1415, 457, 1359, 400, 1759, 1081, 554, 471, 1841, 446, 1670, 688, 140, 1600, 871, 1093, 460, 1831, 818, 940, 1128, 614, 1000, 987, 1048, 72, 465, 804, 1804, 826, 1006, 1129, 270, 954, 86, 107, 1744, 751, 1143, 1554, 1750, 556, 1692, 664, 943, 907, 1713, 881, 1793, 849, 972, 264, 1431, 1040, 1391, 680, 1864, 724, 1549, 455, 600, 389, 1301, 1262, 1073, 1216, 613, 314, 15, 657, 896, 549, 575, 719, 545, 937, 1585, 165, 1252, 338, 970, 1366, 1247, 1024, 14, 855, 212, 887, 977, 1225, 776, 10, 1903, 1423, 596, 726, 431, 959, 1159, 1033, 1458, 1196, 1526, 317, 1358, 454, 1647, 976, 773, 1786, 1462, 488, 41, 571, 1464, 599, 979, 864, 18, 306, 1299, 797, 332, 1424, 1286, 66, 51, 1230, 1527, 1042, 762, 219, 487, 1026, 1282, 1285, 1503, 1597, 1573, 758, 999, 30, 1215, 1315, 1227, 387, 1867, 1421, 220, 932, 1829, 26, 1822, 290, 1088, 1902, 429, 463, 197, 1156, 1539, 1491, 1027, 1901, 733, 1879, 833, 278, 1251, 1899, 1642, 73, 272, 1019, 1084, 1346, 1803, 845, 568, 286, 76, 956, 1237, 48, 939, 1601, 481, 1187, 176, 1231, 1545, 1664, 1244, 87, 47, 194, 1586, 1316, 1125, 1649, 1077, 995, 1665, 1428, 1219, 1712, 1038, 542, 998, 70, 929, 1648, 476, 886, 1134, 1733, 854, 853, 1283, 1432, 1723, 1269, 281, 1174, 110, 1685, 1868, 777, 1522, 353, 798, 1773, 409, 768, 1273, 1490, 221, 1154, 1499, 71, 1637, 720, 1850, 1198, 1755, 1915, 716, 1900, 1835, 672, 319, 1536, 226, 1472, 1602, 969, 492, 428, 895, 814, 1133, 62, 656, 1722, 1621, 1142, 1087, 524, 1590, 1030, 650, 1451, 1913, 1259, 1917, 544, 377, 862, 1202, 1177, 1274, 1123, 617, 605, 1106, 1855, 422, 1769, 362, 1721, 1329, 1206, 1506, 135, 1320, 217, 120, 1120, 1836, 710, 717, 1799, 1557, 722, 1694, 405, 375, 1034, 260, 1496, 411, 1672, 28, 637, 373, 1808, 134, 1012, 536, 1752, 983, 1135, 1576, 483, 13, 404, 841, 1172, 1041, 1843, 161, 847, 1369, 1910, 1782, 1671, 1376, 1856, 498, 806, 635, 1212, 438, 835, 1849, 1109, 1349, 1043, 2, 466, 610, 1165, 885, 951, 344, 300, 1807, 1908, 287, 1877, 705, 1872, 1581, 985, 328, 708, 730, 350, 307, 146, 840, 1180, 494, 16, 555, 1368, 1780, 779, 1771, 1203, 1754, 744, 863, 1684, 639, 1919, 738, 938, 1053, 618, 91, 1886, 1028, 472, 1050, 138, 131, 89, 416, 991, 1254, 467, 227, 1765, 1634, 1789, 1622, 1205, 1874, 839, 1151, 654, 1182, 815, 470, 670, 150, 718, 352, 1579, 879, 443, 1690, 32, 435, 1383, 501, 882, 1085, 1176, 1382, 1171, 686, 1140, 1105, 800, 1516, 1485, 516, 1475, 1434, 1911, 889, 239, 652, 1535, 1639, 335, 1325, 1784, 765, 663, 1224, 448, 1815, 739, 1812, 1076, 747, 1467, 732, 1654, 1828, 502, 1319, 1425, 1160, 1468, 368, 1732, 1248, 143, 808, 674, 713, 129, 1599, 288, 1005, 1643, 1729, 1918, 1064, 279, 1741, 406, 867, 729, 604, 1220, 750, 304, 936, 215, 1626, 1778, 1031, 1756, 305, 1699, 412, 1387, 1640, 210, 188, 253, 645, 1279, 349, 1898, 262, 1082, 213, 255, 1514, 1375, 576, 698, 986, 1119, 508, 1753, 104, 1296, 1380, 128, 163, 693, 1524, 924, 842, 812, 1348, 199, 1386, 1628, 1435, 1772, 817, 931, 334, 1360, 390, 1413, 1783, 944, 905, 1271, 1132, 1857, 35, 340, 1461, 506, 1150, 1455, 594, 1020, 1178, 1770, 1389, 1276, 1355, 1228, 990, 1480, 1100, 1326, 282, 1321, 852, 200, 1146, 1253, 49, 1682, 1221, 1840, 1525, 1037, 1170, 1800, 648, 1243, 266, 926, 782, 1667, 984, 570, 1289, 1860, 893, 1630, 479, 339, 246, 866, 1631, 211, 684, 60, 125, 1513, 836, 43, 1450, 515, 1256, 244, 1063, 1693, 913, 966, 54, 432, 1869, 254, 1916, 577, 1096, 540, 1075, 1261, 1871, 1587, 381, 634, 205, 269, 489, 1890, 37, 746, 386, 551, 1414, 953, 1403, 709, 622, 1497, 1561, 1324, 158, 624, 426, 1466, 44, 267, 994, 318, 1398, 397, 95, 786, 81, 1332, 837, 289, 865, 965, 67, 1696, 816, 1044, 820, 229, 1400, 1362, 491, 1139, 1873, 1338, 559, 1016, 1021, 1436, 1002, 1797, 40, 224, 1615, 1385, 941, 1308, 978, 794, 231, 834, 1675, 1736, 31, 1181, 562, 831, 1272, 767, 372, 1825, 1669, 760, 380, 1343, 42, 1351, 1337, 1441, 268, 1644, 1015, 52, 1469, 1861, 1481, 22, 1605, 361, 1381, 410, 1333, 975, 1046, 1595, 348, 1768, 366, 1281, 772, 974, 495, 358, 590, 187, 631, 1695, 687, 1328, 572, 588, 1805, 620, 1577, 1449, 1433, 1659, 320, 418, 346, 602, 573, 1709, 1300, 113, 427, 1891, 1341, 236, 1001, 370, 723, 1092, 1560, 379, 662, 79, 850, 1704, 824, 627, 436, 666, 1103, 653, 945, 1370, 1232, 587, 234, 103, 1858, 934, 1420, 123, 1818, 1310, 499, 1739, 1493, 1847, 1553, 740, 124, 1260, 1378, 1842, 1777, 1816, 1543, 749, 608, 1563, 996, 25, 101, 90, 459, 337, 122, 580, 829, 533, 292, 452, 1614, 1183, 1322, 1278, 521, 1136, 1190, 96, 259, 1645, 1008, 1888, 342, 445, 1504, 162, 382, 1894, 784, 1404, 1531, 1312, 444, 1097, 1447, 1280, 872, 168, 50, 1687, 1593, 1610, 98, 1242, 769, 642, 1309, 888, 433, 302, 1263, 1169, 1656, 1295, 243, 921, 1438, 1161, 877, 640, 1541, 24, 703, 980, 1173, 935, 1519, 440, 1512, 1137, 822, 1014, 310, 511, 583, 1518, 458, 274, 109, 856, 522, 11, 462, 1236, 232, 633, 1567, 1241, 989, 1725, 280, 875, 1083, 1833, 324, 1566, 249, 172, 696, 1505, 1010, 1477, 1327, 910, 861, 88, 99, 357, 437, 80, 1292, 764, 175, 395, 1716, 699, 1483, 1717, 673, 623, 1697, 1479, 1060, 1651, 553, 981, 218, 1110, 185, 77, 900, 371, 904, 1390, 21, 1882, 595, 1718, 1476, 152, 420, 918, 192, 1679, 1484, 1863, 787, 567, 851, 441, 530, 517, 1419, 1388, 329, 301, 1330, 876, 478, 1530, 676, 1844, 403, 74, 647, 728, 230, 519, 256, 737, 235, 1796, 182, 858, 504, 1287, 1124, 1229, 294, 625, 894, 759, 1544, 330, 1711, 505, 903, 1055, 1238, 1397, 1686, 136, 1275, 1580, 1584, 59, 1112, 1636, 166, 655, 1520, 1540, 374, 496, 414, 1226, 154, 860, 531, 1465, 1345, 1662, 1284, 669, 1627, 1408, 36, 191, 1748, 7, 1498, 802, 325, 957, 208, 228, 1201, 950, 1318, 155, 948, 133, 920, 442, 225, 611, 1633, 796, 667, 1652, 1304, 1609, 1611, 527, 1427, 1354, 689, 930, 870, 925, 56, 1402, 100, 189, 1068, 1737, 322, 523, 247, 971, 1445, 55, 579, 1374, 1571, 1521, 890, 785, 58, 671, 1608, 1168, 1742, 899, 299, 778, 1542, 761, 566, 46, 1708, 1719, 351, 1392, 651, 1764, 811, 449, 922, 261, 1036, 694, 127, 1114, 707, 1487, 1852, 1802, 873, 174, 1865, 1710, 763, 164, 1632, 345, 539, 1141, 805, 919, 911, 184, 548, 1422, 1625, 1155, 399, 1795, 1845, 1889, 1565, 45, 603, 1444, 1517, 1823, 1246, 477, 64, 1164, 1411, 781, 8, 1635, 1583, 1200, 241, 151, 177, 333, 629, 1453, 293, 1760, 636, 1239, 1115, 727, 273, 1394, 1266, 1184, 1619, 1743, 313, 1904, 982, 1367, 153, 564, 1806, 331, 1862, 1848, 606, 1264, 57, 97, 1774, 1814, 1086, 1029, 393, 1488, 85, 1509, 1550, 725, 1638, 1846, 1342, 1728, 993, 421, 1781, 681, 473, 1604, 364, 1613, 679, 780, 1885, 581, 1130, 116, 823, 355, 736, 75, 398, 557, 1740, 1515, 1596, 1250, 641, 1683, 198, 1363, 589, 1223, 1209, 417, 209, 1810, 9, 535, 1500, 1881, 1208, 909, 0, 702, 1897, 598, 1189, 748, 675, 1691, 1152, 755, 4, 1416, 830, 439, 1222, 1340, 692, 1003, 34, 356, 170, 1761, 1657, 1578, 401, 795, 1507, 997, 644, 1166, 447, 518, 563, 336, 1820, 343, 597, 844, 1058, 497, 311, 1463, 754, 1218, 1191, 1148, 1612, 1022, 1344, 1776, 942, 906, 1409, 1098, 130, 1418, 1830, 190, 1303, 1749, 607, 825, 92, 677, 628, 326, 715, 949, 27, 1537, 1025, 1439, 1277, 396, 1270, 53, 558, 584, 616, 630, 1533, 532, 1113, 612, 1080, 173, 1090, 838, 17, 897, 1306, 1311, 1131, 388, 1118, 1528, 1426, 1257, 1460, 1714, 1407, 144, 1734, 258, 1731, 526, 367, 1834, 126, 1104, 638, 791, 265, 223, 461, 1457, 139, 456, 1905, 1663, 1412, 1568, 1763, 883, 1661, 1678, 493, 1606, 1813, 541, 1757, 276, 296, 1673, 222, 1707, 183, 257, 615, 1478, 742, 376, 810, 661, 365, 156, 1298, 1701, 1653, 202, 1334, 1197, 1482, 106, 323, 1448, 1558, 1179, 1854, 902, 1049, 297, 216, 1268, 277, 1336, 1393, 65, 1456, 1052, 5, 1735, 1495, 1175, 988, 117, 721, 1788, 315, 1819, 1305, 1794, 520, 543, 1214, 917, 731, 1091, 1147, 1070, 68, 892, 1486, 464, 783, 115, 1883, 1372, 752, 383, 1122, 582, 1039, 1213, 574, 1594, 1870, 1111, 1792, 706, 1674, 233, 1607, 691, 1417, 1071, 711, 1538, 252, 741, 1396, 1211, 1429, 1906, 513, 799, 1384, 1138, 1688, 1681, 1045, 961, 743, 1824, 619, 766, 1727, 147, 827, 1117, 1547, 1892, 39, 82, 1546, 963, 178, 658, 1592, 425, 484, 415, 1204, 1331, 1207, 561, 912, 451, 1548, 1494, 1210, 1676, 685, 1291, 793, 632, 1018], [1054, 207, 1715, 1233, 514, 238, 1377, 1677, 878, 1624, 1145, 1009, 469, 962, 1194, 93, 1556, 1851, 1569, 1089, 745, 423, 23, 821, 29, 1401, 789, 1791, 788, 1079, 1347, 503, 1199, 753, 848, 1294, 801, 682, 955, 112, 1188, 402, 1878, 1817, 1288, 1821, 1245, 1302, 1007, 1705, 271, 510, 1510, 327, 1127, 486, 1555, 1004, 1589, 1511, 1700, 1373, 1668, 341, 1489, 1790, 1492, 321, 659, 578, 303, 118, 960, 453, 160, 683, 1832, 434, 701, 928, 480, 1446, 1552, 704, 94, 1317, 1410, 394, 186, 771, 859, 1395, 1646, 1570, 1353, 714, 1297, 360, 1153, 1185, 1766, 1471, 1013, 1356, 1437, 78, 63, 1618, 537, 482, 3, 450, 1339, 490, 857, 251, 898, 916, 546, 1809, 1689, 1078, 1069, 1, 1035, 1534, 1158, 203, 1837, 1095, 1235, 295, 933, 1474, 1559, 240, 105, 419, 1751, 1061, 1896, 1162, 1508, 1195, 237, 509, 1875, 6, 1564, 1698, 1907, 20, 1023, 1157, 1724, 132, 1912, 108, 1839, 734, 413, 316, 1249, 1880, 430, 915, 952, 813, 1532, 1116, 1859, 137, 1703, 141, 1785, 1582, 643, 119, 12, 968, 1193, 408, 214, 601, 967, 803, 1551, 363, 424, 958, 1826, 196]]
Resuming from epoch 65: /Users/suraj/Downloads/outputs/wall_single/checkpoints/model_latest.pth
num_action_repeat: 1
num_proprio_repeat: 1
proprio encoder: ProprioceptiveEmbedding(
  (patch_embed): Conv1d(2, 10, kernel_size=(1,), stride=(1,))
)
action encoder: ProprioceptiveEmbedding(
  (patch_embed): Conv1d(10, 10, kernel_size=(1,), stride=(1,))
)
proprio_dim: 10, after repeat: 10
action_dim: 10, after repeat: 10
emb_dim: 404
Model emb_dim:  404
eval_seed:  [21, 22, 23, 24, 25, 26, 27, 28, 29, 30]
Dumped plan targets to /Users/suraj/Desktop/EAI_DINO/results/wall_transition/transition_run_v2/resume/resume_try1/budget_bB/uniform_int3/budget_bB/seed_2/plan_targets.pkl
Success rate:  0.0
{'success': array([False, False, False, False, False, False, False, False, False,
       False]), 'state_dist': array([53.9073659 , 46.17194619, 50.16310356, 48.0569485 , 30.22565547,
       29.66537801, 41.76974125, 24.17208455, 41.0257232 , 31.72065391])}
Success rate:  0.0
{'success': array([False, False, False, False, False, False, False, False, False,
       False]), 'state_dist': array([64.11242836, 52.89443645, 52.46654266, 52.16690118, 36.90997091,
       28.59955276, 39.50139898, 22.06376999, 45.93267554, 25.80368993])}
Success rate:  0.0
{'success': array([False, False, False, False, False, False, False, False, False,
       False]), 'state_dist': array([68.8231534 , 52.76248446, 52.1783866 , 54.16459201, 36.8443167 ,
       22.67741329, 44.84237372, 21.20024014, 46.0236705 , 28.24492251])}
MPC iter 0 Eval ------- 
Success rate:  0.0
{'success': array([False, False, False, False, False, False, False, False, False,
       False]), 'state_dist': array([68.8231534 , 52.76248446, 52.1783866 , 54.16459201, 36.8443167 ,
       22.67741329, 44.84237372, 21.20024014, 46.0236705 , 28.24492251])}
self.is_success:  [False False False False False False False False False False]
Success rate:  0.0
{'success': array([False, False, False, False, False, False, False, False, False,
       False]), 'state_dist': array([72.44287075, 51.68411226, 54.31318849, 54.02833048, 38.0759332 ,
       19.15528631, 45.33022839, 17.93887672, 41.60843785, 32.09026058])}
Success rate:  0.0
{'success': array([False, False, False, False, False, False, False, False, False,
       False]), 'state_dist': array([71.63011825, 51.13156895, 56.459915  , 54.02833048, 38.49194083,
       19.41608304, 45.37131286, 10.92750716, 40.90450122, 32.88967326])}
Success rate:  0.0
{'success': array([False, False, False, False, False, False, False, False, False,
       False]), 'state_dist': array([68.62032205, 51.18928656, 57.58747853, 54.02833048, 38.40631676,
       19.88419471, 45.37772462,  4.58055083, 40.47992426, 31.80356545])}
MPC iter 1 Eval ------- 
Success rate:  0.0
{'success': array([False, False, False, False, False, False, False, False, False,
       False]), 'state_dist': array([68.62032205, 51.18928656, 57.58747853, 54.02833048, 38.40631676,
       19.88419471, 45.37772462,  4.58055083, 40.47992426, 31.80356545])}
self.is_success:  [False False False False False False False False False False]
Success rate:  0.1
{'success': array([False, False, False, False, False, False, False,  True, False,
       False]), 'state_dist': array([72.60841053, 50.86215716, 57.41998661, 54.23782155, 41.48657032,
       22.90008252, 45.29050719,  2.78499757, 39.35289654, 29.84565718])}
Success rate:  0.0
{'success': array([False, False, False, False, False, False, False, False, False,
       False]), 'state_dist': array([72.59692866, 49.98998362, 57.55839268, 54.02833048, 41.07415951,
       19.71935257, 45.13262569,  6.16410283, 38.78313772, 30.2425022 ])}
Success rate:  0.0
{'success': array([False, False, False, False, False, False, False, False, False,
       False]), 'state_dist': array([71.50006537, 49.91145404, 56.88744474, 54.02833048, 42.80202912,
       21.22213195, 45.37772462, 12.00680745, 37.60252929, 35.07469684])}
MPC iter 2 Eval ------- 
Success rate:  0.0
{'success': array([False, False, False, False, False, False, False, False, False,
       False]), 'state_dist': array([71.50006537, 49.91145404, 56.88744474, 54.02833048, 42.80202912,
       21.22213195, 45.37772462, 12.00680745, 37.60252929, 35.07469684])}
self.is_success:  [False False False False False False False False False False]
Success rate:  0.0
{'success': array([False, False, False, False, False, False, False, False, False,
       False]), 'state_dist': array([71.50006537, 49.91145404, 56.88744474, 54.02833048, 42.80202912,
       21.22213195, 45.37772462, 12.00680745, 37.60252929, 35.07469684])}
[ok] variant=uniform_int3 budget=bB opt_steps=3 seed=2 success=0.0000
Grid run completed successfully.
[stage] Resume layerwise INT4 into isolated subfolder
Gym has been unmaintained since 2022 and does not support NumPy 2.0 amongst other critical functionality.
Please upgrade to Gymnasium, the maintained drop-in replacement of Gym, or contact the authors of your software and request that they upgrade.
See the migration guide at https://gymnasium.farama.org/introduction/migration_guide/ for additional information.
/Users/suraj/Desktop/EAI_DINO/third_party_dino_wm/custom_resolvers.py:4: UserWarning: 
The version_base parameter is not specified.
Please specify a compatability version level, or None.
Will assume defaults for version 1.1
  @hydra.main(config_path=None)
Using cache found in /Users/suraj/.cache/torch/hub/facebookresearch_dinov2_main
Planning device: mps
Loading wall dataset...
Loaded 1920 rollouts
[[102, 33, 1056, 1591, 354, 245, 790, 1323, 142, 1745, 1588, 1473, 38, 1192, 735, 832, 547, 1186, 843, 660, 869, 83, 695, 1629, 179, 1658, 157, 1758, 1747, 250, 312, 1361, 1163, 1798, 275, 1099, 1787, 964, 1066, 609, 1666, 774, 181, 1502, 407, 668, 593, 1623, 1101, 565, 1350, 1572, 1094, 512, 148, 809, 263, 1853, 908, 927, 626, 569, 1730, 757, 1574, 1866, 1107, 1706, 391, 1255, 947, 828, 1720, 1057, 19, 1364, 1575, 1914, 1562, 1909, 534, 973, 538, 1017, 646, 285, 309, 1884, 1059, 552, 697, 1702, 145, 819, 649, 665, 169, 1051, 171, 1529, 1470, 291, 1371, 1240, 1641, 1746, 1443, 1307, 1801, 369, 1365, 525, 167, 1121, 1430, 874, 528, 1459, 1617, 770, 359, 923, 507, 884, 1616, 1314, 1149, 1379, 891, 1442, 1047, 1887, 248, 1767, 1620, 283, 392, 1290, 1650, 242, 1399, 807, 159, 204, 775, 1827, 500, 1352, 700, 1265, 1102, 149, 1440, 1258, 1738, 347, 690, 468, 1726, 1234, 1126, 868, 1501, 621, 585, 1523, 121, 1108, 846, 1167, 1405, 114, 474, 1406, 195, 1144, 586, 384, 1680, 298, 308, 529, 901, 475, 992, 1811, 1655, 914, 1598, 560, 1452, 385, 1032, 1895, 756, 1893, 485, 1293, 1876, 378, 206, 61, 1762, 1335, 1779, 1062, 111, 550, 1357, 284, 1074, 880, 592, 712, 1454, 1660, 1067, 946, 1011, 193, 1838, 1072, 1065, 1267, 1217, 591, 678, 792, 180, 1313, 69, 84, 1603, 1775, 201, 1415, 457, 1359, 400, 1759, 1081, 554, 471, 1841, 446, 1670, 688, 140, 1600, 871, 1093, 460, 1831, 818, 940, 1128, 614, 1000, 987, 1048, 72, 465, 804, 1804, 826, 1006, 1129, 270, 954, 86, 107, 1744, 751, 1143, 1554, 1750, 556, 1692, 664, 943, 907, 1713, 881, 1793, 849, 972, 264, 1431, 1040, 1391, 680, 1864, 724, 1549, 455, 600, 389, 1301, 1262, 1073, 1216, 613, 314, 15, 657, 896, 549, 575, 719, 545, 937, 1585, 165, 1252, 338, 970, 1366, 1247, 1024, 14, 855, 212, 887, 977, 1225, 776, 10, 1903, 1423, 596, 726, 431, 959, 1159, 1033, 1458, 1196, 1526, 317, 1358, 454, 1647, 976, 773, 1786, 1462, 488, 41, 571, 1464, 599, 979, 864, 18, 306, 1299, 797, 332, 1424, 1286, 66, 51, 1230, 1527, 1042, 762, 219, 487, 1026, 1282, 1285, 1503, 1597, 1573, 758, 999, 30, 1215, 1315, 1227, 387, 1867, 1421, 220, 932, 1829, 26, 1822, 290, 1088, 1902, 429, 463, 197, 1156, 1539, 1491, 1027, 1901, 733, 1879, 833, 278, 1251, 1899, 1642, 73, 272, 1019, 1084, 1346, 1803, 845, 568, 286, 76, 956, 1237, 48, 939, 1601, 481, 1187, 176, 1231, 1545, 1664, 1244, 87, 47, 194, 1586, 1316, 1125, 1649, 1077, 995, 1665, 1428, 1219, 1712, 1038, 542, 998, 70, 929, 1648, 476, 886, 1134, 1733, 854, 853, 1283, 1432, 1723, 1269, 281, 1174, 110, 1685, 1868, 777, 1522, 353, 798, 1773, 409, 768, 1273, 1490, 221, 1154, 1499, 71, 1637, 720, 1850, 1198, 1755, 1915, 716, 1900, 1835, 672, 319, 1536, 226, 1472, 1602, 969, 492, 428, 895, 814, 1133, 62, 656, 1722, 1621, 1142, 1087, 524, 1590, 1030, 650, 1451, 1913, 1259, 1917, 544, 377, 862, 1202, 1177, 1274, 1123, 617, 605, 1106, 1855, 422, 1769, 362, 1721, 1329, 1206, 1506, 135, 1320, 217, 120, 1120, 1836, 710, 717, 1799, 1557, 722, 1694, 405, 375, 1034, 260, 1496, 411, 1672, 28, 637, 373, 1808, 134, 1012, 536, 1752, 983, 1135, 1576, 483, 13, 404, 841, 1172, 1041, 1843, 161, 847, 1369, 1910, 1782, 1671, 1376, 1856, 498, 806, 635, 1212, 438, 835, 1849, 1109, 1349, 1043, 2, 466, 610, 1165, 885, 951, 344, 300, 1807, 1908, 287, 1877, 705, 1872, 1581, 985, 328, 708, 730, 350, 307, 146, 840, 1180, 494, 16, 555, 1368, 1780, 779, 1771, 1203, 1754, 744, 863, 1684, 639, 1919, 738, 938, 1053, 618, 91, 1886, 1028, 472, 1050, 138, 131, 89, 416, 991, 1254, 467, 227, 1765, 1634, 1789, 1622, 1205, 1874, 839, 1151, 654, 1182, 815, 470, 670, 150, 718, 352, 1579, 879, 443, 1690, 32, 435, 1383, 501, 882, 1085, 1176, 1382, 1171, 686, 1140, 1105, 800, 1516, 1485, 516, 1475, 1434, 1911, 889, 239, 652, 1535, 1639, 335, 1325, 1784, 765, 663, 1224, 448, 1815, 739, 1812, 1076, 747, 1467, 732, 1654, 1828, 502, 1319, 1425, 1160, 1468, 368, 1732, 1248, 143, 808, 674, 713, 129, 1599, 288, 1005, 1643, 1729, 1918, 1064, 279, 1741, 406, 867, 729, 604, 1220, 750, 304, 936, 215, 1626, 1778, 1031, 1756, 305, 1699, 412, 1387, 1640, 210, 188, 253, 645, 1279, 349, 1898, 262, 1082, 213, 255, 1514, 1375, 576, 698, 986, 1119, 508, 1753, 104, 1296, 1380, 128, 163, 693, 1524, 924, 842, 812, 1348, 199, 1386, 1628, 1435, 1772, 817, 931, 334, 1360, 390, 1413, 1783, 944, 905, 1271, 1132, 1857, 35, 340, 1461, 506, 1150, 1455, 594, 1020, 1178, 1770, 1389, 1276, 1355, 1228, 990, 1480, 1100, 1326, 282, 1321, 852, 200, 1146, 1253, 49, 1682, 1221, 1840, 1525, 1037, 1170, 1800, 648, 1243, 266, 926, 782, 1667, 984, 570, 1289, 1860, 893, 1630, 479, 339, 246, 866, 1631, 211, 684, 60, 125, 1513, 836, 43, 1450, 515, 1256, 244, 1063, 1693, 913, 966, 54, 432, 1869, 254, 1916, 577, 1096, 540, 1075, 1261, 1871, 1587, 381, 634, 205, 269, 489, 1890, 37, 746, 386, 551, 1414, 953, 1403, 709, 622, 1497, 1561, 1324, 158, 624, 426, 1466, 44, 267, 994, 318, 1398, 397, 95, 786, 81, 1332, 837, 289, 865, 965, 67, 1696, 816, 1044, 820, 229, 1400, 1362, 491, 1139, 1873, 1338, 559, 1016, 1021, 1436, 1002, 1797, 40, 224, 1615, 1385, 941, 1308, 978, 794, 231, 834, 1675, 1736, 31, 1181, 562, 831, 1272, 767, 372, 1825, 1669, 760, 380, 1343, 42, 1351, 1337, 1441, 268, 1644, 1015, 52, 1469, 1861, 1481, 22, 1605, 361, 1381, 410, 1333, 975, 1046, 1595, 348, 1768, 366, 1281, 772, 974, 495, 358, 590, 187, 631, 1695, 687, 1328, 572, 588, 1805, 620, 1577, 1449, 1433, 1659, 320, 418, 346, 602, 573, 1709, 1300, 113, 427, 1891, 1341, 236, 1001, 370, 723, 1092, 1560, 379, 662, 79, 850, 1704, 824, 627, 436, 666, 1103, 653, 945, 1370, 1232, 587, 234, 103, 1858, 934, 1420, 123, 1818, 1310, 499, 1739, 1493, 1847, 1553, 740, 124, 1260, 1378, 1842, 1777, 1816, 1543, 749, 608, 1563, 996, 25, 101, 90, 459, 337, 122, 580, 829, 533, 292, 452, 1614, 1183, 1322, 1278, 521, 1136, 1190, 96, 259, 1645, 1008, 1888, 342, 445, 1504, 162, 382, 1894, 784, 1404, 1531, 1312, 444, 1097, 1447, 1280, 872, 168, 50, 1687, 1593, 1610, 98, 1242, 769, 642, 1309, 888, 433, 302, 1263, 1169, 1656, 1295, 243, 921, 1438, 1161, 877, 640, 1541, 24, 703, 980, 1173, 935, 1519, 440, 1512, 1137, 822, 1014, 310, 511, 583, 1518, 458, 274, 109, 856, 522, 11, 462, 1236, 232, 633, 1567, 1241, 989, 1725, 280, 875, 1083, 1833, 324, 1566, 249, 172, 696, 1505, 1010, 1477, 1327, 910, 861, 88, 99, 357, 437, 80, 1292, 764, 175, 395, 1716, 699, 1483, 1717, 673, 623, 1697, 1479, 1060, 1651, 553, 981, 218, 1110, 185, 77, 900, 371, 904, 1390, 21, 1882, 595, 1718, 1476, 152, 420, 918, 192, 1679, 1484, 1863, 787, 567, 851, 441, 530, 517, 1419, 1388, 329, 301, 1330, 876, 478, 1530, 676, 1844, 403, 74, 647, 728, 230, 519, 256, 737, 235, 1796, 182, 858, 504, 1287, 1124, 1229, 294, 625, 894, 759, 1544, 330, 1711, 505, 903, 1055, 1238, 1397, 1686, 136, 1275, 1580, 1584, 59, 1112, 1636, 166, 655, 1520, 1540, 374, 496, 414, 1226, 154, 860, 531, 1465, 1345, 1662, 1284, 669, 1627, 1408, 36, 191, 1748, 7, 1498, 802, 325, 957, 208, 228, 1201, 950, 1318, 155, 948, 133, 920, 442, 225, 611, 1633, 796, 667, 1652, 1304, 1609, 1611, 527, 1427, 1354, 689, 930, 870, 925, 56, 1402, 100, 189, 1068, 1737, 322, 523, 247, 971, 1445, 55, 579, 1374, 1571, 1521, 890, 785, 58, 671, 1608, 1168, 1742, 899, 299, 778, 1542, 761, 566, 46, 1708, 1719, 351, 1392, 651, 1764, 811, 449, 922, 261, 1036, 694, 127, 1114, 707, 1487, 1852, 1802, 873, 174, 1865, 1710, 763, 164, 1632, 345, 539, 1141, 805, 919, 911, 184, 548, 1422, 1625, 1155, 399, 1795, 1845, 1889, 1565, 45, 603, 1444, 1517, 1823, 1246, 477, 64, 1164, 1411, 781, 8, 1635, 1583, 1200, 241, 151, 177, 333, 629, 1453, 293, 1760, 636, 1239, 1115, 727, 273, 1394, 1266, 1184, 1619, 1743, 313, 1904, 982, 1367, 153, 564, 1806, 331, 1862, 1848, 606, 1264, 57, 97, 1774, 1814, 1086, 1029, 393, 1488, 85, 1509, 1550, 725, 1638, 1846, 1342, 1728, 993, 421, 1781, 681, 473, 1604, 364, 1613, 679, 780, 1885, 581, 1130, 116, 823, 355, 736, 75, 398, 557, 1740, 1515, 1596, 1250, 641, 1683, 198, 1363, 589, 1223, 1209, 417, 209, 1810, 9, 535, 1500, 1881, 1208, 909, 0, 702, 1897, 598, 1189, 748, 675, 1691, 1152, 755, 4, 1416, 830, 439, 1222, 1340, 692, 1003, 34, 356, 170, 1761, 1657, 1578, 401, 795, 1507, 997, 644, 1166, 447, 518, 563, 336, 1820, 343, 597, 844, 1058, 497, 311, 1463, 754, 1218, 1191, 1148, 1612, 1022, 1344, 1776, 942, 906, 1409, 1098, 130, 1418, 1830, 190, 1303, 1749, 607, 825, 92, 677, 628, 326, 715, 949, 27, 1537, 1025, 1439, 1277, 396, 1270, 53, 558, 584, 616, 630, 1533, 532, 1113, 612, 1080, 173, 1090, 838, 17, 897, 1306, 1311, 1131, 388, 1118, 1528, 1426, 1257, 1460, 1714, 1407, 144, 1734, 258, 1731, 526, 367, 1834, 126, 1104, 638, 791, 265, 223, 461, 1457, 139, 456, 1905, 1663, 1412, 1568, 1763, 883, 1661, 1678, 493, 1606, 1813, 541, 1757, 276, 296, 1673, 222, 1707, 183, 257, 615, 1478, 742, 376, 810, 661, 365, 156, 1298, 1701, 1653, 202, 1334, 1197, 1482, 106, 323, 1448, 1558, 1179, 1854, 902, 1049, 297, 216, 1268, 277, 1336, 1393, 65, 1456, 1052, 5, 1735, 1495, 1175, 988, 117, 721, 1788, 315, 1819, 1305, 1794, 520, 543, 1214, 917, 731, 1091, 1147, 1070, 68, 892, 1486, 464, 783, 115, 1883, 1372, 752, 383, 1122, 582, 1039, 1213, 574, 1594, 1870, 1111, 1792, 706, 1674, 233, 1607, 691, 1417, 1071, 711, 1538, 252, 741, 1396, 1211, 1429, 1906, 513, 799, 1384, 1138, 1688, 1681, 1045, 961, 743, 1824, 619, 766, 1727, 147, 827, 1117, 1547, 1892, 39, 82, 1546, 963, 178, 658, 1592, 425, 484, 415, 1204, 1331, 1207, 561, 912, 451, 1548, 1494, 1210, 1676, 685, 1291, 793, 632, 1018], [1054, 207, 1715, 1233, 514, 238, 1377, 1677, 878, 1624, 1145, 1009, 469, 962, 1194, 93, 1556, 1851, 1569, 1089, 745, 423, 23, 821, 29, 1401, 789, 1791, 788, 1079, 1347, 503, 1199, 753, 848, 1294, 801, 682, 955, 112, 1188, 402, 1878, 1817, 1288, 1821, 1245, 1302, 1007, 1705, 271, 510, 1510, 327, 1127, 486, 1555, 1004, 1589, 1511, 1700, 1373, 1668, 341, 1489, 1790, 1492, 321, 659, 578, 303, 118, 960, 453, 160, 683, 1832, 434, 701, 928, 480, 1446, 1552, 704, 94, 1317, 1410, 394, 186, 771, 859, 1395, 1646, 1570, 1353, 714, 1297, 360, 1153, 1185, 1766, 1471, 1013, 1356, 1437, 78, 63, 1618, 537, 482, 3, 450, 1339, 490, 857, 251, 898, 916, 546, 1809, 1689, 1078, 1069, 1, 1035, 1534, 1158, 203, 1837, 1095, 1235, 295, 933, 1474, 1559, 240, 105, 419, 1751, 1061, 1896, 1162, 1508, 1195, 237, 509, 1875, 6, 1564, 1698, 1907, 20, 1023, 1157, 1724, 132, 1912, 108, 1839, 734, 413, 316, 1249, 1880, 430, 915, 952, 813, 1532, 1116, 1859, 137, 1703, 141, 1785, 1582, 643, 119, 12, 968, 1193, 408, 214, 601, 967, 803, 1551, 363, 424, 958, 1826, 196]]
Resuming from epoch 65: /Users/suraj/Downloads/outputs/wall_single/checkpoints/model_latest.pth
num_action_repeat: 1
num_proprio_repeat: 1
proprio encoder: ProprioceptiveEmbedding(
  (patch_embed): Conv1d(2, 10, kernel_size=(1,), stride=(1,))
)
action encoder: ProprioceptiveEmbedding(
  (patch_embed): Conv1d(10, 10, kernel_size=(1,), stride=(1,))
)
proprio_dim: 10, after repeat: 10
action_dim: 10, after repeat: 10
emb_dim: 404
Model emb_dim:  404
eval_seed:  [11, 12, 13, 14, 15, 16, 17, 18, 19, 20]
Dumped plan targets to /Users/suraj/Desktop/EAI_DINO/results/wall_transition/transition_run_v2/resume/resume_try1/layerwise_int4/encfp16_0/budget_bA/seed_1/plan_targets.pkl
Success rate:  0.0
{'success': array([False, False, False, False, False, False, False, False, False,
       False]), 'state_dist': array([23.14457174, 29.51356966, 15.28558441, 44.39854245, 16.4522852 ,
       32.92075654, 23.17105698, 33.47650659, 30.13778198, 29.23467847])}
Success rate:  0.0
{'success': array([False, False, False, False, False, False, False, False, False,
       False]), 'state_dist': array([ 9.61010938, 22.49531484, 16.33850752, 33.71625408, 15.3560432 ,
       25.42252848, 22.39362549, 25.10525706, 28.96842135, 22.23971791])}
MPC iter 0 Eval ------- 
Success rate:  0.0
{'success': array([False, False, False, False, False, False, False, False, False,
       False]), 'state_dist': array([ 9.61010938, 22.49531484, 16.33850752, 33.71625408, 15.3560432 ,
       25.42252848, 22.39362549, 25.10525706, 28.96842135, 22.23971791])}
self.is_success:  [False False False False False False False False False False]
Success rate:  0.1
{'success': array([ True, False, False, False, False, False, False, False, False,
       False]), 'state_dist': array([ 3.76566074, 16.98722252, 16.40018407, 27.16842102, 13.73102909,
       16.18258752, 20.5887067 , 18.31346622, 20.87724251, 17.92213231])}
Success rate:  0.1
{'success': array([False, False, False, False, False,  True, False, False, False,
       False]), 'state_dist': array([ 7.09528583, 12.73383514, 17.43126948, 25.66293201, 14.89203169,
        4.18809088, 15.39240432,  7.85322469, 13.09757719, 17.61403237])}
MPC iter 1 Eval ------- 
Success rate:  0.1
{'success': array([False, False, False, False, False,  True, False, False, False,
       False]), 'state_dist': array([ 7.09528583, 12.73383514, 17.43126948, 25.66293201, 14.89203169,
        4.18809088, 15.39240432,  7.85322469, 13.09757719, 17.61403237])}
self.is_success:  [False False False False False  True False False False False]
Success rate:  0.1
{'success': array([False, False, False, False, False,  True, False, False, False,
       False]), 'state_dist': array([ 7.09528583, 12.73383514, 17.43126948, 25.66293201, 14.89203169,
        4.18809088, 15.39240432,  7.85322469, 13.09757719, 17.61403237])}
[ok] variant=encfp16_0 budget=bA opt_steps=2 seed=1 success=0.1000
Planning device: mps
Loading wall dataset...
Loaded 1920 rollouts
Using cache found in /Users/suraj/.cache/torch/hub/facebookresearch_dinov2_main
[[102, 33, 1056, 1591, 354, 245, 790, 1323, 142, 1745, 1588, 1473, 38, 1192, 735, 832, 547, 1186, 843, 660, 869, 83, 695, 1629, 179, 1658, 157, 1758, 1747, 250, 312, 1361, 1163, 1798, 275, 1099, 1787, 964, 1066, 609, 1666, 774, 181, 1502, 407, 668, 593, 1623, 1101, 565, 1350, 1572, 1094, 512, 148, 809, 263, 1853, 908, 927, 626, 569, 1730, 757, 1574, 1866, 1107, 1706, 391, 1255, 947, 828, 1720, 1057, 19, 1364, 1575, 1914, 1562, 1909, 534, 973, 538, 1017, 646, 285, 309, 1884, 1059, 552, 697, 1702, 145, 819, 649, 665, 169, 1051, 171, 1529, 1470, 291, 1371, 1240, 1641, 1746, 1443, 1307, 1801, 369, 1365, 525, 167, 1121, 1430, 874, 528, 1459, 1617, 770, 359, 923, 507, 884, 1616, 1314, 1149, 1379, 891, 1442, 1047, 1887, 248, 1767, 1620, 283, 392, 1290, 1650, 242, 1399, 807, 159, 204, 775, 1827, 500, 1352, 700, 1265, 1102, 149, 1440, 1258, 1738, 347, 690, 468, 1726, 1234, 1126, 868, 1501, 621, 585, 1523, 121, 1108, 846, 1167, 1405, 114, 474, 1406, 195, 1144, 586, 384, 1680, 298, 308, 529, 901, 475, 992, 1811, 1655, 914, 1598, 560, 1452, 385, 1032, 1895, 756, 1893, 485, 1293, 1876, 378, 206, 61, 1762, 1335, 1779, 1062, 111, 550, 1357, 284, 1074, 880, 592, 712, 1454, 1660, 1067, 946, 1011, 193, 1838, 1072, 1065, 1267, 1217, 591, 678, 792, 180, 1313, 69, 84, 1603, 1775, 201, 1415, 457, 1359, 400, 1759, 1081, 554, 471, 1841, 446, 1670, 688, 140, 1600, 871, 1093, 460, 1831, 818, 940, 1128, 614, 1000, 987, 1048, 72, 465, 804, 1804, 826, 1006, 1129, 270, 954, 86, 107, 1744, 751, 1143, 1554, 1750, 556, 1692, 664, 943, 907, 1713, 881, 1793, 849, 972, 264, 1431, 1040, 1391, 680, 1864, 724, 1549, 455, 600, 389, 1301, 1262, 1073, 1216, 613, 314, 15, 657, 896, 549, 575, 719, 545, 937, 1585, 165, 1252, 338, 970, 1366, 1247, 1024, 14, 855, 212, 887, 977, 1225, 776, 10, 1903, 1423, 596, 726, 431, 959, 1159, 1033, 1458, 1196, 1526, 317, 1358, 454, 1647, 976, 773, 1786, 1462, 488, 41, 571, 1464, 599, 979, 864, 18, 306, 1299, 797, 332, 1424, 1286, 66, 51, 1230, 1527, 1042, 762, 219, 487, 1026, 1282, 1285, 1503, 1597, 1573, 758, 999, 30, 1215, 1315, 1227, 387, 1867, 1421, 220, 932, 1829, 26, 1822, 290, 1088, 1902, 429, 463, 197, 1156, 1539, 1491, 1027, 1901, 733, 1879, 833, 278, 1251, 1899, 1642, 73, 272, 1019, 1084, 1346, 1803, 845, 568, 286, 76, 956, 1237, 48, 939, 1601, 481, 1187, 176, 1231, 1545, 1664, 1244, 87, 47, 194, 1586, 1316, 1125, 1649, 1077, 995, 1665, 1428, 1219, 1712, 1038, 542, 998, 70, 929, 1648, 476, 886, 1134, 1733, 854, 853, 1283, 1432, 1723, 1269, 281, 1174, 110, 1685, 1868, 777, 1522, 353, 798, 1773, 409, 768, 1273, 1490, 221, 1154, 1499, 71, 1637, 720, 1850, 1198, 1755, 1915, 716, 1900, 1835, 672, 319, 1536, 226, 1472, 1602, 969, 492, 428, 895, 814, 1133, 62, 656, 1722, 1621, 1142, 1087, 524, 1590, 1030, 650, 1451, 1913, 1259, 1917, 544, 377, 862, 1202, 1177, 1274, 1123, 617, 605, 1106, 1855, 422, 1769, 362, 1721, 1329, 1206, 1506, 135, 1320, 217, 120, 1120, 1836, 710, 717, 1799, 1557, 722, 1694, 405, 375, 1034, 260, 1496, 411, 1672, 28, 637, 373, 1808, 134, 1012, 536, 1752, 983, 1135, 1576, 483, 13, 404, 841, 1172, 1041, 1843, 161, 847, 1369, 1910, 1782, 1671, 1376, 1856, 498, 806, 635, 1212, 438, 835, 1849, 1109, 1349, 1043, 2, 466, 610, 1165, 885, 951, 344, 300, 1807, 1908, 287, 1877, 705, 1872, 1581, 985, 328, 708, 730, 350, 307, 146, 840, 1180, 494, 16, 555, 1368, 1780, 779, 1771, 1203, 1754, 744, 863, 1684, 639, 1919, 738, 938, 1053, 618, 91, 1886, 1028, 472, 1050, 138, 131, 89, 416, 991, 1254, 467, 227, 1765, 1634, 1789, 1622, 1205, 1874, 839, 1151, 654, 1182, 815, 470, 670, 150, 718, 352, 1579, 879, 443, 1690, 32, 435, 1383, 501, 882, 1085, 1176, 1382, 1171, 686, 1140, 1105, 800, 1516, 1485, 516, 1475, 1434, 1911, 889, 239, 652, 1535, 1639, 335, 1325, 1784, 765, 663, 1224, 448, 1815, 739, 1812, 1076, 747, 1467, 732, 1654, 1828, 502, 1319, 1425, 1160, 1468, 368, 1732, 1248, 143, 808, 674, 713, 129, 1599, 288, 1005, 1643, 1729, 1918, 1064, 279, 1741, 406, 867, 729, 604, 1220, 750, 304, 936, 215, 1626, 1778, 1031, 1756, 305, 1699, 412, 1387, 1640, 210, 188, 253, 645, 1279, 349, 1898, 262, 1082, 213, 255, 1514, 1375, 576, 698, 986, 1119, 508, 1753, 104, 1296, 1380, 128, 163, 693, 1524, 924, 842, 812, 1348, 199, 1386, 1628, 1435, 1772, 817, 931, 334, 1360, 390, 1413, 1783, 944, 905, 1271, 1132, 1857, 35, 340, 1461, 506, 1150, 1455, 594, 1020, 1178, 1770, 1389, 1276, 1355, 1228, 990, 1480, 1100, 1326, 282, 1321, 852, 200, 1146, 1253, 49, 1682, 1221, 1840, 1525, 1037, 1170, 1800, 648, 1243, 266, 926, 782, 1667, 984, 570, 1289, 1860, 893, 1630, 479, 339, 246, 866, 1631, 211, 684, 60, 125, 1513, 836, 43, 1450, 515, 1256, 244, 1063, 1693, 913, 966, 54, 432, 1869, 254, 1916, 577, 1096, 540, 1075, 1261, 1871, 1587, 381, 634, 205, 269, 489, 1890, 37, 746, 386, 551, 1414, 953, 1403, 709, 622, 1497, 1561, 1324, 158, 624, 426, 1466, 44, 267, 994, 318, 1398, 397, 95, 786, 81, 1332, 837, 289, 865, 965, 67, 1696, 816, 1044, 820, 229, 1400, 1362, 491, 1139, 1873, 1338, 559, 1016, 1021, 1436, 1002, 1797, 40, 224, 1615, 1385, 941, 1308, 978, 794, 231, 834, 1675, 1736, 31, 1181, 562, 831, 1272, 767, 372, 1825, 1669, 760, 380, 1343, 42, 1351, 1337, 1441, 268, 1644, 1015, 52, 1469, 1861, 1481, 22, 1605, 361, 1381, 410, 1333, 975, 1046, 1595, 348, 1768, 366, 1281, 772, 974, 495, 358, 590, 187, 631, 1695, 687, 1328, 572, 588, 1805, 620, 1577, 1449, 1433, 1659, 320, 418, 346, 602, 573, 1709, 1300, 113, 427, 1891, 1341, 236, 1001, 370, 723, 1092, 1560, 379, 662, 79, 850, 1704, 824, 627, 436, 666, 1103, 653, 945, 1370, 1232, 587, 234, 103, 1858, 934, 1420, 123, 1818, 1310, 499, 1739, 1493, 1847, 1553, 740, 124, 1260, 1378, 1842, 1777, 1816, 1543, 749, 608, 1563, 996, 25, 101, 90, 459, 337, 122, 580, 829, 533, 292, 452, 1614, 1183, 1322, 1278, 521, 1136, 1190, 96, 259, 1645, 1008, 1888, 342, 445, 1504, 162, 382, 1894, 784, 1404, 1531, 1312, 444, 1097, 1447, 1280, 872, 168, 50, 1687, 1593, 1610, 98, 1242, 769, 642, 1309, 888, 433, 302, 1263, 1169, 1656, 1295, 243, 921, 1438, 1161, 877, 640, 1541, 24, 703, 980, 1173, 935, 1519, 440, 1512, 1137, 822, 1014, 310, 511, 583, 1518, 458, 274, 109, 856, 522, 11, 462, 1236, 232, 633, 1567, 1241, 989, 1725, 280, 875, 1083, 1833, 324, 1566, 249, 172, 696, 1505, 1010, 1477, 1327, 910, 861, 88, 99, 357, 437, 80, 1292, 764, 175, 395, 1716, 699, 1483, 1717, 673, 623, 1697, 1479, 1060, 1651, 553, 981, 218, 1110, 185, 77, 900, 371, 904, 1390, 21, 1882, 595, 1718, 1476, 152, 420, 918, 192, 1679, 1484, 1863, 787, 567, 851, 441, 530, 517, 1419, 1388, 329, 301, 1330, 876, 478, 1530, 676, 1844, 403, 74, 647, 728, 230, 519, 256, 737, 235, 1796, 182, 858, 504, 1287, 1124, 1229, 294, 625, 894, 759, 1544, 330, 1711, 505, 903, 1055, 1238, 1397, 1686, 136, 1275, 1580, 1584, 59, 1112, 1636, 166, 655, 1520, 1540, 374, 496, 414, 1226, 154, 860, 531, 1465, 1345, 1662, 1284, 669, 1627, 1408, 36, 191, 1748, 7, 1498, 802, 325, 957, 208, 228, 1201, 950, 1318, 155, 948, 133, 920, 442, 225, 611, 1633, 796, 667, 1652, 1304, 1609, 1611, 527, 1427, 1354, 689, 930, 870, 925, 56, 1402, 100, 189, 1068, 1737, 322, 523, 247, 971, 1445, 55, 579, 1374, 1571, 1521, 890, 785, 58, 671, 1608, 1168, 1742, 899, 299, 778, 1542, 761, 566, 46, 1708, 1719, 351, 1392, 651, 1764, 811, 449, 922, 261, 1036, 694, 127, 1114, 707, 1487, 1852, 1802, 873, 174, 1865, 1710, 763, 164, 1632, 345, 539, 1141, 805, 919, 911, 184, 548, 1422, 1625, 1155, 399, 1795, 1845, 1889, 1565, 45, 603, 1444, 1517, 1823, 1246, 477, 64, 1164, 1411, 781, 8, 1635, 1583, 1200, 241, 151, 177, 333, 629, 1453, 293, 1760, 636, 1239, 1115, 727, 273, 1394, 1266, 1184, 1619, 1743, 313, 1904, 982, 1367, 153, 564, 1806, 331, 1862, 1848, 606, 1264, 57, 97, 1774, 1814, 1086, 1029, 393, 1488, 85, 1509, 1550, 725, 1638, 1846, 1342, 1728, 993, 421, 1781, 681, 473, 1604, 364, 1613, 679, 780, 1885, 581, 1130, 116, 823, 355, 736, 75, 398, 557, 1740, 1515, 1596, 1250, 641, 1683, 198, 1363, 589, 1223, 1209, 417, 209, 1810, 9, 535, 1500, 1881, 1208, 909, 0, 702, 1897, 598, 1189, 748, 675, 1691, 1152, 755, 4, 1416, 830, 439, 1222, 1340, 692, 1003, 34, 356, 170, 1761, 1657, 1578, 401, 795, 1507, 997, 644, 1166, 447, 518, 563, 336, 1820, 343, 597, 844, 1058, 497, 311, 1463, 754, 1218, 1191, 1148, 1612, 1022, 1344, 1776, 942, 906, 1409, 1098, 130, 1418, 1830, 190, 1303, 1749, 607, 825, 92, 677, 628, 326, 715, 949, 27, 1537, 1025, 1439, 1277, 396, 1270, 53, 558, 584, 616, 630, 1533, 532, 1113, 612, 1080, 173, 1090, 838, 17, 897, 1306, 1311, 1131, 388, 1118, 1528, 1426, 1257, 1460, 1714, 1407, 144, 1734, 258, 1731, 526, 367, 1834, 126, 1104, 638, 791, 265, 223, 461, 1457, 139, 456, 1905, 1663, 1412, 1568, 1763, 883, 1661, 1678, 493, 1606, 1813, 541, 1757, 276, 296, 1673, 222, 1707, 183, 257, 615, 1478, 742, 376, 810, 661, 365, 156, 1298, 1701, 1653, 202, 1334, 1197, 1482, 106, 323, 1448, 1558, 1179, 1854, 902, 1049, 297, 216, 1268, 277, 1336, 1393, 65, 1456, 1052, 5, 1735, 1495, 1175, 988, 117, 721, 1788, 315, 1819, 1305, 1794, 520, 543, 1214, 917, 731, 1091, 1147, 1070, 68, 892, 1486, 464, 783, 115, 1883, 1372, 752, 383, 1122, 582, 1039, 1213, 574, 1594, 1870, 1111, 1792, 706, 1674, 233, 1607, 691, 1417, 1071, 711, 1538, 252, 741, 1396, 1211, 1429, 1906, 513, 799, 1384, 1138, 1688, 1681, 1045, 961, 743, 1824, 619, 766, 1727, 147, 827, 1117, 1547, 1892, 39, 82, 1546, 963, 178, 658, 1592, 425, 484, 415, 1204, 1331, 1207, 561, 912, 451, 1548, 1494, 1210, 1676, 685, 1291, 793, 632, 1018], [1054, 207, 1715, 1233, 514, 238, 1377, 1677, 878, 1624, 1145, 1009, 469, 962, 1194, 93, 1556, 1851, 1569, 1089, 745, 423, 23, 821, 29, 1401, 789, 1791, 788, 1079, 1347, 503, 1199, 753, 848, 1294, 801, 682, 955, 112, 1188, 402, 1878, 1817, 1288, 1821, 1245, 1302, 1007, 1705, 271, 510, 1510, 327, 1127, 486, 1555, 1004, 1589, 1511, 1700, 1373, 1668, 341, 1489, 1790, 1492, 321, 659, 578, 303, 118, 960, 453, 160, 683, 1832, 434, 701, 928, 480, 1446, 1552, 704, 94, 1317, 1410, 394, 186, 771, 859, 1395, 1646, 1570, 1353, 714, 1297, 360, 1153, 1185, 1766, 1471, 1013, 1356, 1437, 78, 63, 1618, 537, 482, 3, 450, 1339, 490, 857, 251, 898, 916, 546, 1809, 1689, 1078, 1069, 1, 1035, 1534, 1158, 203, 1837, 1095, 1235, 295, 933, 1474, 1559, 240, 105, 419, 1751, 1061, 1896, 1162, 1508, 1195, 237, 509, 1875, 6, 1564, 1698, 1907, 20, 1023, 1157, 1724, 132, 1912, 108, 1839, 734, 413, 316, 1249, 1880, 430, 915, 952, 813, 1532, 1116, 1859, 137, 1703, 141, 1785, 1582, 643, 119, 12, 968, 1193, 408, 214, 601, 967, 803, 1551, 363, 424, 958, 1826, 196]]
Resuming from epoch 65: /Users/suraj/Downloads/outputs/wall_single/checkpoints/model_latest.pth
num_action_repeat: 1
num_proprio_repeat: 1
proprio encoder: ProprioceptiveEmbedding(
  (patch_embed): Conv1d(2, 10, kernel_size=(1,), stride=(1,))
)
action encoder: ProprioceptiveEmbedding(
  (patch_embed): Conv1d(10, 10, kernel_size=(1,), stride=(1,))
)
proprio_dim: 10, after repeat: 10
action_dim: 10, after repeat: 10
emb_dim: 404
Model emb_dim:  404
eval_seed:  [21, 22, 23, 24, 25, 26, 27, 28, 29, 30]
Dumped plan targets to /Users/suraj/Desktop/EAI_DINO/results/wall_transition/transition_run_v2/resume/resume_try1/layerwise_int4/encfp16_0/budget_bA/seed_2/plan_targets.pkl
Success rate:  0.0
{'success': array([False, False, False, False, False, False, False, False, False,
       False]), 'state_dist': array([37.78610208, 32.73359934, 34.39917125, 50.96747259, 15.27998602,
       22.78112234, 25.62210373, 22.4122008 , 29.29282719, 24.65686247])}
Success rate:  0.0
{'success': array([False, False, False, False, False, False, False, False, False,
       False]), 'state_dist': array([30.45765437, 24.73808433, 26.39615369, 51.48103637, 16.21997111,
       19.79219549, 22.35734704, 20.67632701, 24.54510542, 12.39812829])}
MPC iter 0 Eval ------- 
Success rate:  0.0
{'success': array([False, False, False, False, False, False, False, False, False,
       False]), 'state_dist': array([30.45765437, 24.73808433, 26.39615369, 51.48103637, 16.21997111,
       19.79219549, 22.35734704, 20.67632701, 24.54510542, 12.39812829])}
self.is_success:  [False False False False False False False False False False]
Success rate:  0.0
{'success': array([False, False, False, False, False, False, False, False, False,
       False]), 'state_dist': array([31.91579781, 23.93666398, 16.56355806, 53.92318563,  5.42268391,
       19.42230116, 20.56201835, 17.2663884 , 14.76830067,  9.6466995 ])}
Success rate:  0.1
{'success': array([False, False,  True, False, False, False, False, False, False,
       False]), 'state_dist': array([30.51320217, 24.30607147,  3.88265251, 54.00372666,  7.0414115 ,
       19.62059734, 20.98291764, 14.71855571,  7.9632342 ,  8.25381471])}
MPC iter 1 Eval ------- 
Success rate:  0.1
{'success': array([False, False,  True, False, False, False, False, False, False,
       False]), 'state_dist': array([30.51320217, 24.30607147,  3.88265251, 54.00372666,  7.0414115 ,
       19.62059734, 20.98291764, 14.71855571,  7.9632342 ,  8.25381471])}
self.is_success:  [False False  True False False False False False False False]
Success rate:  0.1
{'success': array([False, False,  True, False, False, False, False, False, False,
       False]), 'state_dist': array([30.51320217, 24.30607147,  3.88265251, 54.00372666,  7.0414115 ,
       19.62059734, 20.98291764, 14.71855571,  7.9632342 ,  8.25381471])}
[ok] variant=encfp16_0 budget=bA opt_steps=2 seed=2 success=0.1000
Planning device: mps
Loading wall dataset...
Loaded 1920 rollouts
Using cache found in /Users/suraj/.cache/torch/hub/facebookresearch_dinov2_main
[[102, 33, 1056, 1591, 354, 245, 790, 1323, 142, 1745, 1588, 1473, 38, 1192, 735, 832, 547, 1186, 843, 660, 869, 83, 695, 1629, 179, 1658, 157, 1758, 1747, 250, 312, 1361, 1163, 1798, 275, 1099, 1787, 964, 1066, 609, 1666, 774, 181, 1502, 407, 668, 593, 1623, 1101, 565, 1350, 1572, 1094, 512, 148, 809, 263, 1853, 908, 927, 626, 569, 1730, 757, 1574, 1866, 1107, 1706, 391, 1255, 947, 828, 1720, 1057, 19, 1364, 1575, 1914, 1562, 1909, 534, 973, 538, 1017, 646, 285, 309, 1884, 1059, 552, 697, 1702, 145, 819, 649, 665, 169, 1051, 171, 1529, 1470, 291, 1371, 1240, 1641, 1746, 1443, 1307, 1801, 369, 1365, 525, 167, 1121, 1430, 874, 528, 1459, 1617, 770, 359, 923, 507, 884, 1616, 1314, 1149, 1379, 891, 1442, 1047, 1887, 248, 1767, 1620, 283, 392, 1290, 1650, 242, 1399, 807, 159, 204, 775, 1827, 500, 1352, 700, 1265, 1102, 149, 1440, 1258, 1738, 347, 690, 468, 1726, 1234, 1126, 868, 1501, 621, 585, 1523, 121, 1108, 846, 1167, 1405, 114, 474, 1406, 195, 1144, 586, 384, 1680, 298, 308, 529, 901, 475, 992, 1811, 1655, 914, 1598, 560, 1452, 385, 1032, 1895, 756, 1893, 485, 1293, 1876, 378, 206, 61, 1762, 1335, 1779, 1062, 111, 550, 1357, 284, 1074, 880, 592, 712, 1454, 1660, 1067, 946, 1011, 193, 1838, 1072, 1065, 1267, 1217, 591, 678, 792, 180, 1313, 69, 84, 1603, 1775, 201, 1415, 457, 1359, 400, 1759, 1081, 554, 471, 1841, 446, 1670, 688, 140, 1600, 871, 1093, 460, 1831, 818, 940, 1128, 614, 1000, 987, 1048, 72, 465, 804, 1804, 826, 1006, 1129, 270, 954, 86, 107, 1744, 751, 1143, 1554, 1750, 556, 1692, 664, 943, 907, 1713, 881, 1793, 849, 972, 264, 1431, 1040, 1391, 680, 1864, 724, 1549, 455, 600, 389, 1301, 1262, 1073, 1216, 613, 314, 15, 657, 896, 549, 575, 719, 545, 937, 1585, 165, 1252, 338, 970, 1366, 1247, 1024, 14, 855, 212, 887, 977, 1225, 776, 10, 1903, 1423, 596, 726, 431, 959, 1159, 1033, 1458, 1196, 1526, 317, 1358, 454, 1647, 976, 773, 1786, 1462, 488, 41, 571, 1464, 599, 979, 864, 18, 306, 1299, 797, 332, 1424, 1286, 66, 51, 1230, 1527, 1042, 762, 219, 487, 1026, 1282, 1285, 1503, 1597, 1573, 758, 999, 30, 1215, 1315, 1227, 387, 1867, 1421, 220, 932, 1829, 26, 1822, 290, 1088, 1902, 429, 463, 197, 1156, 1539, 1491, 1027, 1901, 733, 1879, 833, 278, 1251, 1899, 1642, 73, 272, 1019, 1084, 1346, 1803, 845, 568, 286, 76, 956, 1237, 48, 939, 1601, 481, 1187, 176, 1231, 1545, 1664, 1244, 87, 47, 194, 1586, 1316, 1125, 1649, 1077, 995, 1665, 1428, 1219, 1712, 1038, 542, 998, 70, 929, 1648, 476, 886, 1134, 1733, 854, 853, 1283, 1432, 1723, 1269, 281, 1174, 110, 1685, 1868, 777, 1522, 353, 798, 1773, 409, 768, 1273, 1490, 221, 1154, 1499, 71, 1637, 720, 1850, 1198, 1755, 1915, 716, 1900, 1835, 672, 319, 1536, 226, 1472, 1602, 969, 492, 428, 895, 814, 1133, 62, 656, 1722, 1621, 1142, 1087, 524, 1590, 1030, 650, 1451, 1913, 1259, 1917, 544, 377, 862, 1202, 1177, 1274, 1123, 617, 605, 1106, 1855, 422, 1769, 362, 1721, 1329, 1206, 1506, 135, 1320, 217, 120, 1120, 1836, 710, 717, 1799, 1557, 722, 1694, 405, 375, 1034, 260, 1496, 411, 1672, 28, 637, 373, 1808, 134, 1012, 536, 1752, 983, 1135, 1576, 483, 13, 404, 841, 1172, 1041, 1843, 161, 847, 1369, 1910, 1782, 1671, 1376, 1856, 498, 806, 635, 1212, 438, 835, 1849, 1109, 1349, 1043, 2, 466, 610, 1165, 885, 951, 344, 300, 1807, 1908, 287, 1877, 705, 1872, 1581, 985, 328, 708, 730, 350, 307, 146, 840, 1180, 494, 16, 555, 1368, 1780, 779, 1771, 1203, 1754, 744, 863, 1684, 639, 1919, 738, 938, 1053, 618, 91, 1886, 1028, 472, 1050, 138, 131, 89, 416, 991, 1254, 467, 227, 1765, 1634, 1789, 1622, 1205, 1874, 839, 1151, 654, 1182, 815, 470, 670, 150, 718, 352, 1579, 879, 443, 1690, 32, 435, 1383, 501, 882, 1085, 1176, 1382, 1171, 686, 1140, 1105, 800, 1516, 1485, 516, 1475, 1434, 1911, 889, 239, 652, 1535, 1639, 335, 1325, 1784, 765, 663, 1224, 448, 1815, 739, 1812, 1076, 747, 1467, 732, 1654, 1828, 502, 1319, 1425, 1160, 1468, 368, 1732, 1248, 143, 808, 674, 713, 129, 1599, 288, 1005, 1643, 1729, 1918, 1064, 279, 1741, 406, 867, 729, 604, 1220, 750, 304, 936, 215, 1626, 1778, 1031, 1756, 305, 1699, 412, 1387, 1640, 210, 188, 253, 645, 1279, 349, 1898, 262, 1082, 213, 255, 1514, 1375, 576, 698, 986, 1119, 508, 1753, 104, 1296, 1380, 128, 163, 693, 1524, 924, 842, 812, 1348, 199, 1386, 1628, 1435, 1772, 817, 931, 334, 1360, 390, 1413, 1783, 944, 905, 1271, 1132, 1857, 35, 340, 1461, 506, 1150, 1455, 594, 1020, 1178, 1770, 1389, 1276, 1355, 1228, 990, 1480, 1100, 1326, 282, 1321, 852, 200, 1146, 1253, 49, 1682, 1221, 1840, 1525, 1037, 1170, 1800, 648, 1243, 266, 926, 782, 1667, 984, 570, 1289, 1860, 893, 1630, 479, 339, 246, 866, 1631, 211, 684, 60, 125, 1513, 836, 43, 1450, 515, 1256, 244, 1063, 1693, 913, 966, 54, 432, 1869, 254, 1916, 577, 1096, 540, 1075, 1261, 1871, 1587, 381, 634, 205, 269, 489, 1890, 37, 746, 386, 551, 1414, 953, 1403, 709, 622, 1497, 1561, 1324, 158, 624, 426, 1466, 44, 267, 994, 318, 1398, 397, 95, 786, 81, 1332, 837, 289, 865, 965, 67, 1696, 816, 1044, 820, 229, 1400, 1362, 491, 1139, 1873, 1338, 559, 1016, 1021, 1436, 1002, 1797, 40, 224, 1615, 1385, 941, 1308, 978, 794, 231, 834, 1675, 1736, 31, 1181, 562, 831, 1272, 767, 372, 1825, 1669, 760, 380, 1343, 42, 1351, 1337, 1441, 268, 1644, 1015, 52, 1469, 1861, 1481, 22, 1605, 361, 1381, 410, 1333, 975, 1046, 1595, 348, 1768, 366, 1281, 772, 974, 495, 358, 590, 187, 631, 1695, 687, 1328, 572, 588, 1805, 620, 1577, 1449, 1433, 1659, 320, 418, 346, 602, 573, 1709, 1300, 113, 427, 1891, 1341, 236, 1001, 370, 723, 1092, 1560, 379, 662, 79, 850, 1704, 824, 627, 436, 666, 1103, 653, 945, 1370, 1232, 587, 234, 103, 1858, 934, 1420, 123, 1818, 1310, 499, 1739, 1493, 1847, 1553, 740, 124, 1260, 1378, 1842, 1777, 1816, 1543, 749, 608, 1563, 996, 25, 101, 90, 459, 337, 122, 580, 829, 533, 292, 452, 1614, 1183, 1322, 1278, 521, 1136, 1190, 96, 259, 1645, 1008, 1888, 342, 445, 1504, 162, 382, 1894, 784, 1404, 1531, 1312, 444, 1097, 1447, 1280, 872, 168, 50, 1687, 1593, 1610, 98, 1242, 769, 642, 1309, 888, 433, 302, 1263, 1169, 1656, 1295, 243, 921, 1438, 1161, 877, 640, 1541, 24, 703, 980, 1173, 935, 1519, 440, 1512, 1137, 822, 1014, 310, 511, 583, 1518, 458, 274, 109, 856, 522, 11, 462, 1236, 232, 633, 1567, 1241, 989, 1725, 280, 875, 1083, 1833, 324, 1566, 249, 172, 696, 1505, 1010, 1477, 1327, 910, 861, 88, 99, 357, 437, 80, 1292, 764, 175, 395, 1716, 699, 1483, 1717, 673, 623, 1697, 1479, 1060, 1651, 553, 981, 218, 1110, 185, 77, 900, 371, 904, 1390, 21, 1882, 595, 1718, 1476, 152, 420, 918, 192, 1679, 1484, 1863, 787, 567, 851, 441, 530, 517, 1419, 1388, 329, 301, 1330, 876, 478, 1530, 676, 1844, 403, 74, 647, 728, 230, 519, 256, 737, 235, 1796, 182, 858, 504, 1287, 1124, 1229, 294, 625, 894, 759, 1544, 330, 1711, 505, 903, 1055, 1238, 1397, 1686, 136, 1275, 1580, 1584, 59, 1112, 1636, 166, 655, 1520, 1540, 374, 496, 414, 1226, 154, 860, 531, 1465, 1345, 1662, 1284, 669, 1627, 1408, 36, 191, 1748, 7, 1498, 802, 325, 957, 208, 228, 1201, 950, 1318, 155, 948, 133, 920, 442, 225, 611, 1633, 796, 667, 1652, 1304, 1609, 1611, 527, 1427, 1354, 689, 930, 870, 925, 56, 1402, 100, 189, 1068, 1737, 322, 523, 247, 971, 1445, 55, 579, 1374, 1571, 1521, 890, 785, 58, 671, 1608, 1168, 1742, 899, 299, 778, 1542, 761, 566, 46, 1708, 1719, 351, 1392, 651, 1764, 811, 449, 922, 261, 1036, 694, 127, 1114, 707, 1487, 1852, 1802, 873, 174, 1865, 1710, 763, 164, 1632, 345, 539, 1141, 805, 919, 911, 184, 548, 1422, 1625, 1155, 399, 1795, 1845, 1889, 1565, 45, 603, 1444, 1517, 1823, 1246, 477, 64, 1164, 1411, 781, 8, 1635, 1583, 1200, 241, 151, 177, 333, 629, 1453, 293, 1760, 636, 1239, 1115, 727, 273, 1394, 1266, 1184, 1619, 1743, 313, 1904, 982, 1367, 153, 564, 1806, 331, 1862, 1848, 606, 1264, 57, 97, 1774, 1814, 1086, 1029, 393, 1488, 85, 1509, 1550, 725, 1638, 1846, 1342, 1728, 993, 421, 1781, 681, 473, 1604, 364, 1613, 679, 780, 1885, 581, 1130, 116, 823, 355, 736, 75, 398, 557, 1740, 1515, 1596, 1250, 641, 1683, 198, 1363, 589, 1223, 1209, 417, 209, 1810, 9, 535, 1500, 1881, 1208, 909, 0, 702, 1897, 598, 1189, 748, 675, 1691, 1152, 755, 4, 1416, 830, 439, 1222, 1340, 692, 1003, 34, 356, 170, 1761, 1657, 1578, 401, 795, 1507, 997, 644, 1166, 447, 518, 563, 336, 1820, 343, 597, 844, 1058, 497, 311, 1463, 754, 1218, 1191, 1148, 1612, 1022, 1344, 1776, 942, 906, 1409, 1098, 130, 1418, 1830, 190, 1303, 1749, 607, 825, 92, 677, 628, 326, 715, 949, 27, 1537, 1025, 1439, 1277, 396, 1270, 53, 558, 584, 616, 630, 1533, 532, 1113, 612, 1080, 173, 1090, 838, 17, 897, 1306, 1311, 1131, 388, 1118, 1528, 1426, 1257, 1460, 1714, 1407, 144, 1734, 258, 1731, 526, 367, 1834, 126, 1104, 638, 791, 265, 223, 461, 1457, 139, 456, 1905, 1663, 1412, 1568, 1763, 883, 1661, 1678, 493, 1606, 1813, 541, 1757, 276, 296, 1673, 222, 1707, 183, 257, 615, 1478, 742, 376, 810, 661, 365, 156, 1298, 1701, 1653, 202, 1334, 1197, 1482, 106, 323, 1448, 1558, 1179, 1854, 902, 1049, 297, 216, 1268, 277, 1336, 1393, 65, 1456, 1052, 5, 1735, 1495, 1175, 988, 117, 721, 1788, 315, 1819, 1305, 1794, 520, 543, 1214, 917, 731, 1091, 1147, 1070, 68, 892, 1486, 464, 783, 115, 1883, 1372, 752, 383, 1122, 582, 1039, 1213, 574, 1594, 1870, 1111, 1792, 706, 1674, 233, 1607, 691, 1417, 1071, 711, 1538, 252, 741, 1396, 1211, 1429, 1906, 513, 799, 1384, 1138, 1688, 1681, 1045, 961, 743, 1824, 619, 766, 1727, 147, 827, 1117, 1547, 1892, 39, 82, 1546, 963, 178, 658, 1592, 425, 484, 415, 1204, 1331, 1207, 561, 912, 451, 1548, 1494, 1210, 1676, 685, 1291, 793, 632, 1018], [1054, 207, 1715, 1233, 514, 238, 1377, 1677, 878, 1624, 1145, 1009, 469, 962, 1194, 93, 1556, 1851, 1569, 1089, 745, 423, 23, 821, 29, 1401, 789, 1791, 788, 1079, 1347, 503, 1199, 753, 848, 1294, 801, 682, 955, 112, 1188, 402, 1878, 1817, 1288, 1821, 1245, 1302, 1007, 1705, 271, 510, 1510, 327, 1127, 486, 1555, 1004, 1589, 1511, 1700, 1373, 1668, 341, 1489, 1790, 1492, 321, 659, 578, 303, 118, 960, 453, 160, 683, 1832, 434, 701, 928, 480, 1446, 1552, 704, 94, 1317, 1410, 394, 186, 771, 859, 1395, 1646, 1570, 1353, 714, 1297, 360, 1153, 1185, 1766, 1471, 1013, 1356, 1437, 78, 63, 1618, 537, 482, 3, 450, 1339, 490, 857, 251, 898, 916, 546, 1809, 1689, 1078, 1069, 1, 1035, 1534, 1158, 203, 1837, 1095, 1235, 295, 933, 1474, 1559, 240, 105, 419, 1751, 1061, 1896, 1162, 1508, 1195, 237, 509, 1875, 6, 1564, 1698, 1907, 20, 1023, 1157, 1724, 132, 1912, 108, 1839, 734, 413, 316, 1249, 1880, 430, 915, 952, 813, 1532, 1116, 1859, 137, 1703, 141, 1785, 1582, 643, 119, 12, 968, 1193, 408, 214, 601, 967, 803, 1551, 363, 424, 958, 1826, 196]]
Resuming from epoch 65: /Users/suraj/Downloads/outputs/wall_single/checkpoints/model_latest.pth
num_action_repeat: 1
num_proprio_repeat: 1
proprio encoder: ProprioceptiveEmbedding(
  (patch_embed): Conv1d(2, 10, kernel_size=(1,), stride=(1,))
)
action encoder: ProprioceptiveEmbedding(
  (patch_embed): Conv1d(10, 10, kernel_size=(1,), stride=(1,))
)
proprio_dim: 10, after repeat: 10
action_dim: 10, after repeat: 10
emb_dim: 404
Model emb_dim:  404
eval_seed:  [11, 12, 13, 14, 15, 16, 17, 18, 19, 20]
Dumped plan targets to /Users/suraj/Desktop/EAI_DINO/results/wall_transition/transition_run_v2/resume/resume_try1/layerwise_int4/encfp16_25/budget_bA/seed_1/plan_targets.pkl
Success rate:  0.0
{'success': array([False, False, False, False, False, False, False, False, False,
       False]), 'state_dist': array([18.78411124, 28.57448631, 14.59759349, 43.09911645, 16.82946985,
       31.89849914, 21.66435853, 32.18736816, 30.31559162, 29.03856091])}
Success rate:  0.0
{'success': array([False, False, False, False, False, False, False, False, False,
       False]), 'state_dist': array([ 8.03962937, 22.7333578 , 15.39556163, 33.07274991, 14.06749754,
       24.84912011, 22.98089308, 27.01439625, 26.44527961, 23.86188369])}
MPC iter 0 Eval ------- 
Success rate:  0.0
{'success': array([False, False, False, False, False, False, False, False, False,
       False]), 'state_dist': array([ 8.03962937, 22.7333578 , 15.39556163, 33.07274991, 14.06749754,
       24.84912011, 22.98089308, 27.01439625, 26.44527961, 23.86188369])}
self.is_success:  [False False False False False False False False False False]
Success rate:  0.0
{'success': array([False, False, False, False, False, False, False, False, False,
       False]), 'state_dist': array([ 4.71937106, 18.99243406, 14.73421182, 28.69653413,  8.44032241,
       20.47629832, 24.46710002, 20.32060225, 20.72145675, 17.64593225])}
Success rate:  0.0
{'success': array([False, False, False, False, False, False, False, False, False,
       False]), 'state_dist': array([ 6.47705051, 15.35549585, 15.25999344, 22.50377488,  5.40499257,
       12.44826967, 18.95371552,  6.73124468, 10.3878892 , 17.43389738])}
MPC iter 1 Eval ------- 
Success rate:  0.0
{'success': array([False, False, False, False, False, False, False, False, False,
       False]), 'state_dist': array([ 6.47705051, 15.35549585, 15.25999344, 22.50377488,  5.40499257,
       12.44826967, 18.95371552,  6.73124468, 10.3878892 , 17.43389738])}
self.is_success:  [False False False False False False False False False False]
Success rate:  0.0
{'success': array([False, False, False, False, False, False, False, False, False,
       False]), 'state_dist': array([ 6.47705051, 15.35549585, 15.25999344, 22.50377488,  5.40499257,
       12.44826967, 18.95371552,  6.73124468, 10.3878892 , 17.43389738])}
[ok] variant=encfp16_25 budget=bA opt_steps=2 seed=1 success=0.0000
Planning device: mps
Loading wall dataset...
Loaded 1920 rollouts
Using cache found in /Users/suraj/.cache/torch/hub/facebookresearch_dinov2_main
[[102, 33, 1056, 1591, 354, 245, 790, 1323, 142, 1745, 1588, 1473, 38, 1192, 735, 832, 547, 1186, 843, 660, 869, 83, 695, 1629, 179, 1658, 157, 1758, 1747, 250, 312, 1361, 1163, 1798, 275, 1099, 1787, 964, 1066, 609, 1666, 774, 181, 1502, 407, 668, 593, 1623, 1101, 565, 1350, 1572, 1094, 512, 148, 809, 263, 1853, 908, 927, 626, 569, 1730, 757, 1574, 1866, 1107, 1706, 391, 1255, 947, 828, 1720, 1057, 19, 1364, 1575, 1914, 1562, 1909, 534, 973, 538, 1017, 646, 285, 309, 1884, 1059, 552, 697, 1702, 145, 819, 649, 665, 169, 1051, 171, 1529, 1470, 291, 1371, 1240, 1641, 1746, 1443, 1307, 1801, 369, 1365, 525, 167, 1121, 1430, 874, 528, 1459, 1617, 770, 359, 923, 507, 884, 1616, 1314, 1149, 1379, 891, 1442, 1047, 1887, 248, 1767, 1620, 283, 392, 1290, 1650, 242, 1399, 807, 159, 204, 775, 1827, 500, 1352, 700, 1265, 1102, 149, 1440, 1258, 1738, 347, 690, 468, 1726, 1234, 1126, 868, 1501, 621, 585, 1523, 121, 1108, 846, 1167, 1405, 114, 474, 1406, 195, 1144, 586, 384, 1680, 298, 308, 529, 901, 475, 992, 1811, 1655, 914, 1598, 560, 1452, 385, 1032, 1895, 756, 1893, 485, 1293, 1876, 378, 206, 61, 1762, 1335, 1779, 1062, 111, 550, 1357, 284, 1074, 880, 592, 712, 1454, 1660, 1067, 946, 1011, 193, 1838, 1072, 1065, 1267, 1217, 591, 678, 792, 180, 1313, 69, 84, 1603, 1775, 201, 1415, 457, 1359, 400, 1759, 1081, 554, 471, 1841, 446, 1670, 688, 140, 1600, 871, 1093, 460, 1831, 818, 940, 1128, 614, 1000, 987, 1048, 72, 465, 804, 1804, 826, 1006, 1129, 270, 954, 86, 107, 1744, 751, 1143, 1554, 1750, 556, 1692, 664, 943, 907, 1713, 881, 1793, 849, 972, 264, 1431, 1040, 1391, 680, 1864, 724, 1549, 455, 600, 389, 1301, 1262, 1073, 1216, 613, 314, 15, 657, 896, 549, 575, 719, 545, 937, 1585, 165, 1252, 338, 970, 1366, 1247, 1024, 14, 855, 212, 887, 977, 1225, 776, 10, 1903, 1423, 596, 726, 431, 959, 1159, 1033, 1458, 1196, 1526, 317, 1358, 454, 1647, 976, 773, 1786, 1462, 488, 41, 571, 1464, 599, 979, 864, 18, 306, 1299, 797, 332, 1424, 1286, 66, 51, 1230, 1527, 1042, 762, 219, 487, 1026, 1282, 1285, 1503, 1597, 1573, 758, 999, 30, 1215, 1315, 1227, 387, 1867, 1421, 220, 932, 1829, 26, 1822, 290, 1088, 1902, 429, 463, 197, 1156, 1539, 1491, 1027, 1901, 733, 1879, 833, 278, 1251, 1899, 1642, 73, 272, 1019, 1084, 1346, 1803, 845, 568, 286, 76, 956, 1237, 48, 939, 1601, 481, 1187, 176, 1231, 1545, 1664, 1244, 87, 47, 194, 1586, 1316, 1125, 1649, 1077, 995, 1665, 1428, 1219, 1712, 1038, 542, 998, 70, 929, 1648, 476, 886, 1134, 1733, 854, 853, 1283, 1432, 1723, 1269, 281, 1174, 110, 1685, 1868, 777, 1522, 353, 798, 1773, 409, 768, 1273, 1490, 221, 1154, 1499, 71, 1637, 720, 1850, 1198, 1755, 1915, 716, 1900, 1835, 672, 319, 1536, 226, 1472, 1602, 969, 492, 428, 895, 814, 1133, 62, 656, 1722, 1621, 1142, 1087, 524, 1590, 1030, 650, 1451, 1913, 1259, 1917, 544, 377, 862, 1202, 1177, 1274, 1123, 617, 605, 1106, 1855, 422, 1769, 362, 1721, 1329, 1206, 1506, 135, 1320, 217, 120, 1120, 1836, 710, 717, 1799, 1557, 722, 1694, 405, 375, 1034, 260, 1496, 411, 1672, 28, 637, 373, 1808, 134, 1012, 536, 1752, 983, 1135, 1576, 483, 13, 404, 841, 1172, 1041, 1843, 161, 847, 1369, 1910, 1782, 1671, 1376, 1856, 498, 806, 635, 1212, 438, 835, 1849, 1109, 1349, 1043, 2, 466, 610, 1165, 885, 951, 344, 300, 1807, 1908, 287, 1877, 705, 1872, 1581, 985, 328, 708, 730, 350, 307, 146, 840, 1180, 494, 16, 555, 1368, 1780, 779, 1771, 1203, 1754, 744, 863, 1684, 639, 1919, 738, 938, 1053, 618, 91, 1886, 1028, 472, 1050, 138, 131, 89, 416, 991, 1254, 467, 227, 1765, 1634, 1789, 1622, 1205, 1874, 839, 1151, 654, 1182, 815, 470, 670, 150, 718, 352, 1579, 879, 443, 1690, 32, 435, 1383, 501, 882, 1085, 1176, 1382, 1171, 686, 1140, 1105, 800, 1516, 1485, 516, 1475, 1434, 1911, 889, 239, 652, 1535, 1639, 335, 1325, 1784, 765, 663, 1224, 448, 1815, 739, 1812, 1076, 747, 1467, 732, 1654, 1828, 502, 1319, 1425, 1160, 1468, 368, 1732, 1248, 143, 808, 674, 713, 129, 1599, 288, 1005, 1643, 1729, 1918, 1064, 279, 1741, 406, 867, 729, 604, 1220, 750, 304, 936, 215, 1626, 1778, 1031, 1756, 305, 1699, 412, 1387, 1640, 210, 188, 253, 645, 1279, 349, 1898, 262, 1082, 213, 255, 1514, 1375, 576, 698, 986, 1119, 508, 1753, 104, 1296, 1380, 128, 163, 693, 1524, 924, 842, 812, 1348, 199, 1386, 1628, 1435, 1772, 817, 931, 334, 1360, 390, 1413, 1783, 944, 905, 1271, 1132, 1857, 35, 340, 1461, 506, 1150, 1455, 594, 1020, 1178, 1770, 1389, 1276, 1355, 1228, 990, 1480, 1100, 1326, 282, 1321, 852, 200, 1146, 1253, 49, 1682, 1221, 1840, 1525, 1037, 1170, 1800, 648, 1243, 266, 926, 782, 1667, 984, 570, 1289, 1860, 893, 1630, 479, 339, 246, 866, 1631, 211, 684, 60, 125, 1513, 836, 43, 1450, 515, 1256, 244, 1063, 1693, 913, 966, 54, 432, 1869, 254, 1916, 577, 1096, 540, 1075, 1261, 1871, 1587, 381, 634, 205, 269, 489, 1890, 37, 746, 386, 551, 1414, 953, 1403, 709, 622, 1497, 1561, 1324, 158, 624, 426, 1466, 44, 267, 994, 318, 1398, 397, 95, 786, 81, 1332, 837, 289, 865, 965, 67, 1696, 816, 1044, 820, 229, 1400, 1362, 491, 1139, 1873, 1338, 559, 1016, 1021, 1436, 1002, 1797, 40, 224, 1615, 1385, 941, 1308, 978, 794, 231, 834, 1675, 1736, 31, 1181, 562, 831, 1272, 767, 372, 1825, 1669, 760, 380, 1343, 42, 1351, 1337, 1441, 268, 1644, 1015, 52, 1469, 1861, 1481, 22, 1605, 361, 1381, 410, 1333, 975, 1046, 1595, 348, 1768, 366, 1281, 772, 974, 495, 358, 590, 187, 631, 1695, 687, 1328, 572, 588, 1805, 620, 1577, 1449, 1433, 1659, 320, 418, 346, 602, 573, 1709, 1300, 113, 427, 1891, 1341, 236, 1001, 370, 723, 1092, 1560, 379, 662, 79, 850, 1704, 824, 627, 436, 666, 1103, 653, 945, 1370, 1232, 587, 234, 103, 1858, 934, 1420, 123, 1818, 1310, 499, 1739, 1493, 1847, 1553, 740, 124, 1260, 1378, 1842, 1777, 1816, 1543, 749, 608, 1563, 996, 25, 101, 90, 459, 337, 122, 580, 829, 533, 292, 452, 1614, 1183, 1322, 1278, 521, 1136, 1190, 96, 259, 1645, 1008, 1888, 342, 445, 1504, 162, 382, 1894, 784, 1404, 1531, 1312, 444, 1097, 1447, 1280, 872, 168, 50, 1687, 1593, 1610, 98, 1242, 769, 642, 1309, 888, 433, 302, 1263, 1169, 1656, 1295, 243, 921, 1438, 1161, 877, 640, 1541, 24, 703, 980, 1173, 935, 1519, 440, 1512, 1137, 822, 1014, 310, 511, 583, 1518, 458, 274, 109, 856, 522, 11, 462, 1236, 232, 633, 1567, 1241, 989, 1725, 280, 875, 1083, 1833, 324, 1566, 249, 172, 696, 1505, 1010, 1477, 1327, 910, 861, 88, 99, 357, 437, 80, 1292, 764, 175, 395, 1716, 699, 1483, 1717, 673, 623, 1697, 1479, 1060, 1651, 553, 981, 218, 1110, 185, 77, 900, 371, 904, 1390, 21, 1882, 595, 1718, 1476, 152, 420, 918, 192, 1679, 1484, 1863, 787, 567, 851, 441, 530, 517, 1419, 1388, 329, 301, 1330, 876, 478, 1530, 676, 1844, 403, 74, 647, 728, 230, 519, 256, 737, 235, 1796, 182, 858, 504, 1287, 1124, 1229, 294, 625, 894, 759, 1544, 330, 1711, 505, 903, 1055, 1238, 1397, 1686, 136, 1275, 1580, 1584, 59, 1112, 1636, 166, 655, 1520, 1540, 374, 496, 414, 1226, 154, 860, 531, 1465, 1345, 1662, 1284, 669, 1627, 1408, 36, 191, 1748, 7, 1498, 802, 325, 957, 208, 228, 1201, 950, 1318, 155, 948, 133, 920, 442, 225, 611, 1633, 796, 667, 1652, 1304, 1609, 1611, 527, 1427, 1354, 689, 930, 870, 925, 56, 1402, 100, 189, 1068, 1737, 322, 523, 247, 971, 1445, 55, 579, 1374, 1571, 1521, 890, 785, 58, 671, 1608, 1168, 1742, 899, 299, 778, 1542, 761, 566, 46, 1708, 1719, 351, 1392, 651, 1764, 811, 449, 922, 261, 1036, 694, 127, 1114, 707, 1487, 1852, 1802, 873, 174, 1865, 1710, 763, 164, 1632, 345, 539, 1141, 805, 919, 911, 184, 548, 1422, 1625, 1155, 399, 1795, 1845, 1889, 1565, 45, 603, 1444, 1517, 1823, 1246, 477, 64, 1164, 1411, 781, 8, 1635, 1583, 1200, 241, 151, 177, 333, 629, 1453, 293, 1760, 636, 1239, 1115, 727, 273, 1394, 1266, 1184, 1619, 1743, 313, 1904, 982, 1367, 153, 564, 1806, 331, 1862, 1848, 606, 1264, 57, 97, 1774, 1814, 1086, 1029, 393, 1488, 85, 1509, 1550, 725, 1638, 1846, 1342, 1728, 993, 421, 1781, 681, 473, 1604, 364, 1613, 679, 780, 1885, 581, 1130, 116, 823, 355, 736, 75, 398, 557, 1740, 1515, 1596, 1250, 641, 1683, 198, 1363, 589, 1223, 1209, 417, 209, 1810, 9, 535, 1500, 1881, 1208, 909, 0, 702, 1897, 598, 1189, 748, 675, 1691, 1152, 755, 4, 1416, 830, 439, 1222, 1340, 692, 1003, 34, 356, 170, 1761, 1657, 1578, 401, 795, 1507, 997, 644, 1166, 447, 518, 563, 336, 1820, 343, 597, 844, 1058, 497, 311, 1463, 754, 1218, 1191, 1148, 1612, 1022, 1344, 1776, 942, 906, 1409, 1098, 130, 1418, 1830, 190, 1303, 1749, 607, 825, 92, 677, 628, 326, 715, 949, 27, 1537, 1025, 1439, 1277, 396, 1270, 53, 558, 584, 616, 630, 1533, 532, 1113, 612, 1080, 173, 1090, 838, 17, 897, 1306, 1311, 1131, 388, 1118, 1528, 1426, 1257, 1460, 1714, 1407, 144, 1734, 258, 1731, 526, 367, 1834, 126, 1104, 638, 791, 265, 223, 461, 1457, 139, 456, 1905, 1663, 1412, 1568, 1763, 883, 1661, 1678, 493, 1606, 1813, 541, 1757, 276, 296, 1673, 222, 1707, 183, 257, 615, 1478, 742, 376, 810, 661, 365, 156, 1298, 1701, 1653, 202, 1334, 1197, 1482, 106, 323, 1448, 1558, 1179, 1854, 902, 1049, 297, 216, 1268, 277, 1336, 1393, 65, 1456, 1052, 5, 1735, 1495, 1175, 988, 117, 721, 1788, 315, 1819, 1305, 1794, 520, 543, 1214, 917, 731, 1091, 1147, 1070, 68, 892, 1486, 464, 783, 115, 1883, 1372, 752, 383, 1122, 582, 1039, 1213, 574, 1594, 1870, 1111, 1792, 706, 1674, 233, 1607, 691, 1417, 1071, 711, 1538, 252, 741, 1396, 1211, 1429, 1906, 513, 799, 1384, 1138, 1688, 1681, 1045, 961, 743, 1824, 619, 766, 1727, 147, 827, 1117, 1547, 1892, 39, 82, 1546, 963, 178, 658, 1592, 425, 484, 415, 1204, 1331, 1207, 561, 912, 451, 1548, 1494, 1210, 1676, 685, 1291, 793, 632, 1018], [1054, 207, 1715, 1233, 514, 238, 1377, 1677, 878, 1624, 1145, 1009, 469, 962, 1194, 93, 1556, 1851, 1569, 1089, 745, 423, 23, 821, 29, 1401, 789, 1791, 788, 1079, 1347, 503, 1199, 753, 848, 1294, 801, 682, 955, 112, 1188, 402, 1878, 1817, 1288, 1821, 1245, 1302, 1007, 1705, 271, 510, 1510, 327, 1127, 486, 1555, 1004, 1589, 1511, 1700, 1373, 1668, 341, 1489, 1790, 1492, 321, 659, 578, 303, 118, 960, 453, 160, 683, 1832, 434, 701, 928, 480, 1446, 1552, 704, 94, 1317, 1410, 394, 186, 771, 859, 1395, 1646, 1570, 1353, 714, 1297, 360, 1153, 1185, 1766, 1471, 1013, 1356, 1437, 78, 63, 1618, 537, 482, 3, 450, 1339, 490, 857, 251, 898, 916, 546, 1809, 1689, 1078, 1069, 1, 1035, 1534, 1158, 203, 1837, 1095, 1235, 295, 933, 1474, 1559, 240, 105, 419, 1751, 1061, 1896, 1162, 1508, 1195, 237, 509, 1875, 6, 1564, 1698, 1907, 20, 1023, 1157, 1724, 132, 1912, 108, 1839, 734, 413, 316, 1249, 1880, 430, 915, 952, 813, 1532, 1116, 1859, 137, 1703, 141, 1785, 1582, 643, 119, 12, 968, 1193, 408, 214, 601, 967, 803, 1551, 363, 424, 958, 1826, 196]]
Resuming from epoch 65: /Users/suraj/Downloads/outputs/wall_single/checkpoints/model_latest.pth
num_action_repeat: 1
num_proprio_repeat: 1
proprio encoder: ProprioceptiveEmbedding(
  (patch_embed): Conv1d(2, 10, kernel_size=(1,), stride=(1,))
)
action encoder: ProprioceptiveEmbedding(
  (patch_embed): Conv1d(10, 10, kernel_size=(1,), stride=(1,))
)
proprio_dim: 10, after repeat: 10
action_dim: 10, after repeat: 10
emb_dim: 404
Model emb_dim:  404
eval_seed:  [21, 22, 23, 24, 25, 26, 27, 28, 29, 30]
Dumped plan targets to /Users/suraj/Desktop/EAI_DINO/results/wall_transition/transition_run_v2/resume/resume_try1/layerwise_int4/encfp16_25/budget_bA/seed_2/plan_targets.pkl
Success rate:  0.0
{'success': array([False, False, False, False, False, False, False, False, False,
       False]), 'state_dist': array([38.00514899, 27.64845613, 33.64249299, 49.24508373, 15.70189143,
       22.4218113 , 25.07359807, 21.80179546, 29.07221995, 23.25900091])}
Success rate:  0.0
{'success': array([False, False, False, False, False, False, False, False, False,
       False]), 'state_dist': array([32.25727406, 24.30677085, 24.69313456, 45.77541465, 16.88549215,
       19.51915368, 21.42682381, 15.65761944, 22.59153791, 18.10121117])}
MPC iter 0 Eval ------- 
Success rate:  0.0
{'success': array([False, False, False, False, False, False, False, False, False,
       False]), 'state_dist': array([32.25727406, 24.30677085, 24.69313456, 45.77541465, 16.88549215,
       19.51915368, 21.42682381, 15.65761944, 22.59153791, 18.10121117])}
self.is_success:  [False False False False False False False False False False]
Success rate:  0.0
{'success': array([False, False, False, False, False, False, False, False, False,
       False]), 'state_dist': array([31.85436343, 25.54833617, 14.41681825, 45.39714829,  4.711479  ,
       19.48565159, 20.07533641, 14.06006058, 11.63193444, 19.36428561])}
Success rate:  0.1
{'success': array([False, False,  True, False, False, False, False, False, False,
       False]), 'state_dist': array([31.08892026, 23.8664089 ,  4.39741524, 39.44618702,  5.61835856,
       19.36038825, 20.35474313, 10.3718027 ,  8.79844303, 14.25940355])}
MPC iter 1 Eval ------- 
Success rate:  0.1
{'success': array([False, False,  True, False, False, False, False, False, False,
       False]), 'state_dist': array([31.08892026, 23.8664089 ,  4.39741524, 39.44618702,  5.61835856,
       19.36038825, 20.35474313, 10.3718027 ,  8.79844303, 14.25940355])}
self.is_success:  [False False  True False False False False False False False]
Success rate:  0.1
{'success': array([False, False,  True, False, False, False, False, False, False,
       False]), 'state_dist': array([31.08892026, 23.8664089 ,  4.39741524, 39.44618702,  5.61835856,
       19.36038825, 20.35474313, 10.3718027 ,  8.79844303, 14.25940355])}
[ok] variant=encfp16_25 budget=bA opt_steps=2 seed=2 success=0.1000
Planning device: mps
Loading wall dataset...
Loaded 1920 rollouts
Using cache found in /Users/suraj/.cache/torch/hub/facebookresearch_dinov2_main
[[102, 33, 1056, 1591, 354, 245, 790, 1323, 142, 1745, 1588, 1473, 38, 1192, 735, 832, 547, 1186, 843, 660, 869, 83, 695, 1629, 179, 1658, 157, 1758, 1747, 250, 312, 1361, 1163, 1798, 275, 1099, 1787, 964, 1066, 609, 1666, 774, 181, 1502, 407, 668, 593, 1623, 1101, 565, 1350, 1572, 1094, 512, 148, 809, 263, 1853, 908, 927, 626, 569, 1730, 757, 1574, 1866, 1107, 1706, 391, 1255, 947, 828, 1720, 1057, 19, 1364, 1575, 1914, 1562, 1909, 534, 973, 538, 1017, 646, 285, 309, 1884, 1059, 552, 697, 1702, 145, 819, 649, 665, 169, 1051, 171, 1529, 1470, 291, 1371, 1240, 1641, 1746, 1443, 1307, 1801, 369, 1365, 525, 167, 1121, 1430, 874, 528, 1459, 1617, 770, 359, 923, 507, 884, 1616, 1314, 1149, 1379, 891, 1442, 1047, 1887, 248, 1767, 1620, 283, 392, 1290, 1650, 242, 1399, 807, 159, 204, 775, 1827, 500, 1352, 700, 1265, 1102, 149, 1440, 1258, 1738, 347, 690, 468, 1726, 1234, 1126, 868, 1501, 621, 585, 1523, 121, 1108, 846, 1167, 1405, 114, 474, 1406, 195, 1144, 586, 384, 1680, 298, 308, 529, 901, 475, 992, 1811, 1655, 914, 1598, 560, 1452, 385, 1032, 1895, 756, 1893, 485, 1293, 1876, 378, 206, 61, 1762, 1335, 1779, 1062, 111, 550, 1357, 284, 1074, 880, 592, 712, 1454, 1660, 1067, 946, 1011, 193, 1838, 1072, 1065, 1267, 1217, 591, 678, 792, 180, 1313, 69, 84, 1603, 1775, 201, 1415, 457, 1359, 400, 1759, 1081, 554, 471, 1841, 446, 1670, 688, 140, 1600, 871, 1093, 460, 1831, 818, 940, 1128, 614, 1000, 987, 1048, 72, 465, 804, 1804, 826, 1006, 1129, 270, 954, 86, 107, 1744, 751, 1143, 1554, 1750, 556, 1692, 664, 943, 907, 1713, 881, 1793, 849, 972, 264, 1431, 1040, 1391, 680, 1864, 724, 1549, 455, 600, 389, 1301, 1262, 1073, 1216, 613, 314, 15, 657, 896, 549, 575, 719, 545, 937, 1585, 165, 1252, 338, 970, 1366, 1247, 1024, 14, 855, 212, 887, 977, 1225, 776, 10, 1903, 1423, 596, 726, 431, 959, 1159, 1033, 1458, 1196, 1526, 317, 1358, 454, 1647, 976, 773, 1786, 1462, 488, 41, 571, 1464, 599, 979, 864, 18, 306, 1299, 797, 332, 1424, 1286, 66, 51, 1230, 1527, 1042, 762, 219, 487, 1026, 1282, 1285, 1503, 1597, 1573, 758, 999, 30, 1215, 1315, 1227, 387, 1867, 1421, 220, 932, 1829, 26, 1822, 290, 1088, 1902, 429, 463, 197, 1156, 1539, 1491, 1027, 1901, 733, 1879, 833, 278, 1251, 1899, 1642, 73, 272, 1019, 1084, 1346, 1803, 845, 568, 286, 76, 956, 1237, 48, 939, 1601, 481, 1187, 176, 1231, 1545, 1664, 1244, 87, 47, 194, 1586, 1316, 1125, 1649, 1077, 995, 1665, 1428, 1219, 1712, 1038, 542, 998, 70, 929, 1648, 476, 886, 1134, 1733, 854, 853, 1283, 1432, 1723, 1269, 281, 1174, 110, 1685, 1868, 777, 1522, 353, 798, 1773, 409, 768, 1273, 1490, 221, 1154, 1499, 71, 1637, 720, 1850, 1198, 1755, 1915, 716, 1900, 1835, 672, 319, 1536, 226, 1472, 1602, 969, 492, 428, 895, 814, 1133, 62, 656, 1722, 1621, 1142, 1087, 524, 1590, 1030, 650, 1451, 1913, 1259, 1917, 544, 377, 862, 1202, 1177, 1274, 1123, 617, 605, 1106, 1855, 422, 1769, 362, 1721, 1329, 1206, 1506, 135, 1320, 217, 120, 1120, 1836, 710, 717, 1799, 1557, 722, 1694, 405, 375, 1034, 260, 1496, 411, 1672, 28, 637, 373, 1808, 134, 1012, 536, 1752, 983, 1135, 1576, 483, 13, 404, 841, 1172, 1041, 1843, 161, 847, 1369, 1910, 1782, 1671, 1376, 1856, 498, 806, 635, 1212, 438, 835, 1849, 1109, 1349, 1043, 2, 466, 610, 1165, 885, 951, 344, 300, 1807, 1908, 287, 1877, 705, 1872, 1581, 985, 328, 708, 730, 350, 307, 146, 840, 1180, 494, 16, 555, 1368, 1780, 779, 1771, 1203, 1754, 744, 863, 1684, 639, 1919, 738, 938, 1053, 618, 91, 1886, 1028, 472, 1050, 138, 131, 89, 416, 991, 1254, 467, 227, 1765, 1634, 1789, 1622, 1205, 1874, 839, 1151, 654, 1182, 815, 470, 670, 150, 718, 352, 1579, 879, 443, 1690, 32, 435, 1383, 501, 882, 1085, 1176, 1382, 1171, 686, 1140, 1105, 800, 1516, 1485, 516, 1475, 1434, 1911, 889, 239, 652, 1535, 1639, 335, 1325, 1784, 765, 663, 1224, 448, 1815, 739, 1812, 1076, 747, 1467, 732, 1654, 1828, 502, 1319, 1425, 1160, 1468, 368, 1732, 1248, 143, 808, 674, 713, 129, 1599, 288, 1005, 1643, 1729, 1918, 1064, 279, 1741, 406, 867, 729, 604, 1220, 750, 304, 936, 215, 1626, 1778, 1031, 1756, 305, 1699, 412, 1387, 1640, 210, 188, 253, 645, 1279, 349, 1898, 262, 1082, 213, 255, 1514, 1375, 576, 698, 986, 1119, 508, 1753, 104, 1296, 1380, 128, 163, 693, 1524, 924, 842, 812, 1348, 199, 1386, 1628, 1435, 1772, 817, 931, 334, 1360, 390, 1413, 1783, 944, 905, 1271, 1132, 1857, 35, 340, 1461, 506, 1150, 1455, 594, 1020, 1178, 1770, 1389, 1276, 1355, 1228, 990, 1480, 1100, 1326, 282, 1321, 852, 200, 1146, 1253, 49, 1682, 1221, 1840, 1525, 1037, 1170, 1800, 648, 1243, 266, 926, 782, 1667, 984, 570, 1289, 1860, 893, 1630, 479, 339, 246, 866, 1631, 211, 684, 60, 125, 1513, 836, 43, 1450, 515, 1256, 244, 1063, 1693, 913, 966, 54, 432, 1869, 254, 1916, 577, 1096, 540, 1075, 1261, 1871, 1587, 381, 634, 205, 269, 489, 1890, 37, 746, 386, 551, 1414, 953, 1403, 709, 622, 1497, 1561, 1324, 158, 624, 426, 1466, 44, 267, 994, 318, 1398, 397, 95, 786, 81, 1332, 837, 289, 865, 965, 67, 1696, 816, 1044, 820, 229, 1400, 1362, 491, 1139, 1873, 1338, 559, 1016, 1021, 1436, 1002, 1797, 40, 224, 1615, 1385, 941, 1308, 978, 794, 231, 834, 1675, 1736, 31, 1181, 562, 831, 1272, 767, 372, 1825, 1669, 760, 380, 1343, 42, 1351, 1337, 1441, 268, 1644, 1015, 52, 1469, 1861, 1481, 22, 1605, 361, 1381, 410, 1333, 975, 1046, 1595, 348, 1768, 366, 1281, 772, 974, 495, 358, 590, 187, 631, 1695, 687, 1328, 572, 588, 1805, 620, 1577, 1449, 1433, 1659, 320, 418, 346, 602, 573, 1709, 1300, 113, 427, 1891, 1341, 236, 1001, 370, 723, 1092, 1560, 379, 662, 79, 850, 1704, 824, 627, 436, 666, 1103, 653, 945, 1370, 1232, 587, 234, 103, 1858, 934, 1420, 123, 1818, 1310, 499, 1739, 1493, 1847, 1553, 740, 124, 1260, 1378, 1842, 1777, 1816, 1543, 749, 608, 1563, 996, 25, 101, 90, 459, 337, 122, 580, 829, 533, 292, 452, 1614, 1183, 1322, 1278, 521, 1136, 1190, 96, 259, 1645, 1008, 1888, 342, 445, 1504, 162, 382, 1894, 784, 1404, 1531, 1312, 444, 1097, 1447, 1280, 872, 168, 50, 1687, 1593, 1610, 98, 1242, 769, 642, 1309, 888, 433, 302, 1263, 1169, 1656, 1295, 243, 921, 1438, 1161, 877, 640, 1541, 24, 703, 980, 1173, 935, 1519, 440, 1512, 1137, 822, 1014, 310, 511, 583, 1518, 458, 274, 109, 856, 522, 11, 462, 1236, 232, 633, 1567, 1241, 989, 1725, 280, 875, 1083, 1833, 324, 1566, 249, 172, 696, 1505, 1010, 1477, 1327, 910, 861, 88, 99, 357, 437, 80, 1292, 764, 175, 395, 1716, 699, 1483, 1717, 673, 623, 1697, 1479, 1060, 1651, 553, 981, 218, 1110, 185, 77, 900, 371, 904, 1390, 21, 1882, 595, 1718, 1476, 152, 420, 918, 192, 1679, 1484, 1863, 787, 567, 851, 441, 530, 517, 1419, 1388, 329, 301, 1330, 876, 478, 1530, 676, 1844, 403, 74, 647, 728, 230, 519, 256, 737, 235, 1796, 182, 858, 504, 1287, 1124, 1229, 294, 625, 894, 759, 1544, 330, 1711, 505, 903, 1055, 1238, 1397, 1686, 136, 1275, 1580, 1584, 59, 1112, 1636, 166, 655, 1520, 1540, 374, 496, 414, 1226, 154, 860, 531, 1465, 1345, 1662, 1284, 669, 1627, 1408, 36, 191, 1748, 7, 1498, 802, 325, 957, 208, 228, 1201, 950, 1318, 155, 948, 133, 920, 442, 225, 611, 1633, 796, 667, 1652, 1304, 1609, 1611, 527, 1427, 1354, 689, 930, 870, 925, 56, 1402, 100, 189, 1068, 1737, 322, 523, 247, 971, 1445, 55, 579, 1374, 1571, 1521, 890, 785, 58, 671, 1608, 1168, 1742, 899, 299, 778, 1542, 761, 566, 46, 1708, 1719, 351, 1392, 651, 1764, 811, 449, 922, 261, 1036, 694, 127, 1114, 707, 1487, 1852, 1802, 873, 174, 1865, 1710, 763, 164, 1632, 345, 539, 1141, 805, 919, 911, 184, 548, 1422, 1625, 1155, 399, 1795, 1845, 1889, 1565, 45, 603, 1444, 1517, 1823, 1246, 477, 64, 1164, 1411, 781, 8, 1635, 1583, 1200, 241, 151, 177, 333, 629, 1453, 293, 1760, 636, 1239, 1115, 727, 273, 1394, 1266, 1184, 1619, 1743, 313, 1904, 982, 1367, 153, 564, 1806, 331, 1862, 1848, 606, 1264, 57, 97, 1774, 1814, 1086, 1029, 393, 1488, 85, 1509, 1550, 725, 1638, 1846, 1342, 1728, 993, 421, 1781, 681, 473, 1604, 364, 1613, 679, 780, 1885, 581, 1130, 116, 823, 355, 736, 75, 398, 557, 1740, 1515, 1596, 1250, 641, 1683, 198, 1363, 589, 1223, 1209, 417, 209, 1810, 9, 535, 1500, 1881, 1208, 909, 0, 702, 1897, 598, 1189, 748, 675, 1691, 1152, 755, 4, 1416, 830, 439, 1222, 1340, 692, 1003, 34, 356, 170, 1761, 1657, 1578, 401, 795, 1507, 997, 644, 1166, 447, 518, 563, 336, 1820, 343, 597, 844, 1058, 497, 311, 1463, 754, 1218, 1191, 1148, 1612, 1022, 1344, 1776, 942, 906, 1409, 1098, 130, 1418, 1830, 190, 1303, 1749, 607, 825, 92, 677, 628, 326, 715, 949, 27, 1537, 1025, 1439, 1277, 396, 1270, 53, 558, 584, 616, 630, 1533, 532, 1113, 612, 1080, 173, 1090, 838, 17, 897, 1306, 1311, 1131, 388, 1118, 1528, 1426, 1257, 1460, 1714, 1407, 144, 1734, 258, 1731, 526, 367, 1834, 126, 1104, 638, 791, 265, 223, 461, 1457, 139, 456, 1905, 1663, 1412, 1568, 1763, 883, 1661, 1678, 493, 1606, 1813, 541, 1757, 276, 296, 1673, 222, 1707, 183, 257, 615, 1478, 742, 376, 810, 661, 365, 156, 1298, 1701, 1653, 202, 1334, 1197, 1482, 106, 323, 1448, 1558, 1179, 1854, 902, 1049, 297, 216, 1268, 277, 1336, 1393, 65, 1456, 1052, 5, 1735, 1495, 1175, 988, 117, 721, 1788, 315, 1819, 1305, 1794, 520, 543, 1214, 917, 731, 1091, 1147, 1070, 68, 892, 1486, 464, 783, 115, 1883, 1372, 752, 383, 1122, 582, 1039, 1213, 574, 1594, 1870, 1111, 1792, 706, 1674, 233, 1607, 691, 1417, 1071, 711, 1538, 252, 741, 1396, 1211, 1429, 1906, 513, 799, 1384, 1138, 1688, 1681, 1045, 961, 743, 1824, 619, 766, 1727, 147, 827, 1117, 1547, 1892, 39, 82, 1546, 963, 178, 658, 1592, 425, 484, 415, 1204, 1331, 1207, 561, 912, 451, 1548, 1494, 1210, 1676, 685, 1291, 793, 632, 1018], [1054, 207, 1715, 1233, 514, 238, 1377, 1677, 878, 1624, 1145, 1009, 469, 962, 1194, 93, 1556, 1851, 1569, 1089, 745, 423, 23, 821, 29, 1401, 789, 1791, 788, 1079, 1347, 503, 1199, 753, 848, 1294, 801, 682, 955, 112, 1188, 402, 1878, 1817, 1288, 1821, 1245, 1302, 1007, 1705, 271, 510, 1510, 327, 1127, 486, 1555, 1004, 1589, 1511, 1700, 1373, 1668, 341, 1489, 1790, 1492, 321, 659, 578, 303, 118, 960, 453, 160, 683, 1832, 434, 701, 928, 480, 1446, 1552, 704, 94, 1317, 1410, 394, 186, 771, 859, 1395, 1646, 1570, 1353, 714, 1297, 360, 1153, 1185, 1766, 1471, 1013, 1356, 1437, 78, 63, 1618, 537, 482, 3, 450, 1339, 490, 857, 251, 898, 916, 546, 1809, 1689, 1078, 1069, 1, 1035, 1534, 1158, 203, 1837, 1095, 1235, 295, 933, 1474, 1559, 240, 105, 419, 1751, 1061, 1896, 1162, 1508, 1195, 237, 509, 1875, 6, 1564, 1698, 1907, 20, 1023, 1157, 1724, 132, 1912, 108, 1839, 734, 413, 316, 1249, 1880, 430, 915, 952, 813, 1532, 1116, 1859, 137, 1703, 141, 1785, 1582, 643, 119, 12, 968, 1193, 408, 214, 601, 967, 803, 1551, 363, 424, 958, 1826, 196]]
Resuming from epoch 65: /Users/suraj/Downloads/outputs/wall_single/checkpoints/model_latest.pth
num_action_repeat: 1
num_proprio_repeat: 1
proprio encoder: ProprioceptiveEmbedding(
  (patch_embed): Conv1d(2, 10, kernel_size=(1,), stride=(1,))
)
action encoder: ProprioceptiveEmbedding(
  (patch_embed): Conv1d(10, 10, kernel_size=(1,), stride=(1,))
)
proprio_dim: 10, after repeat: 10
action_dim: 10, after repeat: 10
emb_dim: 404
Model emb_dim:  404
eval_seed:  [11, 12, 13, 14, 15, 16, 17, 18, 19, 20]
Dumped plan targets to /Users/suraj/Desktop/EAI_DINO/results/wall_transition/transition_run_v2/resume/resume_try1/layerwise_int4/encfp16_50/budget_bA/seed_1/plan_targets.pkl
Success rate:  0.0
{'success': array([False, False, False, False, False, False, False, False, False,
       False]), 'state_dist': array([17.40918171, 28.13494632, 15.00642042, 43.47536804, 14.51375001,
       34.03484419, 20.82790594, 31.93894489, 30.5845787 , 27.36296292])}
Success rate:  0.0
{'success': array([False, False, False, False, False, False, False, False, False,
       False]), 'state_dist': array([ 5.86607486, 22.41584625, 14.68108203, 31.88149508, 14.2787853 ,
       28.80198371, 23.15794682, 24.75012292, 25.82995803, 19.86686691])}
MPC iter 0 Eval ------- 
Success rate:  0.0
{'success': array([False, False, False, False, False, False, False, False, False,
       False]), 'state_dist': array([ 5.86607486, 22.41584625, 14.68108203, 31.88149508, 14.2787853 ,
       28.80198371, 23.15794682, 24.75012292, 25.82995803, 19.86686691])}
self.is_success:  [False False False False False False False False False False]
Success rate:  0.0
{'success': array([False, False, False, False, False, False, False, False, False,
       False]), 'state_dist': array([ 6.58520663, 23.84441531, 14.26109826, 24.61895947, 10.57432256,
       26.42534714, 22.28340272, 21.05601327, 17.45017013, 17.962045  ])}
Success rate:  0.2
{'success': array([False, False, False, False, False, False, False,  True,  True,
       False]), 'state_dist': array([ 6.15538462, 26.5715092 , 14.22758893, 25.35239559,  7.88318667,
       19.47716263, 11.3367088 ,  3.9737295 ,  2.53589843, 17.94559673])}
MPC iter 1 Eval ------- 
Success rate:  0.2
{'success': array([False, False, False, False, False, False, False,  True,  True,
       False]), 'state_dist': array([ 6.15538462, 26.5715092 , 14.22758893, 25.35239559,  7.88318667,
       19.47716263, 11.3367088 ,  3.9737295 ,  2.53589843, 17.94559673])}
self.is_success:  [False False False False False False False  True  True False]
Success rate:  0.2
{'success': array([False, False, False, False, False, False, False,  True,  True,
       False]), 'state_dist': array([ 6.15538462, 26.5715092 , 14.22758893, 25.35239559,  7.88318667,
       19.47716263, 11.3367088 ,  3.9737295 ,  2.53589843, 17.94559673])}
[ok] variant=encfp16_50 budget=bA opt_steps=2 seed=1 success=0.2000
Planning device: mps
Loading wall dataset...
Loaded 1920 rollouts
Using cache found in /Users/suraj/.cache/torch/hub/facebookresearch_dinov2_main
[[102, 33, 1056, 1591, 354, 245, 790, 1323, 142, 1745, 1588, 1473, 38, 1192, 735, 832, 547, 1186, 843, 660, 869, 83, 695, 1629, 179, 1658, 157, 1758, 1747, 250, 312, 1361, 1163, 1798, 275, 1099, 1787, 964, 1066, 609, 1666, 774, 181, 1502, 407, 668, 593, 1623, 1101, 565, 1350, 1572, 1094, 512, 148, 809, 263, 1853, 908, 927, 626, 569, 1730, 757, 1574, 1866, 1107, 1706, 391, 1255, 947, 828, 1720, 1057, 19, 1364, 1575, 1914, 1562, 1909, 534, 973, 538, 1017, 646, 285, 309, 1884, 1059, 552, 697, 1702, 145, 819, 649, 665, 169, 1051, 171, 1529, 1470, 291, 1371, 1240, 1641, 1746, 1443, 1307, 1801, 369, 1365, 525, 167, 1121, 1430, 874, 528, 1459, 1617, 770, 359, 923, 507, 884, 1616, 1314, 1149, 1379, 891, 1442, 1047, 1887, 248, 1767, 1620, 283, 392, 1290, 1650, 242, 1399, 807, 159, 204, 775, 1827, 500, 1352, 700, 1265, 1102, 149, 1440, 1258, 1738, 347, 690, 468, 1726, 1234, 1126, 868, 1501, 621, 585, 1523, 121, 1108, 846, 1167, 1405, 114, 474, 1406, 195, 1144, 586, 384, 1680, 298, 308, 529, 901, 475, 992, 1811, 1655, 914, 1598, 560, 1452, 385, 1032, 1895, 756, 1893, 485, 1293, 1876, 378, 206, 61, 1762, 1335, 1779, 1062, 111, 550, 1357, 284, 1074, 880, 592, 712, 1454, 1660, 1067, 946, 1011, 193, 1838, 1072, 1065, 1267, 1217, 591, 678, 792, 180, 1313, 69, 84, 1603, 1775, 201, 1415, 457, 1359, 400, 1759, 1081, 554, 471, 1841, 446, 1670, 688, 140, 1600, 871, 1093, 460, 1831, 818, 940, 1128, 614, 1000, 987, 1048, 72, 465, 804, 1804, 826, 1006, 1129, 270, 954, 86, 107, 1744, 751, 1143, 1554, 1750, 556, 1692, 664, 943, 907, 1713, 881, 1793, 849, 972, 264, 1431, 1040, 1391, 680, 1864, 724, 1549, 455, 600, 389, 1301, 1262, 1073, 1216, 613, 314, 15, 657, 896, 549, 575, 719, 545, 937, 1585, 165, 1252, 338, 970, 1366, 1247, 1024, 14, 855, 212, 887, 977, 1225, 776, 10, 1903, 1423, 596, 726, 431, 959, 1159, 1033, 1458, 1196, 1526, 317, 1358, 454, 1647, 976, 773, 1786, 1462, 488, 41, 571, 1464, 599, 979, 864, 18, 306, 1299, 797, 332, 1424, 1286, 66, 51, 1230, 1527, 1042, 762, 219, 487, 1026, 1282, 1285, 1503, 1597, 1573, 758, 999, 30, 1215, 1315, 1227, 387, 1867, 1421, 220, 932, 1829, 26, 1822, 290, 1088, 1902, 429, 463, 197, 1156, 1539, 1491, 1027, 1901, 733, 1879, 833, 278, 1251, 1899, 1642, 73, 272, 1019, 1084, 1346, 1803, 845, 568, 286, 76, 956, 1237, 48, 939, 1601, 481, 1187, 176, 1231, 1545, 1664, 1244, 87, 47, 194, 1586, 1316, 1125, 1649, 1077, 995, 1665, 1428, 1219, 1712, 1038, 542, 998, 70, 929, 1648, 476, 886, 1134, 1733, 854, 853, 1283, 1432, 1723, 1269, 281, 1174, 110, 1685, 1868, 777, 1522, 353, 798, 1773, 409, 768, 1273, 1490, 221, 1154, 1499, 71, 1637, 720, 1850, 1198, 1755, 1915, 716, 1900, 1835, 672, 319, 1536, 226, 1472, 1602, 969, 492, 428, 895, 814, 1133, 62, 656, 1722, 1621, 1142, 1087, 524, 1590, 1030, 650, 1451, 1913, 1259, 1917, 544, 377, 862, 1202, 1177, 1274, 1123, 617, 605, 1106, 1855, 422, 1769, 362, 1721, 1329, 1206, 1506, 135, 1320, 217, 120, 1120, 1836, 710, 717, 1799, 1557, 722, 1694, 405, 375, 1034, 260, 1496, 411, 1672, 28, 637, 373, 1808, 134, 1012, 536, 1752, 983, 1135, 1576, 483, 13, 404, 841, 1172, 1041, 1843, 161, 847, 1369, 1910, 1782, 1671, 1376, 1856, 498, 806, 635, 1212, 438, 835, 1849, 1109, 1349, 1043, 2, 466, 610, 1165, 885, 951, 344, 300, 1807, 1908, 287, 1877, 705, 1872, 1581, 985, 328, 708, 730, 350, 307, 146, 840, 1180, 494, 16, 555, 1368, 1780, 779, 1771, 1203, 1754, 744, 863, 1684, 639, 1919, 738, 938, 1053, 618, 91, 1886, 1028, 472, 1050, 138, 131, 89, 416, 991, 1254, 467, 227, 1765, 1634, 1789, 1622, 1205, 1874, 839, 1151, 654, 1182, 815, 470, 670, 150, 718, 352, 1579, 879, 443, 1690, 32, 435, 1383, 501, 882, 1085, 1176, 1382, 1171, 686, 1140, 1105, 800, 1516, 1485, 516, 1475, 1434, 1911, 889, 239, 652, 1535, 1639, 335, 1325, 1784, 765, 663, 1224, 448, 1815, 739, 1812, 1076, 747, 1467, 732, 1654, 1828, 502, 1319, 1425, 1160, 1468, 368, 1732, 1248, 143, 808, 674, 713, 129, 1599, 288, 1005, 1643, 1729, 1918, 1064, 279, 1741, 406, 867, 729, 604, 1220, 750, 304, 936, 215, 1626, 1778, 1031, 1756, 305, 1699, 412, 1387, 1640, 210, 188, 253, 645, 1279, 349, 1898, 262, 1082, 213, 255, 1514, 1375, 576, 698, 986, 1119, 508, 1753, 104, 1296, 1380, 128, 163, 693, 1524, 924, 842, 812, 1348, 199, 1386, 1628, 1435, 1772, 817, 931, 334, 1360, 390, 1413, 1783, 944, 905, 1271, 1132, 1857, 35, 340, 1461, 506, 1150, 1455, 594, 1020, 1178, 1770, 1389, 1276, 1355, 1228, 990, 1480, 1100, 1326, 282, 1321, 852, 200, 1146, 1253, 49, 1682, 1221, 1840, 1525, 1037, 1170, 1800, 648, 1243, 266, 926, 782, 1667, 984, 570, 1289, 1860, 893, 1630, 479, 339, 246, 866, 1631, 211, 684, 60, 125, 1513, 836, 43, 1450, 515, 1256, 244, 1063, 1693, 913, 966, 54, 432, 1869, 254, 1916, 577, 1096, 540, 1075, 1261, 1871, 1587, 381, 634, 205, 269, 489, 1890, 37, 746, 386, 551, 1414, 953, 1403, 709, 622, 1497, 1561, 1324, 158, 624, 426, 1466, 44, 267, 994, 318, 1398, 397, 95, 786, 81, 1332, 837, 289, 865, 965, 67, 1696, 816, 1044, 820, 229, 1400, 1362, 491, 1139, 1873, 1338, 559, 1016, 1021, 1436, 1002, 1797, 40, 224, 1615, 1385, 941, 1308, 978, 794, 231, 834, 1675, 1736, 31, 1181, 562, 831, 1272, 767, 372, 1825, 1669, 760, 380, 1343, 42, 1351, 1337, 1441, 268, 1644, 1015, 52, 1469, 1861, 1481, 22, 1605, 361, 1381, 410, 1333, 975, 1046, 1595, 348, 1768, 366, 1281, 772, 974, 495, 358, 590, 187, 631, 1695, 687, 1328, 572, 588, 1805, 620, 1577, 1449, 1433, 1659, 320, 418, 346, 602, 573, 1709, 1300, 113, 427, 1891, 1341, 236, 1001, 370, 723, 1092, 1560, 379, 662, 79, 850, 1704, 824, 627, 436, 666, 1103, 653, 945, 1370, 1232, 587, 234, 103, 1858, 934, 1420, 123, 1818, 1310, 499, 1739, 1493, 1847, 1553, 740, 124, 1260, 1378, 1842, 1777, 1816, 1543, 749, 608, 1563, 996, 25, 101, 90, 459, 337, 122, 580, 829, 533, 292, 452, 1614, 1183, 1322, 1278, 521, 1136, 1190, 96, 259, 1645, 1008, 1888, 342, 445, 1504, 162, 382, 1894, 784, 1404, 1531, 1312, 444, 1097, 1447, 1280, 872, 168, 50, 1687, 1593, 1610, 98, 1242, 769, 642, 1309, 888, 433, 302, 1263, 1169, 1656, 1295, 243, 921, 1438, 1161, 877, 640, 1541, 24, 703, 980, 1173, 935, 1519, 440, 1512, 1137, 822, 1014, 310, 511, 583, 1518, 458, 274, 109, 856, 522, 11, 462, 1236, 232, 633, 1567, 1241, 989, 1725, 280, 875, 1083, 1833, 324, 1566, 249, 172, 696, 1505, 1010, 1477, 1327, 910, 861, 88, 99, 357, 437, 80, 1292, 764, 175, 395, 1716, 699, 1483, 1717, 673, 623, 1697, 1479, 1060, 1651, 553, 981, 218, 1110, 185, 77, 900, 371, 904, 1390, 21, 1882, 595, 1718, 1476, 152, 420, 918, 192, 1679, 1484, 1863, 787, 567, 851, 441, 530, 517, 1419, 1388, 329, 301, 1330, 876, 478, 1530, 676, 1844, 403, 74, 647, 728, 230, 519, 256, 737, 235, 1796, 182, 858, 504, 1287, 1124, 1229, 294, 625, 894, 759, 1544, 330, 1711, 505, 903, 1055, 1238, 1397, 1686, 136, 1275, 1580, 1584, 59, 1112, 1636, 166, 655, 1520, 1540, 374, 496, 414, 1226, 154, 860, 531, 1465, 1345, 1662, 1284, 669, 1627, 1408, 36, 191, 1748, 7, 1498, 802, 325, 957, 208, 228, 1201, 950, 1318, 155, 948, 133, 920, 442, 225, 611, 1633, 796, 667, 1652, 1304, 1609, 1611, 527, 1427, 1354, 689, 930, 870, 925, 56, 1402, 100, 189, 1068, 1737, 322, 523, 247, 971, 1445, 55, 579, 1374, 1571, 1521, 890, 785, 58, 671, 1608, 1168, 1742, 899, 299, 778, 1542, 761, 566, 46, 1708, 1719, 351, 1392, 651, 1764, 811, 449, 922, 261, 1036, 694, 127, 1114, 707, 1487, 1852, 1802, 873, 174, 1865, 1710, 763, 164, 1632, 345, 539, 1141, 805, 919, 911, 184, 548, 1422, 1625, 1155, 399, 1795, 1845, 1889, 1565, 45, 603, 1444, 1517, 1823, 1246, 477, 64, 1164, 1411, 781, 8, 1635, 1583, 1200, 241, 151, 177, 333, 629, 1453, 293, 1760, 636, 1239, 1115, 727, 273, 1394, 1266, 1184, 1619, 1743, 313, 1904, 982, 1367, 153, 564, 1806, 331, 1862, 1848, 606, 1264, 57, 97, 1774, 1814, 1086, 1029, 393, 1488, 85, 1509, 1550, 725, 1638, 1846, 1342, 1728, 993, 421, 1781, 681, 473, 1604, 364, 1613, 679, 780, 1885, 581, 1130, 116, 823, 355, 736, 75, 398, 557, 1740, 1515, 1596, 1250, 641, 1683, 198, 1363, 589, 1223, 1209, 417, 209, 1810, 9, 535, 1500, 1881, 1208, 909, 0, 702, 1897, 598, 1189, 748, 675, 1691, 1152, 755, 4, 1416, 830, 439, 1222, 1340, 692, 1003, 34, 356, 170, 1761, 1657, 1578, 401, 795, 1507, 997, 644, 1166, 447, 518, 563, 336, 1820, 343, 597, 844, 1058, 497, 311, 1463, 754, 1218, 1191, 1148, 1612, 1022, 1344, 1776, 942, 906, 1409, 1098, 130, 1418, 1830, 190, 1303, 1749, 607, 825, 92, 677, 628, 326, 715, 949, 27, 1537, 1025, 1439, 1277, 396, 1270, 53, 558, 584, 616, 630, 1533, 532, 1113, 612, 1080, 173, 1090, 838, 17, 897, 1306, 1311, 1131, 388, 1118, 1528, 1426, 1257, 1460, 1714, 1407, 144, 1734, 258, 1731, 526, 367, 1834, 126, 1104, 638, 791, 265, 223, 461, 1457, 139, 456, 1905, 1663, 1412, 1568, 1763, 883, 1661, 1678, 493, 1606, 1813, 541, 1757, 276, 296, 1673, 222, 1707, 183, 257, 615, 1478, 742, 376, 810, 661, 365, 156, 1298, 1701, 1653, 202, 1334, 1197, 1482, 106, 323, 1448, 1558, 1179, 1854, 902, 1049, 297, 216, 1268, 277, 1336, 1393, 65, 1456, 1052, 5, 1735, 1495, 1175, 988, 117, 721, 1788, 315, 1819, 1305, 1794, 520, 543, 1214, 917, 731, 1091, 1147, 1070, 68, 892, 1486, 464, 783, 115, 1883, 1372, 752, 383, 1122, 582, 1039, 1213, 574, 1594, 1870, 1111, 1792, 706, 1674, 233, 1607, 691, 1417, 1071, 711, 1538, 252, 741, 1396, 1211, 1429, 1906, 513, 799, 1384, 1138, 1688, 1681, 1045, 961, 743, 1824, 619, 766, 1727, 147, 827, 1117, 1547, 1892, 39, 82, 1546, 963, 178, 658, 1592, 425, 484, 415, 1204, 1331, 1207, 561, 912, 451, 1548, 1494, 1210, 1676, 685, 1291, 793, 632, 1018], [1054, 207, 1715, 1233, 514, 238, 1377, 1677, 878, 1624, 1145, 1009, 469, 962, 1194, 93, 1556, 1851, 1569, 1089, 745, 423, 23, 821, 29, 1401, 789, 1791, 788, 1079, 1347, 503, 1199, 753, 848, 1294, 801, 682, 955, 112, 1188, 402, 1878, 1817, 1288, 1821, 1245, 1302, 1007, 1705, 271, 510, 1510, 327, 1127, 486, 1555, 1004, 1589, 1511, 1700, 1373, 1668, 341, 1489, 1790, 1492, 321, 659, 578, 303, 118, 960, 453, 160, 683, 1832, 434, 701, 928, 480, 1446, 1552, 704, 94, 1317, 1410, 394, 186, 771, 859, 1395, 1646, 1570, 1353, 714, 1297, 360, 1153, 1185, 1766, 1471, 1013, 1356, 1437, 78, 63, 1618, 537, 482, 3, 450, 1339, 490, 857, 251, 898, 916, 546, 1809, 1689, 1078, 1069, 1, 1035, 1534, 1158, 203, 1837, 1095, 1235, 295, 933, 1474, 1559, 240, 105, 419, 1751, 1061, 1896, 1162, 1508, 1195, 237, 509, 1875, 6, 1564, 1698, 1907, 20, 1023, 1157, 1724, 132, 1912, 108, 1839, 734, 413, 316, 1249, 1880, 430, 915, 952, 813, 1532, 1116, 1859, 137, 1703, 141, 1785, 1582, 643, 119, 12, 968, 1193, 408, 214, 601, 967, 803, 1551, 363, 424, 958, 1826, 196]]
Resuming from epoch 65: /Users/suraj/Downloads/outputs/wall_single/checkpoints/model_latest.pth
num_action_repeat: 1
num_proprio_repeat: 1
proprio encoder: ProprioceptiveEmbedding(
  (patch_embed): Conv1d(2, 10, kernel_size=(1,), stride=(1,))
)
action encoder: ProprioceptiveEmbedding(
  (patch_embed): Conv1d(10, 10, kernel_size=(1,), stride=(1,))
)
proprio_dim: 10, after repeat: 10
action_dim: 10, after repeat: 10
emb_dim: 404
Model emb_dim:  404
eval_seed:  [21, 22, 23, 24, 25, 26, 27, 28, 29, 30]
Dumped plan targets to /Users/suraj/Desktop/EAI_DINO/results/wall_transition/transition_run_v2/resume/resume_try1/layerwise_int4/encfp16_50/budget_bA/seed_2/plan_targets.pkl
Success rate:  0.0
{'success': array([False, False, False, False, False, False, False, False, False,
       False]), 'state_dist': array([39.47753058, 27.44361045, 32.87084447, 41.6330971 , 15.67260635,
       22.94077585, 24.90212779, 20.4523977 , 28.40064175, 24.13960029])}
Success rate:  0.0
{'success': array([False, False, False, False, False, False, False, False, False,
       False]), 'state_dist': array([33.09632445, 24.31042459, 25.65243503, 33.01004388, 15.18923711,
       19.67252429, 20.57192408, 14.61328593, 20.67374005, 17.30848915])}
MPC iter 0 Eval ------- 
Success rate:  0.0
{'success': array([False, False, False, False, False, False, False, False, False,
       False]), 'state_dist': array([33.09632445, 24.31042459, 25.65243503, 33.01004388, 15.18923711,
       19.67252429, 20.57192408, 14.61328593, 20.67374005, 17.30848915])}
self.is_success:  [False False False False False False False False False False]
Success rate:  0.1
{'success': array([False, False, False, False,  True, False, False, False, False,
       False]), 'state_dist': array([31.82145356, 28.39744983, 16.01084072, 21.20874312,  1.98090962,
       18.98949525, 22.98359688,  9.38272628,  9.76575905, 16.65610882])}
Success rate:  0.1
{'success': array([False, False, False, False,  True, False, False, False, False,
       False]), 'state_dist': array([32.07403456, 27.75293248,  6.43398356, 17.53048813,  4.26285296,
       19.35360066, 26.65413323,  6.29286309,  5.87861191,  9.40322501])}
MPC iter 1 Eval ------- 
Success rate:  0.1
{'success': array([False, False, False, False,  True, False, False, False, False,
       False]), 'state_dist': array([32.07403456, 27.75293248,  6.43398356, 17.53048813,  4.26285296,
       19.35360066, 26.65413323,  6.29286309,  5.87861191,  9.40322501])}
self.is_success:  [False False False False  True False False False False False]
Success rate:  0.1
{'success': array([False, False, False, False,  True, False, False, False, False,
       False]), 'state_dist': array([32.07403456, 27.75293248,  6.43398356, 17.53048813,  4.26285296,
       19.35360066, 26.65413323,  6.29286309,  5.87861191,  9.40322501])}
[ok] variant=encfp16_50 budget=bA opt_steps=2 seed=2 success=0.1000
Planning device: mps
Loading wall dataset...
Loaded 1920 rollouts
Using cache found in /Users/suraj/.cache/torch/hub/facebookresearch_dinov2_main
[[102, 33, 1056, 1591, 354, 245, 790, 1323, 142, 1745, 1588, 1473, 38, 1192, 735, 832, 547, 1186, 843, 660, 869, 83, 695, 1629, 179, 1658, 157, 1758, 1747, 250, 312, 1361, 1163, 1798, 275, 1099, 1787, 964, 1066, 609, 1666, 774, 181, 1502, 407, 668, 593, 1623, 1101, 565, 1350, 1572, 1094, 512, 148, 809, 263, 1853, 908, 927, 626, 569, 1730, 757, 1574, 1866, 1107, 1706, 391, 1255, 947, 828, 1720, 1057, 19, 1364, 1575, 1914, 1562, 1909, 534, 973, 538, 1017, 646, 285, 309, 1884, 1059, 552, 697, 1702, 145, 819, 649, 665, 169, 1051, 171, 1529, 1470, 291, 1371, 1240, 1641, 1746, 1443, 1307, 1801, 369, 1365, 525, 167, 1121, 1430, 874, 528, 1459, 1617, 770, 359, 923, 507, 884, 1616, 1314, 1149, 1379, 891, 1442, 1047, 1887, 248, 1767, 1620, 283, 392, 1290, 1650, 242, 1399, 807, 159, 204, 775, 1827, 500, 1352, 700, 1265, 1102, 149, 1440, 1258, 1738, 347, 690, 468, 1726, 1234, 1126, 868, 1501, 621, 585, 1523, 121, 1108, 846, 1167, 1405, 114, 474, 1406, 195, 1144, 586, 384, 1680, 298, 308, 529, 901, 475, 992, 1811, 1655, 914, 1598, 560, 1452, 385, 1032, 1895, 756, 1893, 485, 1293, 1876, 378, 206, 61, 1762, 1335, 1779, 1062, 111, 550, 1357, 284, 1074, 880, 592, 712, 1454, 1660, 1067, 946, 1011, 193, 1838, 1072, 1065, 1267, 1217, 591, 678, 792, 180, 1313, 69, 84, 1603, 1775, 201, 1415, 457, 1359, 400, 1759, 1081, 554, 471, 1841, 446, 1670, 688, 140, 1600, 871, 1093, 460, 1831, 818, 940, 1128, 614, 1000, 987, 1048, 72, 465, 804, 1804, 826, 1006, 1129, 270, 954, 86, 107, 1744, 751, 1143, 1554, 1750, 556, 1692, 664, 943, 907, 1713, 881, 1793, 849, 972, 264, 1431, 1040, 1391, 680, 1864, 724, 1549, 455, 600, 389, 1301, 1262, 1073, 1216, 613, 314, 15, 657, 896, 549, 575, 719, 545, 937, 1585, 165, 1252, 338, 970, 1366, 1247, 1024, 14, 855, 212, 887, 977, 1225, 776, 10, 1903, 1423, 596, 726, 431, 959, 1159, 1033, 1458, 1196, 1526, 317, 1358, 454, 1647, 976, 773, 1786, 1462, 488, 41, 571, 1464, 599, 979, 864, 18, 306, 1299, 797, 332, 1424, 1286, 66, 51, 1230, 1527, 1042, 762, 219, 487, 1026, 1282, 1285, 1503, 1597, 1573, 758, 999, 30, 1215, 1315, 1227, 387, 1867, 1421, 220, 932, 1829, 26, 1822, 290, 1088, 1902, 429, 463, 197, 1156, 1539, 1491, 1027, 1901, 733, 1879, 833, 278, 1251, 1899, 1642, 73, 272, 1019, 1084, 1346, 1803, 845, 568, 286, 76, 956, 1237, 48, 939, 1601, 481, 1187, 176, 1231, 1545, 1664, 1244, 87, 47, 194, 1586, 1316, 1125, 1649, 1077, 995, 1665, 1428, 1219, 1712, 1038, 542, 998, 70, 929, 1648, 476, 886, 1134, 1733, 854, 853, 1283, 1432, 1723, 1269, 281, 1174, 110, 1685, 1868, 777, 1522, 353, 798, 1773, 409, 768, 1273, 1490, 221, 1154, 1499, 71, 1637, 720, 1850, 1198, 1755, 1915, 716, 1900, 1835, 672, 319, 1536, 226, 1472, 1602, 969, 492, 428, 895, 814, 1133, 62, 656, 1722, 1621, 1142, 1087, 524, 1590, 1030, 650, 1451, 1913, 1259, 1917, 544, 377, 862, 1202, 1177, 1274, 1123, 617, 605, 1106, 1855, 422, 1769, 362, 1721, 1329, 1206, 1506, 135, 1320, 217, 120, 1120, 1836, 710, 717, 1799, 1557, 722, 1694, 405, 375, 1034, 260, 1496, 411, 1672, 28, 637, 373, 1808, 134, 1012, 536, 1752, 983, 1135, 1576, 483, 13, 404, 841, 1172, 1041, 1843, 161, 847, 1369, 1910, 1782, 1671, 1376, 1856, 498, 806, 635, 1212, 438, 835, 1849, 1109, 1349, 1043, 2, 466, 610, 1165, 885, 951, 344, 300, 1807, 1908, 287, 1877, 705, 1872, 1581, 985, 328, 708, 730, 350, 307, 146, 840, 1180, 494, 16, 555, 1368, 1780, 779, 1771, 1203, 1754, 744, 863, 1684, 639, 1919, 738, 938, 1053, 618, 91, 1886, 1028, 472, 1050, 138, 131, 89, 416, 991, 1254, 467, 227, 1765, 1634, 1789, 1622, 1205, 1874, 839, 1151, 654, 1182, 815, 470, 670, 150, 718, 352, 1579, 879, 443, 1690, 32, 435, 1383, 501, 882, 1085, 1176, 1382, 1171, 686, 1140, 1105, 800, 1516, 1485, 516, 1475, 1434, 1911, 889, 239, 652, 1535, 1639, 335, 1325, 1784, 765, 663, 1224, 448, 1815, 739, 1812, 1076, 747, 1467, 732, 1654, 1828, 502, 1319, 1425, 1160, 1468, 368, 1732, 1248, 143, 808, 674, 713, 129, 1599, 288, 1005, 1643, 1729, 1918, 1064, 279, 1741, 406, 867, 729, 604, 1220, 750, 304, 936, 215, 1626, 1778, 1031, 1756, 305, 1699, 412, 1387, 1640, 210, 188, 253, 645, 1279, 349, 1898, 262, 1082, 213, 255, 1514, 1375, 576, 698, 986, 1119, 508, 1753, 104, 1296, 1380, 128, 163, 693, 1524, 924, 842, 812, 1348, 199, 1386, 1628, 1435, 1772, 817, 931, 334, 1360, 390, 1413, 1783, 944, 905, 1271, 1132, 1857, 35, 340, 1461, 506, 1150, 1455, 594, 1020, 1178, 1770, 1389, 1276, 1355, 1228, 990, 1480, 1100, 1326, 282, 1321, 852, 200, 1146, 1253, 49, 1682, 1221, 1840, 1525, 1037, 1170, 1800, 648, 1243, 266, 926, 782, 1667, 984, 570, 1289, 1860, 893, 1630, 479, 339, 246, 866, 1631, 211, 684, 60, 125, 1513, 836, 43, 1450, 515, 1256, 244, 1063, 1693, 913, 966, 54, 432, 1869, 254, 1916, 577, 1096, 540, 1075, 1261, 1871, 1587, 381, 634, 205, 269, 489, 1890, 37, 746, 386, 551, 1414, 953, 1403, 709, 622, 1497, 1561, 1324, 158, 624, 426, 1466, 44, 267, 994, 318, 1398, 397, 95, 786, 81, 1332, 837, 289, 865, 965, 67, 1696, 816, 1044, 820, 229, 1400, 1362, 491, 1139, 1873, 1338, 559, 1016, 1021, 1436, 1002, 1797, 40, 224, 1615, 1385, 941, 1308, 978, 794, 231, 834, 1675, 1736, 31, 1181, 562, 831, 1272, 767, 372, 1825, 1669, 760, 380, 1343, 42, 1351, 1337, 1441, 268, 1644, 1015, 52, 1469, 1861, 1481, 22, 1605, 361, 1381, 410, 1333, 975, 1046, 1595, 348, 1768, 366, 1281, 772, 974, 495, 358, 590, 187, 631, 1695, 687, 1328, 572, 588, 1805, 620, 1577, 1449, 1433, 1659, 320, 418, 346, 602, 573, 1709, 1300, 113, 427, 1891, 1341, 236, 1001, 370, 723, 1092, 1560, 379, 662, 79, 850, 1704, 824, 627, 436, 666, 1103, 653, 945, 1370, 1232, 587, 234, 103, 1858, 934, 1420, 123, 1818, 1310, 499, 1739, 1493, 1847, 1553, 740, 124, 1260, 1378, 1842, 1777, 1816, 1543, 749, 608, 1563, 996, 25, 101, 90, 459, 337, 122, 580, 829, 533, 292, 452, 1614, 1183, 1322, 1278, 521, 1136, 1190, 96, 259, 1645, 1008, 1888, 342, 445, 1504, 162, 382, 1894, 784, 1404, 1531, 1312, 444, 1097, 1447, 1280, 872, 168, 50, 1687, 1593, 1610, 98, 1242, 769, 642, 1309, 888, 433, 302, 1263, 1169, 1656, 1295, 243, 921, 1438, 1161, 877, 640, 1541, 24, 703, 980, 1173, 935, 1519, 440, 1512, 1137, 822, 1014, 310, 511, 583, 1518, 458, 274, 109, 856, 522, 11, 462, 1236, 232, 633, 1567, 1241, 989, 1725, 280, 875, 1083, 1833, 324, 1566, 249, 172, 696, 1505, 1010, 1477, 1327, 910, 861, 88, 99, 357, 437, 80, 1292, 764, 175, 395, 1716, 699, 1483, 1717, 673, 623, 1697, 1479, 1060, 1651, 553, 981, 218, 1110, 185, 77, 900, 371, 904, 1390, 21, 1882, 595, 1718, 1476, 152, 420, 918, 192, 1679, 1484, 1863, 787, 567, 851, 441, 530, 517, 1419, 1388, 329, 301, 1330, 876, 478, 1530, 676, 1844, 403, 74, 647, 728, 230, 519, 256, 737, 235, 1796, 182, 858, 504, 1287, 1124, 1229, 294, 625, 894, 759, 1544, 330, 1711, 505, 903, 1055, 1238, 1397, 1686, 136, 1275, 1580, 1584, 59, 1112, 1636, 166, 655, 1520, 1540, 374, 496, 414, 1226, 154, 860, 531, 1465, 1345, 1662, 1284, 669, 1627, 1408, 36, 191, 1748, 7, 1498, 802, 325, 957, 208, 228, 1201, 950, 1318, 155, 948, 133, 920, 442, 225, 611, 1633, 796, 667, 1652, 1304, 1609, 1611, 527, 1427, 1354, 689, 930, 870, 925, 56, 1402, 100, 189, 1068, 1737, 322, 523, 247, 971, 1445, 55, 579, 1374, 1571, 1521, 890, 785, 58, 671, 1608, 1168, 1742, 899, 299, 778, 1542, 761, 566, 46, 1708, 1719, 351, 1392, 651, 1764, 811, 449, 922, 261, 1036, 694, 127, 1114, 707, 1487, 1852, 1802, 873, 174, 1865, 1710, 763, 164, 1632, 345, 539, 1141, 805, 919, 911, 184, 548, 1422, 1625, 1155, 399, 1795, 1845, 1889, 1565, 45, 603, 1444, 1517, 1823, 1246, 477, 64, 1164, 1411, 781, 8, 1635, 1583, 1200, 241, 151, 177, 333, 629, 1453, 293, 1760, 636, 1239, 1115, 727, 273, 1394, 1266, 1184, 1619, 1743, 313, 1904, 982, 1367, 153, 564, 1806, 331, 1862, 1848, 606, 1264, 57, 97, 1774, 1814, 1086, 1029, 393, 1488, 85, 1509, 1550, 725, 1638, 1846, 1342, 1728, 993, 421, 1781, 681, 473, 1604, 364, 1613, 679, 780, 1885, 581, 1130, 116, 823, 355, 736, 75, 398, 557, 1740, 1515, 1596, 1250, 641, 1683, 198, 1363, 589, 1223, 1209, 417, 209, 1810, 9, 535, 1500, 1881, 1208, 909, 0, 702, 1897, 598, 1189, 748, 675, 1691, 1152, 755, 4, 1416, 830, 439, 1222, 1340, 692, 1003, 34, 356, 170, 1761, 1657, 1578, 401, 795, 1507, 997, 644, 1166, 447, 518, 563, 336, 1820, 343, 597, 844, 1058, 497, 311, 1463, 754, 1218, 1191, 1148, 1612, 1022, 1344, 1776, 942, 906, 1409, 1098, 130, 1418, 1830, 190, 1303, 1749, 607, 825, 92, 677, 628, 326, 715, 949, 27, 1537, 1025, 1439, 1277, 396, 1270, 53, 558, 584, 616, 630, 1533, 532, 1113, 612, 1080, 173, 1090, 838, 17, 897, 1306, 1311, 1131, 388, 1118, 1528, 1426, 1257, 1460, 1714, 1407, 144, 1734, 258, 1731, 526, 367, 1834, 126, 1104, 638, 791, 265, 223, 461, 1457, 139, 456, 1905, 1663, 1412, 1568, 1763, 883, 1661, 1678, 493, 1606, 1813, 541, 1757, 276, 296, 1673, 222, 1707, 183, 257, 615, 1478, 742, 376, 810, 661, 365, 156, 1298, 1701, 1653, 202, 1334, 1197, 1482, 106, 323, 1448, 1558, 1179, 1854, 902, 1049, 297, 216, 1268, 277, 1336, 1393, 65, 1456, 1052, 5, 1735, 1495, 1175, 988, 117, 721, 1788, 315, 1819, 1305, 1794, 520, 543, 1214, 917, 731, 1091, 1147, 1070, 68, 892, 1486, 464, 783, 115, 1883, 1372, 752, 383, 1122, 582, 1039, 1213, 574, 1594, 1870, 1111, 1792, 706, 1674, 233, 1607, 691, 1417, 1071, 711, 1538, 252, 741, 1396, 1211, 1429, 1906, 513, 799, 1384, 1138, 1688, 1681, 1045, 961, 743, 1824, 619, 766, 1727, 147, 827, 1117, 1547, 1892, 39, 82, 1546, 963, 178, 658, 1592, 425, 484, 415, 1204, 1331, 1207, 561, 912, 451, 1548, 1494, 1210, 1676, 685, 1291, 793, 632, 1018], [1054, 207, 1715, 1233, 514, 238, 1377, 1677, 878, 1624, 1145, 1009, 469, 962, 1194, 93, 1556, 1851, 1569, 1089, 745, 423, 23, 821, 29, 1401, 789, 1791, 788, 1079, 1347, 503, 1199, 753, 848, 1294, 801, 682, 955, 112, 1188, 402, 1878, 1817, 1288, 1821, 1245, 1302, 1007, 1705, 271, 510, 1510, 327, 1127, 486, 1555, 1004, 1589, 1511, 1700, 1373, 1668, 341, 1489, 1790, 1492, 321, 659, 578, 303, 118, 960, 453, 160, 683, 1832, 434, 701, 928, 480, 1446, 1552, 704, 94, 1317, 1410, 394, 186, 771, 859, 1395, 1646, 1570, 1353, 714, 1297, 360, 1153, 1185, 1766, 1471, 1013, 1356, 1437, 78, 63, 1618, 537, 482, 3, 450, 1339, 490, 857, 251, 898, 916, 546, 1809, 1689, 1078, 1069, 1, 1035, 1534, 1158, 203, 1837, 1095, 1235, 295, 933, 1474, 1559, 240, 105, 419, 1751, 1061, 1896, 1162, 1508, 1195, 237, 509, 1875, 6, 1564, 1698, 1907, 20, 1023, 1157, 1724, 132, 1912, 108, 1839, 734, 413, 316, 1249, 1880, 430, 915, 952, 813, 1532, 1116, 1859, 137, 1703, 141, 1785, 1582, 643, 119, 12, 968, 1193, 408, 214, 601, 967, 803, 1551, 363, 424, 958, 1826, 196]]
Resuming from epoch 65: /Users/suraj/Downloads/outputs/wall_single/checkpoints/model_latest.pth
num_action_repeat: 1
num_proprio_repeat: 1
proprio encoder: ProprioceptiveEmbedding(
  (patch_embed): Conv1d(2, 10, kernel_size=(1,), stride=(1,))
)
action encoder: ProprioceptiveEmbedding(
  (patch_embed): Conv1d(10, 10, kernel_size=(1,), stride=(1,))
)
proprio_dim: 10, after repeat: 10
action_dim: 10, after repeat: 10
emb_dim: 404
Model emb_dim:  404
eval_seed:  [11, 12, 13, 14, 15, 16, 17, 18, 19, 20]
Dumped plan targets to /Users/suraj/Desktop/EAI_DINO/results/wall_transition/transition_run_v2/resume/resume_try1/layerwise_int4/encfp16_75/budget_bA/seed_1/plan_targets.pkl
Success rate:  0.0
{'success': array([False, False, False, False, False, False, False, False, False,
       False]), 'state_dist': array([24.6393834 , 28.78845953, 14.62146562, 41.47390188, 16.47632818,
       34.31492636, 20.16761858, 31.27072389, 27.99522514, 20.76612774])}
Success rate:  0.0
{'success': array([False, False, False, False, False, False, False, False, False,
       False]), 'state_dist': array([10.04599474, 22.51775552, 14.67098243, 30.29335612, 15.08793766,
       37.77479081, 21.77020768, 19.41791195, 27.67030588, 17.65987828])}
MPC iter 0 Eval ------- 
Success rate:  0.0
{'success': array([False, False, False, False, False, False, False, False, False,
       False]), 'state_dist': array([10.04599474, 22.51775552, 14.67098243, 30.29335612, 15.08793766,
       37.77479081, 21.77020768, 19.41791195, 27.67030588, 17.65987828])}
self.is_success:  [False False False False False False False False False False]
Success rate:  0.1
{'success': array([ True, False, False, False, False, False, False, False, False,
       False]), 'state_dist': array([ 2.24488982, 23.59945237, 14.32289103, 23.1354813 , 12.7385099 ,
       34.66102446, 20.50793191, 18.21310014, 27.08683791, 17.49526425])}
Success rate:  0.0
{'success': array([False, False, False, False, False, False, False, False, False,
       False]), 'state_dist': array([ 6.24764935, 19.88570247, 14.58545224, 20.11318526, 12.16588252,
       31.74260691, 16.95255227, 10.54182782, 24.86454626, 17.28857133])}
MPC iter 1 Eval ------- 
Success rate:  0.0
{'success': array([False, False, False, False, False, False, False, False, False,
       False]), 'state_dist': array([ 6.24764935, 19.88570247, 14.58545224, 20.11318526, 12.16588252,
       31.74260691, 16.95255227, 10.54182782, 24.86454626, 17.28857133])}
self.is_success:  [False False False False False False False False False False]
Success rate:  0.0
{'success': array([False, False, False, False, False, False, False, False, False,
       False]), 'state_dist': array([ 6.24764935, 19.88570247, 14.58545224, 20.11318526, 12.16588252,
       31.74260691, 16.95255227, 10.54182782, 24.86454626, 17.28857133])}
[ok] variant=encfp16_75 budget=bA opt_steps=2 seed=1 success=0.0000
Planning device: mps
Loading wall dataset...
Loaded 1920 rollouts
Using cache found in /Users/suraj/.cache/torch/hub/facebookresearch_dinov2_main
[[102, 33, 1056, 1591, 354, 245, 790, 1323, 142, 1745, 1588, 1473, 38, 1192, 735, 832, 547, 1186, 843, 660, 869, 83, 695, 1629, 179, 1658, 157, 1758, 1747, 250, 312, 1361, 1163, 1798, 275, 1099, 1787, 964, 1066, 609, 1666, 774, 181, 1502, 407, 668, 593, 1623, 1101, 565, 1350, 1572, 1094, 512, 148, 809, 263, 1853, 908, 927, 626, 569, 1730, 757, 1574, 1866, 1107, 1706, 391, 1255, 947, 828, 1720, 1057, 19, 1364, 1575, 1914, 1562, 1909, 534, 973, 538, 1017, 646, 285, 309, 1884, 1059, 552, 697, 1702, 145, 819, 649, 665, 169, 1051, 171, 1529, 1470, 291, 1371, 1240, 1641, 1746, 1443, 1307, 1801, 369, 1365, 525, 167, 1121, 1430, 874, 528, 1459, 1617, 770, 359, 923, 507, 884, 1616, 1314, 1149, 1379, 891, 1442, 1047, 1887, 248, 1767, 1620, 283, 392, 1290, 1650, 242, 1399, 807, 159, 204, 775, 1827, 500, 1352, 700, 1265, 1102, 149, 1440, 1258, 1738, 347, 690, 468, 1726, 1234, 1126, 868, 1501, 621, 585, 1523, 121, 1108, 846, 1167, 1405, 114, 474, 1406, 195, 1144, 586, 384, 1680, 298, 308, 529, 901, 475, 992, 1811, 1655, 914, 1598, 560, 1452, 385, 1032, 1895, 756, 1893, 485, 1293, 1876, 378, 206, 61, 1762, 1335, 1779, 1062, 111, 550, 1357, 284, 1074, 880, 592, 712, 1454, 1660, 1067, 946, 1011, 193, 1838, 1072, 1065, 1267, 1217, 591, 678, 792, 180, 1313, 69, 84, 1603, 1775, 201, 1415, 457, 1359, 400, 1759, 1081, 554, 471, 1841, 446, 1670, 688, 140, 1600, 871, 1093, 460, 1831, 818, 940, 1128, 614, 1000, 987, 1048, 72, 465, 804, 1804, 826, 1006, 1129, 270, 954, 86, 107, 1744, 751, 1143, 1554, 1750, 556, 1692, 664, 943, 907, 1713, 881, 1793, 849, 972, 264, 1431, 1040, 1391, 680, 1864, 724, 1549, 455, 600, 389, 1301, 1262, 1073, 1216, 613, 314, 15, 657, 896, 549, 575, 719, 545, 937, 1585, 165, 1252, 338, 970, 1366, 1247, 1024, 14, 855, 212, 887, 977, 1225, 776, 10, 1903, 1423, 596, 726, 431, 959, 1159, 1033, 1458, 1196, 1526, 317, 1358, 454, 1647, 976, 773, 1786, 1462, 488, 41, 571, 1464, 599, 979, 864, 18, 306, 1299, 797, 332, 1424, 1286, 66, 51, 1230, 1527, 1042, 762, 219, 487, 1026, 1282, 1285, 1503, 1597, 1573, 758, 999, 30, 1215, 1315, 1227, 387, 1867, 1421, 220, 932, 1829, 26, 1822, 290, 1088, 1902, 429, 463, 197, 1156, 1539, 1491, 1027, 1901, 733, 1879, 833, 278, 1251, 1899, 1642, 73, 272, 1019, 1084, 1346, 1803, 845, 568, 286, 76, 956, 1237, 48, 939, 1601, 481, 1187, 176, 1231, 1545, 1664, 1244, 87, 47, 194, 1586, 1316, 1125, 1649, 1077, 995, 1665, 1428, 1219, 1712, 1038, 542, 998, 70, 929, 1648, 476, 886, 1134, 1733, 854, 853, 1283, 1432, 1723, 1269, 281, 1174, 110, 1685, 1868, 777, 1522, 353, 798, 1773, 409, 768, 1273, 1490, 221, 1154, 1499, 71, 1637, 720, 1850, 1198, 1755, 1915, 716, 1900, 1835, 672, 319, 1536, 226, 1472, 1602, 969, 492, 428, 895, 814, 1133, 62, 656, 1722, 1621, 1142, 1087, 524, 1590, 1030, 650, 1451, 1913, 1259, 1917, 544, 377, 862, 1202, 1177, 1274, 1123, 617, 605, 1106, 1855, 422, 1769, 362, 1721, 1329, 1206, 1506, 135, 1320, 217, 120, 1120, 1836, 710, 717, 1799, 1557, 722, 1694, 405, 375, 1034, 260, 1496, 411, 1672, 28, 637, 373, 1808, 134, 1012, 536, 1752, 983, 1135, 1576, 483, 13, 404, 841, 1172, 1041, 1843, 161, 847, 1369, 1910, 1782, 1671, 1376, 1856, 498, 806, 635, 1212, 438, 835, 1849, 1109, 1349, 1043, 2, 466, 610, 1165, 885, 951, 344, 300, 1807, 1908, 287, 1877, 705, 1872, 1581, 985, 328, 708, 730, 350, 307, 146, 840, 1180, 494, 16, 555, 1368, 1780, 779, 1771, 1203, 1754, 744, 863, 1684, 639, 1919, 738, 938, 1053, 618, 91, 1886, 1028, 472, 1050, 138, 131, 89, 416, 991, 1254, 467, 227, 1765, 1634, 1789, 1622, 1205, 1874, 839, 1151, 654, 1182, 815, 470, 670, 150, 718, 352, 1579, 879, 443, 1690, 32, 435, 1383, 501, 882, 1085, 1176, 1382, 1171, 686, 1140, 1105, 800, 1516, 1485, 516, 1475, 1434, 1911, 889, 239, 652, 1535, 1639, 335, 1325, 1784, 765, 663, 1224, 448, 1815, 739, 1812, 1076, 747, 1467, 732, 1654, 1828, 502, 1319, 1425, 1160, 1468, 368, 1732, 1248, 143, 808, 674, 713, 129, 1599, 288, 1005, 1643, 1729, 1918, 1064, 279, 1741, 406, 867, 729, 604, 1220, 750, 304, 936, 215, 1626, 1778, 1031, 1756, 305, 1699, 412, 1387, 1640, 210, 188, 253, 645, 1279, 349, 1898, 262, 1082, 213, 255, 1514, 1375, 576, 698, 986, 1119, 508, 1753, 104, 1296, 1380, 128, 163, 693, 1524, 924, 842, 812, 1348, 199, 1386, 1628, 1435, 1772, 817, 931, 334, 1360, 390, 1413, 1783, 944, 905, 1271, 1132, 1857, 35, 340, 1461, 506, 1150, 1455, 594, 1020, 1178, 1770, 1389, 1276, 1355, 1228, 990, 1480, 1100, 1326, 282, 1321, 852, 200, 1146, 1253, 49, 1682, 1221, 1840, 1525, 1037, 1170, 1800, 648, 1243, 266, 926, 782, 1667, 984, 570, 1289, 1860, 893, 1630, 479, 339, 246, 866, 1631, 211, 684, 60, 125, 1513, 836, 43, 1450, 515, 1256, 244, 1063, 1693, 913, 966, 54, 432, 1869, 254, 1916, 577, 1096, 540, 1075, 1261, 1871, 1587, 381, 634, 205, 269, 489, 1890, 37, 746, 386, 551, 1414, 953, 1403, 709, 622, 1497, 1561, 1324, 158, 624, 426, 1466, 44, 267, 994, 318, 1398, 397, 95, 786, 81, 1332, 837, 289, 865, 965, 67, 1696, 816, 1044, 820, 229, 1400, 1362, 491, 1139, 1873, 1338, 559, 1016, 1021, 1436, 1002, 1797, 40, 224, 1615, 1385, 941, 1308, 978, 794, 231, 834, 1675, 1736, 31, 1181, 562, 831, 1272, 767, 372, 1825, 1669, 760, 380, 1343, 42, 1351, 1337, 1441, 268, 1644, 1015, 52, 1469, 1861, 1481, 22, 1605, 361, 1381, 410, 1333, 975, 1046, 1595, 348, 1768, 366, 1281, 772, 974, 495, 358, 590, 187, 631, 1695, 687, 1328, 572, 588, 1805, 620, 1577, 1449, 1433, 1659, 320, 418, 346, 602, 573, 1709, 1300, 113, 427, 1891, 1341, 236, 1001, 370, 723, 1092, 1560, 379, 662, 79, 850, 1704, 824, 627, 436, 666, 1103, 653, 945, 1370, 1232, 587, 234, 103, 1858, 934, 1420, 123, 1818, 1310, 499, 1739, 1493, 1847, 1553, 740, 124, 1260, 1378, 1842, 1777, 1816, 1543, 749, 608, 1563, 996, 25, 101, 90, 459, 337, 122, 580, 829, 533, 292, 452, 1614, 1183, 1322, 1278, 521, 1136, 1190, 96, 259, 1645, 1008, 1888, 342, 445, 1504, 162, 382, 1894, 784, 1404, 1531, 1312, 444, 1097, 1447, 1280, 872, 168, 50, 1687, 1593, 1610, 98, 1242, 769, 642, 1309, 888, 433, 302, 1263, 1169, 1656, 1295, 243, 921, 1438, 1161, 877, 640, 1541, 24, 703, 980, 1173, 935, 1519, 440, 1512, 1137, 822, 1014, 310, 511, 583, 1518, 458, 274, 109, 856, 522, 11, 462, 1236, 232, 633, 1567, 1241, 989, 1725, 280, 875, 1083, 1833, 324, 1566, 249, 172, 696, 1505, 1010, 1477, 1327, 910, 861, 88, 99, 357, 437, 80, 1292, 764, 175, 395, 1716, 699, 1483, 1717, 673, 623, 1697, 1479, 1060, 1651, 553, 981, 218, 1110, 185, 77, 900, 371, 904, 1390, 21, 1882, 595, 1718, 1476, 152, 420, 918, 192, 1679, 1484, 1863, 787, 567, 851, 441, 530, 517, 1419, 1388, 329, 301, 1330, 876, 478, 1530, 676, 1844, 403, 74, 647, 728, 230, 519, 256, 737, 235, 1796, 182, 858, 504, 1287, 1124, 1229, 294, 625, 894, 759, 1544, 330, 1711, 505, 903, 1055, 1238, 1397, 1686, 136, 1275, 1580, 1584, 59, 1112, 1636, 166, 655, 1520, 1540, 374, 496, 414, 1226, 154, 860, 531, 1465, 1345, 1662, 1284, 669, 1627, 1408, 36, 191, 1748, 7, 1498, 802, 325, 957, 208, 228, 1201, 950, 1318, 155, 948, 133, 920, 442, 225, 611, 1633, 796, 667, 1652, 1304, 1609, 1611, 527, 1427, 1354, 689, 930, 870, 925, 56, 1402, 100, 189, 1068, 1737, 322, 523, 247, 971, 1445, 55, 579, 1374, 1571, 1521, 890, 785, 58, 671, 1608, 1168, 1742, 899, 299, 778, 1542, 761, 566, 46, 1708, 1719, 351, 1392, 651, 1764, 811, 449, 922, 261, 1036, 694, 127, 1114, 707, 1487, 1852, 1802, 873, 174, 1865, 1710, 763, 164, 1632, 345, 539, 1141, 805, 919, 911, 184, 548, 1422, 1625, 1155, 399, 1795, 1845, 1889, 1565, 45, 603, 1444, 1517, 1823, 1246, 477, 64, 1164, 1411, 781, 8, 1635, 1583, 1200, 241, 151, 177, 333, 629, 1453, 293, 1760, 636, 1239, 1115, 727, 273, 1394, 1266, 1184, 1619, 1743, 313, 1904, 982, 1367, 153, 564, 1806, 331, 1862, 1848, 606, 1264, 57, 97, 1774, 1814, 1086, 1029, 393, 1488, 85, 1509, 1550, 725, 1638, 1846, 1342, 1728, 993, 421, 1781, 681, 473, 1604, 364, 1613, 679, 780, 1885, 581, 1130, 116, 823, 355, 736, 75, 398, 557, 1740, 1515, 1596, 1250, 641, 1683, 198, 1363, 589, 1223, 1209, 417, 209, 1810, 9, 535, 1500, 1881, 1208, 909, 0, 702, 1897, 598, 1189, 748, 675, 1691, 1152, 755, 4, 1416, 830, 439, 1222, 1340, 692, 1003, 34, 356, 170, 1761, 1657, 1578, 401, 795, 1507, 997, 644, 1166, 447, 518, 563, 336, 1820, 343, 597, 844, 1058, 497, 311, 1463, 754, 1218, 1191, 1148, 1612, 1022, 1344, 1776, 942, 906, 1409, 1098, 130, 1418, 1830, 190, 1303, 1749, 607, 825, 92, 677, 628, 326, 715, 949, 27, 1537, 1025, 1439, 1277, 396, 1270, 53, 558, 584, 616, 630, 1533, 532, 1113, 612, 1080, 173, 1090, 838, 17, 897, 1306, 1311, 1131, 388, 1118, 1528, 1426, 1257, 1460, 1714, 1407, 144, 1734, 258, 1731, 526, 367, 1834, 126, 1104, 638, 791, 265, 223, 461, 1457, 139, 456, 1905, 1663, 1412, 1568, 1763, 883, 1661, 1678, 493, 1606, 1813, 541, 1757, 276, 296, 1673, 222, 1707, 183, 257, 615, 1478, 742, 376, 810, 661, 365, 156, 1298, 1701, 1653, 202, 1334, 1197, 1482, 106, 323, 1448, 1558, 1179, 1854, 902, 1049, 297, 216, 1268, 277, 1336, 1393, 65, 1456, 1052, 5, 1735, 1495, 1175, 988, 117, 721, 1788, 315, 1819, 1305, 1794, 520, 543, 1214, 917, 731, 1091, 1147, 1070, 68, 892, 1486, 464, 783, 115, 1883, 1372, 752, 383, 1122, 582, 1039, 1213, 574, 1594, 1870, 1111, 1792, 706, 1674, 233, 1607, 691, 1417, 1071, 711, 1538, 252, 741, 1396, 1211, 1429, 1906, 513, 799, 1384, 1138, 1688, 1681, 1045, 961, 743, 1824, 619, 766, 1727, 147, 827, 1117, 1547, 1892, 39, 82, 1546, 963, 178, 658, 1592, 425, 484, 415, 1204, 1331, 1207, 561, 912, 451, 1548, 1494, 1210, 1676, 685, 1291, 793, 632, 1018], [1054, 207, 1715, 1233, 514, 238, 1377, 1677, 878, 1624, 1145, 1009, 469, 962, 1194, 93, 1556, 1851, 1569, 1089, 745, 423, 23, 821, 29, 1401, 789, 1791, 788, 1079, 1347, 503, 1199, 753, 848, 1294, 801, 682, 955, 112, 1188, 402, 1878, 1817, 1288, 1821, 1245, 1302, 1007, 1705, 271, 510, 1510, 327, 1127, 486, 1555, 1004, 1589, 1511, 1700, 1373, 1668, 341, 1489, 1790, 1492, 321, 659, 578, 303, 118, 960, 453, 160, 683, 1832, 434, 701, 928, 480, 1446, 1552, 704, 94, 1317, 1410, 394, 186, 771, 859, 1395, 1646, 1570, 1353, 714, 1297, 360, 1153, 1185, 1766, 1471, 1013, 1356, 1437, 78, 63, 1618, 537, 482, 3, 450, 1339, 490, 857, 251, 898, 916, 546, 1809, 1689, 1078, 1069, 1, 1035, 1534, 1158, 203, 1837, 1095, 1235, 295, 933, 1474, 1559, 240, 105, 419, 1751, 1061, 1896, 1162, 1508, 1195, 237, 509, 1875, 6, 1564, 1698, 1907, 20, 1023, 1157, 1724, 132, 1912, 108, 1839, 734, 413, 316, 1249, 1880, 430, 915, 952, 813, 1532, 1116, 1859, 137, 1703, 141, 1785, 1582, 643, 119, 12, 968, 1193, 408, 214, 601, 967, 803, 1551, 363, 424, 958, 1826, 196]]
Resuming from epoch 65: /Users/suraj/Downloads/outputs/wall_single/checkpoints/model_latest.pth
num_action_repeat: 1
num_proprio_repeat: 1
proprio encoder: ProprioceptiveEmbedding(
  (patch_embed): Conv1d(2, 10, kernel_size=(1,), stride=(1,))
)
action encoder: ProprioceptiveEmbedding(
  (patch_embed): Conv1d(10, 10, kernel_size=(1,), stride=(1,))
)
proprio_dim: 10, after repeat: 10
action_dim: 10, after repeat: 10
emb_dim: 404
Model emb_dim:  404
eval_seed:  [21, 22, 23, 24, 25, 26, 27, 28, 29, 30]
Dumped plan targets to /Users/suraj/Desktop/EAI_DINO/results/wall_transition/transition_run_v2/resume/resume_try1/layerwise_int4/encfp16_75/budget_bA/seed_2/plan_targets.pkl
Success rate:  0.0
{'success': array([False, False, False, False, False, False, False, False, False,
       False]), 'state_dist': array([38.56467247, 28.43193398, 30.96010892, 31.65987934, 14.40398653,
       23.25078706, 24.69773375, 21.0230548 , 30.64063231, 25.97614985])}
Success rate:  0.0
{'success': array([False, False, False, False, False, False, False, False, False,
       False]), 'state_dist': array([30.82631449, 24.32811331, 19.59994073, 19.82087866, 16.68072197,
       19.52794208, 20.50392977, 14.72567355, 26.51886878,  9.02332176])}
MPC iter 0 Eval ------- 
Success rate:  0.0
{'success': array([False, False, False, False, False, False, False, False, False,
       False]), 'state_dist': array([30.82631449, 24.32811331, 19.59994073, 19.82087866, 16.68072197,
       19.52794208, 20.50392977, 14.72567355, 26.51886878,  9.02332176])}
self.is_success:  [False False False False False False False False False False]
Success rate:  0.1
{'success': array([False, False, False, False,  True, False, False, False, False,
       False]), 'state_dist': array([30.69706002, 24.72183634, 11.52791892, 14.13730892,  3.5172349 ,
       19.4641184 , 21.06237491,  9.73428823, 14.72067471,  6.28142478])}
Success rate:  0.1
{'success': array([False, False, False, False,  True, False, False, False, False,
       False]), 'state_dist': array([30.9332186 , 26.07647444,  4.92373742, 10.10256596,  4.22825096,
       19.36483869, 23.46912245,  8.16284395, 14.96162565,  5.28898903])}
MPC iter 1 Eval ------- 
Success rate:  0.1
{'success': array([False, False, False, False,  True, False, False, False, False,
       False]), 'state_dist': array([30.9332186 , 26.07647444,  4.92373742, 10.10256596,  4.22825096,
       19.36483869, 23.46912245,  8.16284395, 14.96162565,  5.28898903])}
self.is_success:  [False False False False  True False False False False False]
Success rate:  0.1
{'success': array([False, False, False, False,  True, False, False, False, False,
       False]), 'state_dist': array([30.9332186 , 26.07647444,  4.92373742, 10.10256596,  4.22825096,
       19.36483869, 23.46912245,  8.16284395, 14.96162565,  5.28898903])}
[ok] variant=encfp16_75 budget=bA opt_steps=2 seed=2 success=0.1000
Planning device: mps
Loading wall dataset...
Loaded 1920 rollouts
Using cache found in /Users/suraj/.cache/torch/hub/facebookresearch_dinov2_main
[[102, 33, 1056, 1591, 354, 245, 790, 1323, 142, 1745, 1588, 1473, 38, 1192, 735, 832, 547, 1186, 843, 660, 869, 83, 695, 1629, 179, 1658, 157, 1758, 1747, 250, 312, 1361, 1163, 1798, 275, 1099, 1787, 964, 1066, 609, 1666, 774, 181, 1502, 407, 668, 593, 1623, 1101, 565, 1350, 1572, 1094, 512, 148, 809, 263, 1853, 908, 927, 626, 569, 1730, 757, 1574, 1866, 1107, 1706, 391, 1255, 947, 828, 1720, 1057, 19, 1364, 1575, 1914, 1562, 1909, 534, 973, 538, 1017, 646, 285, 309, 1884, 1059, 552, 697, 1702, 145, 819, 649, 665, 169, 1051, 171, 1529, 1470, 291, 1371, 1240, 1641, 1746, 1443, 1307, 1801, 369, 1365, 525, 167, 1121, 1430, 874, 528, 1459, 1617, 770, 359, 923, 507, 884, 1616, 1314, 1149, 1379, 891, 1442, 1047, 1887, 248, 1767, 1620, 283, 392, 1290, 1650, 242, 1399, 807, 159, 204, 775, 1827, 500, 1352, 700, 1265, 1102, 149, 1440, 1258, 1738, 347, 690, 468, 1726, 1234, 1126, 868, 1501, 621, 585, 1523, 121, 1108, 846, 1167, 1405, 114, 474, 1406, 195, 1144, 586, 384, 1680, 298, 308, 529, 901, 475, 992, 1811, 1655, 914, 1598, 560, 1452, 385, 1032, 1895, 756, 1893, 485, 1293, 1876, 378, 206, 61, 1762, 1335, 1779, 1062, 111, 550, 1357, 284, 1074, 880, 592, 712, 1454, 1660, 1067, 946, 1011, 193, 1838, 1072, 1065, 1267, 1217, 591, 678, 792, 180, 1313, 69, 84, 1603, 1775, 201, 1415, 457, 1359, 400, 1759, 1081, 554, 471, 1841, 446, 1670, 688, 140, 1600, 871, 1093, 460, 1831, 818, 940, 1128, 614, 1000, 987, 1048, 72, 465, 804, 1804, 826, 1006, 1129, 270, 954, 86, 107, 1744, 751, 1143, 1554, 1750, 556, 1692, 664, 943, 907, 1713, 881, 1793, 849, 972, 264, 1431, 1040, 1391, 680, 1864, 724, 1549, 455, 600, 389, 1301, 1262, 1073, 1216, 613, 314, 15, 657, 896, 549, 575, 719, 545, 937, 1585, 165, 1252, 338, 970, 1366, 1247, 1024, 14, 855, 212, 887, 977, 1225, 776, 10, 1903, 1423, 596, 726, 431, 959, 1159, 1033, 1458, 1196, 1526, 317, 1358, 454, 1647, 976, 773, 1786, 1462, 488, 41, 571, 1464, 599, 979, 864, 18, 306, 1299, 797, 332, 1424, 1286, 66, 51, 1230, 1527, 1042, 762, 219, 487, 1026, 1282, 1285, 1503, 1597, 1573, 758, 999, 30, 1215, 1315, 1227, 387, 1867, 1421, 220, 932, 1829, 26, 1822, 290, 1088, 1902, 429, 463, 197, 1156, 1539, 1491, 1027, 1901, 733, 1879, 833, 278, 1251, 1899, 1642, 73, 272, 1019, 1084, 1346, 1803, 845, 568, 286, 76, 956, 1237, 48, 939, 1601, 481, 1187, 176, 1231, 1545, 1664, 1244, 87, 47, 194, 1586, 1316, 1125, 1649, 1077, 995, 1665, 1428, 1219, 1712, 1038, 542, 998, 70, 929, 1648, 476, 886, 1134, 1733, 854, 853, 1283, 1432, 1723, 1269, 281, 1174, 110, 1685, 1868, 777, 1522, 353, 798, 1773, 409, 768, 1273, 1490, 221, 1154, 1499, 71, 1637, 720, 1850, 1198, 1755, 1915, 716, 1900, 1835, 672, 319, 1536, 226, 1472, 1602, 969, 492, 428, 895, 814, 1133, 62, 656, 1722, 1621, 1142, 1087, 524, 1590, 1030, 650, 1451, 1913, 1259, 1917, 544, 377, 862, 1202, 1177, 1274, 1123, 617, 605, 1106, 1855, 422, 1769, 362, 1721, 1329, 1206, 1506, 135, 1320, 217, 120, 1120, 1836, 710, 717, 1799, 1557, 722, 1694, 405, 375, 1034, 260, 1496, 411, 1672, 28, 637, 373, 1808, 134, 1012, 536, 1752, 983, 1135, 1576, 483, 13, 404, 841, 1172, 1041, 1843, 161, 847, 1369, 1910, 1782, 1671, 1376, 1856, 498, 806, 635, 1212, 438, 835, 1849, 1109, 1349, 1043, 2, 466, 610, 1165, 885, 951, 344, 300, 1807, 1908, 287, 1877, 705, 1872, 1581, 985, 328, 708, 730, 350, 307, 146, 840, 1180, 494, 16, 555, 1368, 1780, 779, 1771, 1203, 1754, 744, 863, 1684, 639, 1919, 738, 938, 1053, 618, 91, 1886, 1028, 472, 1050, 138, 131, 89, 416, 991, 1254, 467, 227, 1765, 1634, 1789, 1622, 1205, 1874, 839, 1151, 654, 1182, 815, 470, 670, 150, 718, 352, 1579, 879, 443, 1690, 32, 435, 1383, 501, 882, 1085, 1176, 1382, 1171, 686, 1140, 1105, 800, 1516, 1485, 516, 1475, 1434, 1911, 889, 239, 652, 1535, 1639, 335, 1325, 1784, 765, 663, 1224, 448, 1815, 739, 1812, 1076, 747, 1467, 732, 1654, 1828, 502, 1319, 1425, 1160, 1468, 368, 1732, 1248, 143, 808, 674, 713, 129, 1599, 288, 1005, 1643, 1729, 1918, 1064, 279, 1741, 406, 867, 729, 604, 1220, 750, 304, 936, 215, 1626, 1778, 1031, 1756, 305, 1699, 412, 1387, 1640, 210, 188, 253, 645, 1279, 349, 1898, 262, 1082, 213, 255, 1514, 1375, 576, 698, 986, 1119, 508, 1753, 104, 1296, 1380, 128, 163, 693, 1524, 924, 842, 812, 1348, 199, 1386, 1628, 1435, 1772, 817, 931, 334, 1360, 390, 1413, 1783, 944, 905, 1271, 1132, 1857, 35, 340, 1461, 506, 1150, 1455, 594, 1020, 1178, 1770, 1389, 1276, 1355, 1228, 990, 1480, 1100, 1326, 282, 1321, 852, 200, 1146, 1253, 49, 1682, 1221, 1840, 1525, 1037, 1170, 1800, 648, 1243, 266, 926, 782, 1667, 984, 570, 1289, 1860, 893, 1630, 479, 339, 246, 866, 1631, 211, 684, 60, 125, 1513, 836, 43, 1450, 515, 1256, 244, 1063, 1693, 913, 966, 54, 432, 1869, 254, 1916, 577, 1096, 540, 1075, 1261, 1871, 1587, 381, 634, 205, 269, 489, 1890, 37, 746, 386, 551, 1414, 953, 1403, 709, 622, 1497, 1561, 1324, 158, 624, 426, 1466, 44, 267, 994, 318, 1398, 397, 95, 786, 81, 1332, 837, 289, 865, 965, 67, 1696, 816, 1044, 820, 229, 1400, 1362, 491, 1139, 1873, 1338, 559, 1016, 1021, 1436, 1002, 1797, 40, 224, 1615, 1385, 941, 1308, 978, 794, 231, 834, 1675, 1736, 31, 1181, 562, 831, 1272, 767, 372, 1825, 1669, 760, 380, 1343, 42, 1351, 1337, 1441, 268, 1644, 1015, 52, 1469, 1861, 1481, 22, 1605, 361, 1381, 410, 1333, 975, 1046, 1595, 348, 1768, 366, 1281, 772, 974, 495, 358, 590, 187, 631, 1695, 687, 1328, 572, 588, 1805, 620, 1577, 1449, 1433, 1659, 320, 418, 346, 602, 573, 1709, 1300, 113, 427, 1891, 1341, 236, 1001, 370, 723, 1092, 1560, 379, 662, 79, 850, 1704, 824, 627, 436, 666, 1103, 653, 945, 1370, 1232, 587, 234, 103, 1858, 934, 1420, 123, 1818, 1310, 499, 1739, 1493, 1847, 1553, 740, 124, 1260, 1378, 1842, 1777, 1816, 1543, 749, 608, 1563, 996, 25, 101, 90, 459, 337, 122, 580, 829, 533, 292, 452, 1614, 1183, 1322, 1278, 521, 1136, 1190, 96, 259, 1645, 1008, 1888, 342, 445, 1504, 162, 382, 1894, 784, 1404, 1531, 1312, 444, 1097, 1447, 1280, 872, 168, 50, 1687, 1593, 1610, 98, 1242, 769, 642, 1309, 888, 433, 302, 1263, 1169, 1656, 1295, 243, 921, 1438, 1161, 877, 640, 1541, 24, 703, 980, 1173, 935, 1519, 440, 1512, 1137, 822, 1014, 310, 511, 583, 1518, 458, 274, 109, 856, 522, 11, 462, 1236, 232, 633, 1567, 1241, 989, 1725, 280, 875, 1083, 1833, 324, 1566, 249, 172, 696, 1505, 1010, 1477, 1327, 910, 861, 88, 99, 357, 437, 80, 1292, 764, 175, 395, 1716, 699, 1483, 1717, 673, 623, 1697, 1479, 1060, 1651, 553, 981, 218, 1110, 185, 77, 900, 371, 904, 1390, 21, 1882, 595, 1718, 1476, 152, 420, 918, 192, 1679, 1484, 1863, 787, 567, 851, 441, 530, 517, 1419, 1388, 329, 301, 1330, 876, 478, 1530, 676, 1844, 403, 74, 647, 728, 230, 519, 256, 737, 235, 1796, 182, 858, 504, 1287, 1124, 1229, 294, 625, 894, 759, 1544, 330, 1711, 505, 903, 1055, 1238, 1397, 1686, 136, 1275, 1580, 1584, 59, 1112, 1636, 166, 655, 1520, 1540, 374, 496, 414, 1226, 154, 860, 531, 1465, 1345, 1662, 1284, 669, 1627, 1408, 36, 191, 1748, 7, 1498, 802, 325, 957, 208, 228, 1201, 950, 1318, 155, 948, 133, 920, 442, 225, 611, 1633, 796, 667, 1652, 1304, 1609, 1611, 527, 1427, 1354, 689, 930, 870, 925, 56, 1402, 100, 189, 1068, 1737, 322, 523, 247, 971, 1445, 55, 579, 1374, 1571, 1521, 890, 785, 58, 671, 1608, 1168, 1742, 899, 299, 778, 1542, 761, 566, 46, 1708, 1719, 351, 1392, 651, 1764, 811, 449, 922, 261, 1036, 694, 127, 1114, 707, 1487, 1852, 1802, 873, 174, 1865, 1710, 763, 164, 1632, 345, 539, 1141, 805, 919, 911, 184, 548, 1422, 1625, 1155, 399, 1795, 1845, 1889, 1565, 45, 603, 1444, 1517, 1823, 1246, 477, 64, 1164, 1411, 781, 8, 1635, 1583, 1200, 241, 151, 177, 333, 629, 1453, 293, 1760, 636, 1239, 1115, 727, 273, 1394, 1266, 1184, 1619, 1743, 313, 1904, 982, 1367, 153, 564, 1806, 331, 1862, 1848, 606, 1264, 57, 97, 1774, 1814, 1086, 1029, 393, 1488, 85, 1509, 1550, 725, 1638, 1846, 1342, 1728, 993, 421, 1781, 681, 473, 1604, 364, 1613, 679, 780, 1885, 581, 1130, 116, 823, 355, 736, 75, 398, 557, 1740, 1515, 1596, 1250, 641, 1683, 198, 1363, 589, 1223, 1209, 417, 209, 1810, 9, 535, 1500, 1881, 1208, 909, 0, 702, 1897, 598, 1189, 748, 675, 1691, 1152, 755, 4, 1416, 830, 439, 1222, 1340, 692, 1003, 34, 356, 170, 1761, 1657, 1578, 401, 795, 1507, 997, 644, 1166, 447, 518, 563, 336, 1820, 343, 597, 844, 1058, 497, 311, 1463, 754, 1218, 1191, 1148, 1612, 1022, 1344, 1776, 942, 906, 1409, 1098, 130, 1418, 1830, 190, 1303, 1749, 607, 825, 92, 677, 628, 326, 715, 949, 27, 1537, 1025, 1439, 1277, 396, 1270, 53, 558, 584, 616, 630, 1533, 532, 1113, 612, 1080, 173, 1090, 838, 17, 897, 1306, 1311, 1131, 388, 1118, 1528, 1426, 1257, 1460, 1714, 1407, 144, 1734, 258, 1731, 526, 367, 1834, 126, 1104, 638, 791, 265, 223, 461, 1457, 139, 456, 1905, 1663, 1412, 1568, 1763, 883, 1661, 1678, 493, 1606, 1813, 541, 1757, 276, 296, 1673, 222, 1707, 183, 257, 615, 1478, 742, 376, 810, 661, 365, 156, 1298, 1701, 1653, 202, 1334, 1197, 1482, 106, 323, 1448, 1558, 1179, 1854, 902, 1049, 297, 216, 1268, 277, 1336, 1393, 65, 1456, 1052, 5, 1735, 1495, 1175, 988, 117, 721, 1788, 315, 1819, 1305, 1794, 520, 543, 1214, 917, 731, 1091, 1147, 1070, 68, 892, 1486, 464, 783, 115, 1883, 1372, 752, 383, 1122, 582, 1039, 1213, 574, 1594, 1870, 1111, 1792, 706, 1674, 233, 1607, 691, 1417, 1071, 711, 1538, 252, 741, 1396, 1211, 1429, 1906, 513, 799, 1384, 1138, 1688, 1681, 1045, 961, 743, 1824, 619, 766, 1727, 147, 827, 1117, 1547, 1892, 39, 82, 1546, 963, 178, 658, 1592, 425, 484, 415, 1204, 1331, 1207, 561, 912, 451, 1548, 1494, 1210, 1676, 685, 1291, 793, 632, 1018], [1054, 207, 1715, 1233, 514, 238, 1377, 1677, 878, 1624, 1145, 1009, 469, 962, 1194, 93, 1556, 1851, 1569, 1089, 745, 423, 23, 821, 29, 1401, 789, 1791, 788, 1079, 1347, 503, 1199, 753, 848, 1294, 801, 682, 955, 112, 1188, 402, 1878, 1817, 1288, 1821, 1245, 1302, 1007, 1705, 271, 510, 1510, 327, 1127, 486, 1555, 1004, 1589, 1511, 1700, 1373, 1668, 341, 1489, 1790, 1492, 321, 659, 578, 303, 118, 960, 453, 160, 683, 1832, 434, 701, 928, 480, 1446, 1552, 704, 94, 1317, 1410, 394, 186, 771, 859, 1395, 1646, 1570, 1353, 714, 1297, 360, 1153, 1185, 1766, 1471, 1013, 1356, 1437, 78, 63, 1618, 537, 482, 3, 450, 1339, 490, 857, 251, 898, 916, 546, 1809, 1689, 1078, 1069, 1, 1035, 1534, 1158, 203, 1837, 1095, 1235, 295, 933, 1474, 1559, 240, 105, 419, 1751, 1061, 1896, 1162, 1508, 1195, 237, 509, 1875, 6, 1564, 1698, 1907, 20, 1023, 1157, 1724, 132, 1912, 108, 1839, 734, 413, 316, 1249, 1880, 430, 915, 952, 813, 1532, 1116, 1859, 137, 1703, 141, 1785, 1582, 643, 119, 12, 968, 1193, 408, 214, 601, 967, 803, 1551, 363, 424, 958, 1826, 196]]
Resuming from epoch 65: /Users/suraj/Downloads/outputs/wall_single/checkpoints/model_latest.pth
num_action_repeat: 1
num_proprio_repeat: 1
proprio encoder: ProprioceptiveEmbedding(
  (patch_embed): Conv1d(2, 10, kernel_size=(1,), stride=(1,))
)
action encoder: ProprioceptiveEmbedding(
  (patch_embed): Conv1d(10, 10, kernel_size=(1,), stride=(1,))
)
proprio_dim: 10, after repeat: 10
action_dim: 10, after repeat: 10
emb_dim: 404
Model emb_dim:  404
eval_seed:  [11, 12, 13, 14, 15, 16, 17, 18, 19, 20]
Dumped plan targets to /Users/suraj/Desktop/EAI_DINO/results/wall_transition/transition_run_v2/resume/resume_try1/layerwise_int4/encfp16_100/budget_bA/seed_1/plan_targets.pkl
Success rate:  0.0
{'success': array([False, False, False, False, False, False, False, False, False,
       False]), 'state_dist': array([24.05376428, 29.17261756, 14.11350466, 41.73521776, 14.45723817,
       39.6725656 , 20.30962284, 30.93754421, 28.15791731, 22.34849578])}
Success rate:  0.0
{'success': array([False, False, False, False, False, False, False, False, False,
       False]), 'state_dist': array([ 6.54063068, 26.31444675, 14.75381404, 30.26667789, 12.73278759,
       44.97825379, 24.70725415, 14.62274079, 28.09447552, 18.39795604])}
MPC iter 0 Eval ------- 
Success rate:  0.0
{'success': array([False, False, False, False, False, False, False, False, False,
       False]), 'state_dist': array([ 6.54063068, 26.31444675, 14.75381404, 30.26667789, 12.73278759,
       44.97825379, 24.70725415, 14.62274079, 28.09447552, 18.39795604])}
self.is_success:  [False False False False False False False False False False]
Success rate:  0.1
{'success': array([ True, False, False, False, False, False, False, False, False,
       False]), 'state_dist': array([ 2.72284864, 32.62630019, 14.33235229, 24.17921828,  7.22583757,
       37.68020864, 15.34614819,  6.02661273, 23.48407206, 17.78838444])}
Success rate:  0.2
{'success': array([ True, False, False, False, False, False,  True, False, False,
       False]), 'state_dist': array([ 4.27076486, 34.57091151, 14.2274901 , 14.42039823,  5.7066793 ,
       32.06813998,  4.0966608 ,  5.31401825, 14.25213029, 17.63427229])}
MPC iter 1 Eval ------- 
Success rate:  0.2
{'success': array([ True, False, False, False, False, False,  True, False, False,
       False]), 'state_dist': array([ 4.27076486, 34.57091151, 14.2274901 , 14.42039823,  5.7066793 ,
       32.06813998,  4.0966608 ,  5.31401825, 14.25213029, 17.63427229])}
self.is_success:  [ True False False False False False  True False False False]
Success rate:  0.2
{'success': array([ True, False, False, False, False, False,  True, False, False,
       False]), 'state_dist': array([ 4.27076486, 34.57091151, 14.2274901 , 14.42039823,  5.7066793 ,
       32.06813998,  4.0966608 ,  5.31401825, 14.25213029, 17.63427229])}
[ok] variant=encfp16_100 budget=bA opt_steps=2 seed=1 success=0.2000
Planning device: mps
Loading wall dataset...
Loaded 1920 rollouts
Using cache found in /Users/suraj/.cache/torch/hub/facebookresearch_dinov2_main
[[102, 33, 1056, 1591, 354, 245, 790, 1323, 142, 1745, 1588, 1473, 38, 1192, 735, 832, 547, 1186, 843, 660, 869, 83, 695, 1629, 179, 1658, 157, 1758, 1747, 250, 312, 1361, 1163, 1798, 275, 1099, 1787, 964, 1066, 609, 1666, 774, 181, 1502, 407, 668, 593, 1623, 1101, 565, 1350, 1572, 1094, 512, 148, 809, 263, 1853, 908, 927, 626, 569, 1730, 757, 1574, 1866, 1107, 1706, 391, 1255, 947, 828, 1720, 1057, 19, 1364, 1575, 1914, 1562, 1909, 534, 973, 538, 1017, 646, 285, 309, 1884, 1059, 552, 697, 1702, 145, 819, 649, 665, 169, 1051, 171, 1529, 1470, 291, 1371, 1240, 1641, 1746, 1443, 1307, 1801, 369, 1365, 525, 167, 1121, 1430, 874, 528, 1459, 1617, 770, 359, 923, 507, 884, 1616, 1314, 1149, 1379, 891, 1442, 1047, 1887, 248, 1767, 1620, 283, 392, 1290, 1650, 242, 1399, 807, 159, 204, 775, 1827, 500, 1352, 700, 1265, 1102, 149, 1440, 1258, 1738, 347, 690, 468, 1726, 1234, 1126, 868, 1501, 621, 585, 1523, 121, 1108, 846, 1167, 1405, 114, 474, 1406, 195, 1144, 586, 384, 1680, 298, 308, 529, 901, 475, 992, 1811, 1655, 914, 1598, 560, 1452, 385, 1032, 1895, 756, 1893, 485, 1293, 1876, 378, 206, 61, 1762, 1335, 1779, 1062, 111, 550, 1357, 284, 1074, 880, 592, 712, 1454, 1660, 1067, 946, 1011, 193, 1838, 1072, 1065, 1267, 1217, 591, 678, 792, 180, 1313, 69, 84, 1603, 1775, 201, 1415, 457, 1359, 400, 1759, 1081, 554, 471, 1841, 446, 1670, 688, 140, 1600, 871, 1093, 460, 1831, 818, 940, 1128, 614, 1000, 987, 1048, 72, 465, 804, 1804, 826, 1006, 1129, 270, 954, 86, 107, 1744, 751, 1143, 1554, 1750, 556, 1692, 664, 943, 907, 1713, 881, 1793, 849, 972, 264, 1431, 1040, 1391, 680, 1864, 724, 1549, 455, 600, 389, 1301, 1262, 1073, 1216, 613, 314, 15, 657, 896, 549, 575, 719, 545, 937, 1585, 165, 1252, 338, 970, 1366, 1247, 1024, 14, 855, 212, 887, 977, 1225, 776, 10, 1903, 1423, 596, 726, 431, 959, 1159, 1033, 1458, 1196, 1526, 317, 1358, 454, 1647, 976, 773, 1786, 1462, 488, 41, 571, 1464, 599, 979, 864, 18, 306, 1299, 797, 332, 1424, 1286, 66, 51, 1230, 1527, 1042, 762, 219, 487, 1026, 1282, 1285, 1503, 1597, 1573, 758, 999, 30, 1215, 1315, 1227, 387, 1867, 1421, 220, 932, 1829, 26, 1822, 290, 1088, 1902, 429, 463, 197, 1156, 1539, 1491, 1027, 1901, 733, 1879, 833, 278, 1251, 1899, 1642, 73, 272, 1019, 1084, 1346, 1803, 845, 568, 286, 76, 956, 1237, 48, 939, 1601, 481, 1187, 176, 1231, 1545, 1664, 1244, 87, 47, 194, 1586, 1316, 1125, 1649, 1077, 995, 1665, 1428, 1219, 1712, 1038, 542, 998, 70, 929, 1648, 476, 886, 1134, 1733, 854, 853, 1283, 1432, 1723, 1269, 281, 1174, 110, 1685, 1868, 777, 1522, 353, 798, 1773, 409, 768, 1273, 1490, 221, 1154, 1499, 71, 1637, 720, 1850, 1198, 1755, 1915, 716, 1900, 1835, 672, 319, 1536, 226, 1472, 1602, 969, 492, 428, 895, 814, 1133, 62, 656, 1722, 1621, 1142, 1087, 524, 1590, 1030, 650, 1451, 1913, 1259, 1917, 544, 377, 862, 1202, 1177, 1274, 1123, 617, 605, 1106, 1855, 422, 1769, 362, 1721, 1329, 1206, 1506, 135, 1320, 217, 120, 1120, 1836, 710, 717, 1799, 1557, 722, 1694, 405, 375, 1034, 260, 1496, 411, 1672, 28, 637, 373, 1808, 134, 1012, 536, 1752, 983, 1135, 1576, 483, 13, 404, 841, 1172, 1041, 1843, 161, 847, 1369, 1910, 1782, 1671, 1376, 1856, 498, 806, 635, 1212, 438, 835, 1849, 1109, 1349, 1043, 2, 466, 610, 1165, 885, 951, 344, 300, 1807, 1908, 287, 1877, 705, 1872, 1581, 985, 328, 708, 730, 350, 307, 146, 840, 1180, 494, 16, 555, 1368, 1780, 779, 1771, 1203, 1754, 744, 863, 1684, 639, 1919, 738, 938, 1053, 618, 91, 1886, 1028, 472, 1050, 138, 131, 89, 416, 991, 1254, 467, 227, 1765, 1634, 1789, 1622, 1205, 1874, 839, 1151, 654, 1182, 815, 470, 670, 150, 718, 352, 1579, 879, 443, 1690, 32, 435, 1383, 501, 882, 1085, 1176, 1382, 1171, 686, 1140, 1105, 800, 1516, 1485, 516, 1475, 1434, 1911, 889, 239, 652, 1535, 1639, 335, 1325, 1784, 765, 663, 1224, 448, 1815, 739, 1812, 1076, 747, 1467, 732, 1654, 1828, 502, 1319, 1425, 1160, 1468, 368, 1732, 1248, 143, 808, 674, 713, 129, 1599, 288, 1005, 1643, 1729, 1918, 1064, 279, 1741, 406, 867, 729, 604, 1220, 750, 304, 936, 215, 1626, 1778, 1031, 1756, 305, 1699, 412, 1387, 1640, 210, 188, 253, 645, 1279, 349, 1898, 262, 1082, 213, 255, 1514, 1375, 576, 698, 986, 1119, 508, 1753, 104, 1296, 1380, 128, 163, 693, 1524, 924, 842, 812, 1348, 199, 1386, 1628, 1435, 1772, 817, 931, 334, 1360, 390, 1413, 1783, 944, 905, 1271, 1132, 1857, 35, 340, 1461, 506, 1150, 1455, 594, 1020, 1178, 1770, 1389, 1276, 1355, 1228, 990, 1480, 1100, 1326, 282, 1321, 852, 200, 1146, 1253, 49, 1682, 1221, 1840, 1525, 1037, 1170, 1800, 648, 1243, 266, 926, 782, 1667, 984, 570, 1289, 1860, 893, 1630, 479, 339, 246, 866, 1631, 211, 684, 60, 125, 1513, 836, 43, 1450, 515, 1256, 244, 1063, 1693, 913, 966, 54, 432, 1869, 254, 1916, 577, 1096, 540, 1075, 1261, 1871, 1587, 381, 634, 205, 269, 489, 1890, 37, 746, 386, 551, 1414, 953, 1403, 709, 622, 1497, 1561, 1324, 158, 624, 426, 1466, 44, 267, 994, 318, 1398, 397, 95, 786, 81, 1332, 837, 289, 865, 965, 67, 1696, 816, 1044, 820, 229, 1400, 1362, 491, 1139, 1873, 1338, 559, 1016, 1021, 1436, 1002, 1797, 40, 224, 1615, 1385, 941, 1308, 978, 794, 231, 834, 1675, 1736, 31, 1181, 562, 831, 1272, 767, 372, 1825, 1669, 760, 380, 1343, 42, 1351, 1337, 1441, 268, 1644, 1015, 52, 1469, 1861, 1481, 22, 1605, 361, 1381, 410, 1333, 975, 1046, 1595, 348, 1768, 366, 1281, 772, 974, 495, 358, 590, 187, 631, 1695, 687, 1328, 572, 588, 1805, 620, 1577, 1449, 1433, 1659, 320, 418, 346, 602, 573, 1709, 1300, 113, 427, 1891, 1341, 236, 1001, 370, 723, 1092, 1560, 379, 662, 79, 850, 1704, 824, 627, 436, 666, 1103, 653, 945, 1370, 1232, 587, 234, 103, 1858, 934, 1420, 123, 1818, 1310, 499, 1739, 1493, 1847, 1553, 740, 124, 1260, 1378, 1842, 1777, 1816, 1543, 749, 608, 1563, 996, 25, 101, 90, 459, 337, 122, 580, 829, 533, 292, 452, 1614, 1183, 1322, 1278, 521, 1136, 1190, 96, 259, 1645, 1008, 1888, 342, 445, 1504, 162, 382, 1894, 784, 1404, 1531, 1312, 444, 1097, 1447, 1280, 872, 168, 50, 1687, 1593, 1610, 98, 1242, 769, 642, 1309, 888, 433, 302, 1263, 1169, 1656, 1295, 243, 921, 1438, 1161, 877, 640, 1541, 24, 703, 980, 1173, 935, 1519, 440, 1512, 1137, 822, 1014, 310, 511, 583, 1518, 458, 274, 109, 856, 522, 11, 462, 1236, 232, 633, 1567, 1241, 989, 1725, 280, 875, 1083, 1833, 324, 1566, 249, 172, 696, 1505, 1010, 1477, 1327, 910, 861, 88, 99, 357, 437, 80, 1292, 764, 175, 395, 1716, 699, 1483, 1717, 673, 623, 1697, 1479, 1060, 1651, 553, 981, 218, 1110, 185, 77, 900, 371, 904, 1390, 21, 1882, 595, 1718, 1476, 152, 420, 918, 192, 1679, 1484, 1863, 787, 567, 851, 441, 530, 517, 1419, 1388, 329, 301, 1330, 876, 478, 1530, 676, 1844, 403, 74, 647, 728, 230, 519, 256, 737, 235, 1796, 182, 858, 504, 1287, 1124, 1229, 294, 625, 894, 759, 1544, 330, 1711, 505, 903, 1055, 1238, 1397, 1686, 136, 1275, 1580, 1584, 59, 1112, 1636, 166, 655, 1520, 1540, 374, 496, 414, 1226, 154, 860, 531, 1465, 1345, 1662, 1284, 669, 1627, 1408, 36, 191, 1748, 7, 1498, 802, 325, 957, 208, 228, 1201, 950, 1318, 155, 948, 133, 920, 442, 225, 611, 1633, 796, 667, 1652, 1304, 1609, 1611, 527, 1427, 1354, 689, 930, 870, 925, 56, 1402, 100, 189, 1068, 1737, 322, 523, 247, 971, 1445, 55, 579, 1374, 1571, 1521, 890, 785, 58, 671, 1608, 1168, 1742, 899, 299, 778, 1542, 761, 566, 46, 1708, 1719, 351, 1392, 651, 1764, 811, 449, 922, 261, 1036, 694, 127, 1114, 707, 1487, 1852, 1802, 873, 174, 1865, 1710, 763, 164, 1632, 345, 539, 1141, 805, 919, 911, 184, 548, 1422, 1625, 1155, 399, 1795, 1845, 1889, 1565, 45, 603, 1444, 1517, 1823, 1246, 477, 64, 1164, 1411, 781, 8, 1635, 1583, 1200, 241, 151, 177, 333, 629, 1453, 293, 1760, 636, 1239, 1115, 727, 273, 1394, 1266, 1184, 1619, 1743, 313, 1904, 982, 1367, 153, 564, 1806, 331, 1862, 1848, 606, 1264, 57, 97, 1774, 1814, 1086, 1029, 393, 1488, 85, 1509, 1550, 725, 1638, 1846, 1342, 1728, 993, 421, 1781, 681, 473, 1604, 364, 1613, 679, 780, 1885, 581, 1130, 116, 823, 355, 736, 75, 398, 557, 1740, 1515, 1596, 1250, 641, 1683, 198, 1363, 589, 1223, 1209, 417, 209, 1810, 9, 535, 1500, 1881, 1208, 909, 0, 702, 1897, 598, 1189, 748, 675, 1691, 1152, 755, 4, 1416, 830, 439, 1222, 1340, 692, 1003, 34, 356, 170, 1761, 1657, 1578, 401, 795, 1507, 997, 644, 1166, 447, 518, 563, 336, 1820, 343, 597, 844, 1058, 497, 311, 1463, 754, 1218, 1191, 1148, 1612, 1022, 1344, 1776, 942, 906, 1409, 1098, 130, 1418, 1830, 190, 1303, 1749, 607, 825, 92, 677, 628, 326, 715, 949, 27, 1537, 1025, 1439, 1277, 396, 1270, 53, 558, 584, 616, 630, 1533, 532, 1113, 612, 1080, 173, 1090, 838, 17, 897, 1306, 1311, 1131, 388, 1118, 1528, 1426, 1257, 1460, 1714, 1407, 144, 1734, 258, 1731, 526, 367, 1834, 126, 1104, 638, 791, 265, 223, 461, 1457, 139, 456, 1905, 1663, 1412, 1568, 1763, 883, 1661, 1678, 493, 1606, 1813, 541, 1757, 276, 296, 1673, 222, 1707, 183, 257, 615, 1478, 742, 376, 810, 661, 365, 156, 1298, 1701, 1653, 202, 1334, 1197, 1482, 106, 323, 1448, 1558, 1179, 1854, 902, 1049, 297, 216, 1268, 277, 1336, 1393, 65, 1456, 1052, 5, 1735, 1495, 1175, 988, 117, 721, 1788, 315, 1819, 1305, 1794, 520, 543, 1214, 917, 731, 1091, 1147, 1070, 68, 892, 1486, 464, 783, 115, 1883, 1372, 752, 383, 1122, 582, 1039, 1213, 574, 1594, 1870, 1111, 1792, 706, 1674, 233, 1607, 691, 1417, 1071, 711, 1538, 252, 741, 1396, 1211, 1429, 1906, 513, 799, 1384, 1138, 1688, 1681, 1045, 961, 743, 1824, 619, 766, 1727, 147, 827, 1117, 1547, 1892, 39, 82, 1546, 963, 178, 658, 1592, 425, 484, 415, 1204, 1331, 1207, 561, 912, 451, 1548, 1494, 1210, 1676, 685, 1291, 793, 632, 1018], [1054, 207, 1715, 1233, 514, 238, 1377, 1677, 878, 1624, 1145, 1009, 469, 962, 1194, 93, 1556, 1851, 1569, 1089, 745, 423, 23, 821, 29, 1401, 789, 1791, 788, 1079, 1347, 503, 1199, 753, 848, 1294, 801, 682, 955, 112, 1188, 402, 1878, 1817, 1288, 1821, 1245, 1302, 1007, 1705, 271, 510, 1510, 327, 1127, 486, 1555, 1004, 1589, 1511, 1700, 1373, 1668, 341, 1489, 1790, 1492, 321, 659, 578, 303, 118, 960, 453, 160, 683, 1832, 434, 701, 928, 480, 1446, 1552, 704, 94, 1317, 1410, 394, 186, 771, 859, 1395, 1646, 1570, 1353, 714, 1297, 360, 1153, 1185, 1766, 1471, 1013, 1356, 1437, 78, 63, 1618, 537, 482, 3, 450, 1339, 490, 857, 251, 898, 916, 546, 1809, 1689, 1078, 1069, 1, 1035, 1534, 1158, 203, 1837, 1095, 1235, 295, 933, 1474, 1559, 240, 105, 419, 1751, 1061, 1896, 1162, 1508, 1195, 237, 509, 1875, 6, 1564, 1698, 1907, 20, 1023, 1157, 1724, 132, 1912, 108, 1839, 734, 413, 316, 1249, 1880, 430, 915, 952, 813, 1532, 1116, 1859, 137, 1703, 141, 1785, 1582, 643, 119, 12, 968, 1193, 408, 214, 601, 967, 803, 1551, 363, 424, 958, 1826, 196]]
Resuming from epoch 65: /Users/suraj/Downloads/outputs/wall_single/checkpoints/model_latest.pth
num_action_repeat: 1
num_proprio_repeat: 1
proprio encoder: ProprioceptiveEmbedding(
  (patch_embed): Conv1d(2, 10, kernel_size=(1,), stride=(1,))
)
action encoder: ProprioceptiveEmbedding(
  (patch_embed): Conv1d(10, 10, kernel_size=(1,), stride=(1,))
)
proprio_dim: 10, after repeat: 10
action_dim: 10, after repeat: 10
emb_dim: 404
Model emb_dim:  404
eval_seed:  [21, 22, 23, 24, 25, 26, 27, 28, 29, 30]
Dumped plan targets to /Users/suraj/Desktop/EAI_DINO/results/wall_transition/transition_run_v2/resume/resume_try1/layerwise_int4/encfp16_100/budget_bA/seed_2/plan_targets.pkl
Success rate:  0.0
{'success': array([False, False, False, False, False, False, False, False, False,
       False]), 'state_dist': array([38.30925582, 26.88074611, 30.73310375, 31.72056084, 14.41160432,
       24.10826274, 29.1469749 , 20.39848096, 32.08245162, 27.37430136])}
Success rate:  0.1
{'success': array([False, False, False, False, False, False, False, False, False,
        True]), 'state_dist': array([31.75304418, 28.6538256 , 28.67033526, 18.27303111, 20.13544199,
       22.0336917 , 22.91938251, 16.40640178, 25.88805336,  3.43181897])}
MPC iter 0 Eval ------- 
Success rate:  0.1
{'success': array([False, False, False, False, False, False, False, False, False,
        True]), 'state_dist': array([31.75304418, 28.6538256 , 28.67033526, 18.27303111, 20.13544199,
       22.0336917 , 22.91938251, 16.40640178, 25.88805336,  3.43181897])}
self.is_success:  [False False False False False False False False False  True]
Success rate:  0.1
{'success': array([False, False, False, False, False, False, False, False, False,
        True]), 'state_dist': array([23.99666344, 27.54581648, 26.67830521, 11.24770007,  6.44303543,
       19.82495256, 20.50628217, 10.15120297, 10.54754898,  2.18202471])}
Success rate:  0.3
{'success': array([False, False, False, False,  True, False, False, False,  True,
        True]), 'state_dist': array([ 7.50427724,  7.32417073, 27.70836505,  8.08618721,  2.58657453,
       19.3339522 , 20.38216856,  6.66476567,  1.60806436,  0.9009563 ])}
MPC iter 1 Eval ------- 
Success rate:  0.3
{'success': array([False, False, False, False,  True, False, False, False,  True,
        True]), 'state_dist': array([ 7.50427724,  7.32417073, 27.70836505,  8.08618721,  2.58657453,
       19.3339522 , 20.38216856,  6.66476567,  1.60806436,  3.43181897])}
self.is_success:  [False False False False  True False False False  True  True]
Success rate:  0.3
{'success': array([False, False, False, False,  True, False, False, False,  True,
        True]), 'state_dist': array([ 7.50427724,  7.32417073, 27.70836505,  8.08618721,  2.58657453,
       19.3339522 , 20.38216856,  6.66476567,  1.60806436,  3.43181897])}
[ok] variant=encfp16_100 budget=bA opt_steps=2 seed=2 success=0.3000
Grid run completed successfully.
[stage] Rebuild summaries + analyses + figures for full run
Wrote /Users/suraj/Desktop/EAI_DINO/results/transition_run_v2/summary.csv
Wrote /Users/suraj/Desktop/EAI_DINO/results/transition_run_v2/summary_grouped.csv
Wrote /Users/suraj/Desktop/EAI_DINO/results/transition_run_v2/episode_outcomes.csv
{
  "run_name": "transition_run_v2",
  "budget_id": "bA",
  "variant_a": "mixed_int4",
  "variant_b": "uniform_int4",
  "paired_units": 30,
  "delta_mean": 0.2,
  "delta_ci95_lo": 0.0,
  "delta_ci95_hi": 0.4,
  "variant_a_success": 0.26666666666666666,
  "variant_b_success": 0.06666666666666667
}
Wrote /Users/suraj/Desktop/EAI_DINO/results/transition_run_v2/paired_delta_bA_mixed_vs_uniform_int4.json
{
  "run_name": "transition_run_v2",
  "budget_id": "bB",
  "variant_a": "mixed_int4",
  "variant_b": "uniform_int4",
  "paired_units": 20,
  "delta_mean": 0.3,
  "delta_ci95_lo": 0.0,
  "delta_ci95_hi": 0.55,
  "variant_a_success": 0.5,
  "variant_b_success": 0.2
}
Wrote /Users/suraj/Desktop/EAI_DINO/results/transition_run_v2/paired_delta_bB_mixed_vs_uniform_int4.json
Wrote /Users/suraj/Desktop/EAI_DINO/results/transition_run_v2/mechanistic_metrics.csv
Wrote /Users/suraj/Desktop/EAI_DINO/results/transition_run_v2/mechanistic_correlations.json
Wrote /Users/suraj/Desktop/EAI_DINO/figures_transition/transition_run_v2/mechanistic_success_vs_divergence.pdf
Wrote /Users/suraj/Desktop/EAI_DINO/figures_transition/transition_run_v2/transition_frontier.pdf
Wrote /Users/suraj/Desktop/EAI_DINO/figures_transition/transition_run_v2/budget_sensitivity.pdf
Wrote /Users/suraj/Desktop/EAI_DINO/figures_transition/transition_run_v2/encoder_retention_curve.pdf
[done] Resume completed.
[next] New stage folders:
  results/wall_transition/transition_run_v2/resume/resume_try1/budget_bB
  results/wall_transition/transition_run_v2/resume/resume_try1/layerwise_int4
