Gym has been unmaintained since 2022 and does not support NumPy 2.0 amongst other critical functionality.
Please upgrade to Gymnasium, the maintained drop-in replacement of Gym, or contact the authors of your software and request that they upgrade.
See the migration guide at https://gymnasium.farama.org/introduction/migration_guide/ for additional information.
/Users/suraj/Desktop/EAI_DINO/third_party_dino_wm/custom_resolvers.py:4: UserWarning: 
The version_base parameter is not specified.
Please specify a compatability version level, or None.
Will assume defaults for version 1.1
  @hydra.main(config_path=None)
Planning device: mps
Loading wall dataset...
Loaded 1920 rollouts
[[102, 33, 1056, 1591, 354, 245, 790, 1323, 142, 1745, 1588, 1473, 38, 1192, 735, 832, 547, 1186, 843, 660, 869, 83, 695, 1629, 179, 1658, 157, 1758, 1747, 250, 312, 1361, 1163, 1798, 275, 1099, 1787, 964, 1066, 609, 1666, 774, 181, 1502, 407, 668, 593, 1623, 1101, 565, 1350, 1572, 1094, 512, 148, 809, 263, 1853, 908, 927, 626, 569, 1730, 757, 1574, 1866, 1107, 1706, 391, 1255, 947, 828, 1720, 1057, 19, 1364, 1575, 1914, 1562, 1909, 534, 973, 538, 1017, 646, 285, 309, 1884, 1059, 552, 697, 1702, 145, 819, 649, 665, 169, 1051, 171, 1529, 1470, 291, 1371, 1240, 1641, 1746, 1443, 1307, 1801, 369, 1365, 525, 167, 1121, 1430, 874, 528, 1459, 1617, 770, 359, 923, 507, 884, 1616, 1314, 1149, 1379, 891, 1442, 1047, 1887, 248, 1767, 1620, 283, 392, 1290, 1650, 242, 1399, 807, 159, 204, 775, 1827, 500, 1352, 700, 1265, 1102, 149, 1440, 1258, 1738, 347, 690, 468, 1726, 1234, 1126, 868, 1501, 621, 585, 1523, 121, 1108, 846, 1167, 1405, 114, 474, 1406, 195, 1144, 586, 384, 1680, 298, 308, 529, 901, 475, 992, 1811, 1655, 914, 1598, 560, 1452, 385, 1032, 1895, 756, 1893, 485, 1293, 1876, 378, 206, 61, 1762, 1335, 1779, 1062, 111, 550, 1357, 284, 1074, 880, 592, 712, 1454, 1660, 1067, 946, 1011, 193, 1838, 1072, 1065, 1267, 1217, 591, 678, 792, 180, 1313, 69, 84, 1603, 1775, 201, 1415, 457, 1359, 400, 1759, 1081, 554, 471, 1841, 446, 1670, 688, 140, 1600, 871, 1093, 460, 1831, 818, 940, 1128, 614, 1000, 987, 1048, 72, 465, 804, 1804, 826, 1006, 1129, 270, 954, 86, 107, 1744, 751, 1143, 1554, 1750, 556, 1692, 664, 943, 907, 1713, 881, 1793, 849, 972, 264, 1431, 1040, 1391, 680, 1864, 724, 1549, 455, 600, 389, 1301, 1262, 1073, 1216, 613, 314, 15, 657, 896, 549, 575, 719, 545, 937, 1585, 165, 1252, 338, 970, 1366, 1247, 1024, 14, 855, 212, 887, 977, 1225, 776, 10, 1903, 1423, 596, 726, 431, 959, 1159, 1033, 1458, 1196, 1526, 317, 1358, 454, 1647, 976, 773, 1786, 1462, 488, 41, 571, 1464, 599, 979, 864, 18, 306, 1299, 797, 332, 1424, 1286, 66, 51, 1230, 1527, 1042, 762, 219, 487, 1026, 1282, 1285, 1503, 1597, 1573, 758, 999, 30, 1215, 1315, 1227, 387, 1867, 1421, 220, 932, 1829, 26, 1822, 290, 1088, 1902, 429, 463, 197, 1156, 1539, 1491, 1027, 1901, 733, 1879, 833, 278, 1251, 1899, 1642, 73, 272, 1019, 1084, 1346, 1803, 845, 568, 286, 76, 956, 1237, 48, 939, 1601, 481, 1187, 176, 1231, 1545, 1664, 1244, 87, 47, 194, 1586, 1316, 1125, 1649, 1077, 995, 1665, 1428, 1219, 1712, 1038, 542, 998, 70, 929, 1648, 476, 886, 1134, 1733, 854, 853, 1283, 1432, 1723, 1269, 281, 1174, 110, 1685, 1868, 777, 1522, 353, 798, 1773, 409, 768, 1273, 1490, 221, 1154, 1499, 71, 1637, 720, 1850, 1198, 1755, 1915, 716, 1900, 1835, 672, 319, 1536, 226, 1472, 1602, 969, 492, 428, 895, 814, 1133, 62, 656, 1722, 1621, 1142, 1087, 524, 1590, 1030, 650, 1451, 1913, 1259, 1917, 544, 377, 862, 1202, 1177, 1274, 1123, 617, 605, 1106, 1855, 422, 1769, 362, 1721, 1329, 1206, 1506, 135, 1320, 217, 120, 1120, 1836, 710, 717, 1799, 1557, 722, 1694, 405, 375, 1034, 260, 1496, 411, 1672, 28, 637, 373, 1808, 134, 1012, 536, 1752, 983, 1135, 1576, 483, 13, 404, 841, 1172, 1041, 1843, 161, 847, 1369, 1910, 1782, 1671, 1376, 1856, 498, 806, 635, 1212, 438, 835, 1849, 1109, 1349, 1043, 2, 466, 610, 1165, 885, 951, 344, 300, 1807, 1908, 287, 1877, 705, 1872, 1581, 985, 328, 708, 730, 350, 307, 146, 840, 1180, 494, 16, 555, 1368, 1780, 779, 1771, 1203, 1754, 744, 863, 1684, 639, 1919, 738, 938, 1053, 618, 91, 1886, 1028, 472, 1050, 138, 131, 89, 416, 991, 1254, 467, 227, 1765, 1634, 1789, 1622, 1205, 1874, 839, 1151, 654, 1182, 815, 470, 670, 150, 718, 352, 1579, 879, 443, 1690, 32, 435, 1383, 501, 882, 1085, 1176, 1382, 1171, 686, 1140, 1105, 800, 1516, 1485, 516, 1475, 1434, 1911, 889, 239, 652, 1535, 1639, 335, 1325, 1784, 765, 663, 1224, 448, 1815, 739, 1812, 1076, 747, 1467, 732, 1654, 1828, 502, 1319, 1425, 1160, 1468, 368, 1732, 1248, 143, 808, 674, 713, 129, 1599, 288, 1005, 1643, 1729, 1918, 1064, 279, 1741, 406, 867, 729, 604, 1220, 750, 304, 936, 215, 1626, 1778, 1031, 1756, 305, 1699, 412, 1387, 1640, 210, 188, 253, 645, 1279, 349, 1898, 262, 1082, 213, 255, 1514, 1375, 576, 698, 986, 1119, 508, 1753, 104, 1296, 1380, 128, 163, 693, 1524, 924, 842, 812, 1348, 199, 1386, 1628, 1435, 1772, 817, 931, 334, 1360, 390, 1413, 1783, 944, 905, 1271, 1132, 1857, 35, 340, 1461, 506, 1150, 1455, 594, 1020, 1178, 1770, 1389, 1276, 1355, 1228, 990, 1480, 1100, 1326, 282, 1321, 852, 200, 1146, 1253, 49, 1682, 1221, 1840, 1525, 1037, 1170, 1800, 648, 1243, 266, 926, 782, 1667, 984, 570, 1289, 1860, 893, 1630, 479, 339, 246, 866, 1631, 211, 684, 60, 125, 1513, 836, 43, 1450, 515, 1256, 244, 1063, 1693, 913, 966, 54, 432, 1869, 254, 1916, 577, 1096, 540, 1075, 1261, 1871, 1587, 381, 634, 205, 269, 489, 1890, 37, 746, 386, 551, 1414, 953, 1403, 709, 622, 1497, 1561, 1324, 158, 624, 426, 1466, 44, 267, 994, 318, 1398, 397, 95, 786, 81, 1332, 837, 289, 865, 965, 67, 1696, 816, 1044, 820, 229, 1400, 1362, 491, 1139, 1873, 1338, 559, 1016, 1021, 1436, 1002, 1797, 40, 224, 1615, 1385, 941, 1308, 978, 794, 231, 834, 1675, 1736, 31, 1181, 562, 831, 1272, 767, 372, 1825, 1669, 760, 380, 1343, 42, 1351, 1337, 1441, 268, 1644, 1015, 52, 1469, 1861, 1481, 22, 1605, 361, 1381, 410, 1333, 975, 1046, 1595, 348, 1768, 366, 1281, 772, 974, 495, 358, 590, 187, 631, 1695, 687, 1328, 572, 588, 1805, 620, 1577, 1449, 1433, 1659, 320, 418, 346, 602, 573, 1709, 1300, 113, 427, 1891, 1341, 236, 1001, 370, 723, 1092, 1560, 379, 662, 79, 850, 1704, 824, 627, 436, 666, 1103, 653, 945, 1370, 1232, 587, 234, 103, 1858, 934, 1420, 123, 1818, 1310, 499, 1739, 1493, 1847, 1553, 740, 124, 1260, 1378, 1842, 1777, 1816, 1543, 749, 608, 1563, 996, 25, 101, 90, 459, 337, 122, 580, 829, 533, 292, 452, 1614, 1183, 1322, 1278, 521, 1136, 1190, 96, 259, 1645, 1008, 1888, 342, 445, 1504, 162, 382, 1894, 784, 1404, 1531, 1312, 444, 1097, 1447, 1280, 872, 168, 50, 1687, 1593, 1610, 98, 1242, 769, 642, 1309, 888, 433, 302, 1263, 1169, 1656, 1295, 243, 921, 1438, 1161, 877, 640, 1541, 24, 703, 980, 1173, 935, 1519, 440, 1512, 1137, 822, 1014, 310, 511, 583, 1518, 458, 274, 109, 856, 522, 11, 462, 1236, 232, 633, 1567, 1241, 989, 1725, 280, 875, 1083, 1833, 324, 1566, 249, 172, 696, 1505, 1010, 1477, 1327, 910, 861, 88, 99, 357, 437, 80, 1292, 764, 175, 395, 1716, 699, 1483, 1717, 673, 623, 1697, 1479, 1060, 1651, 553, 981, 218, 1110, 185, 77, 900, 371, 904, 1390, 21, 1882, 595, 1718, 1476, 152, 420, 918, 192, 1679, 1484, 1863, 787, 567, 851, 441, 530, 517, 1419, 1388, 329, 301, 1330, 876, 478, 1530, 676, 1844, 403, 74, 647, 728, 230, 519, 256, 737, 235, 1796, 182, 858, 504, 1287, 1124, 1229, 294, 625, 894, 759, 1544, 330, 1711, 505, 903, 1055, 1238, 1397, 1686, 136, 1275, 1580, 1584, 59, 1112, 1636, 166, 655, 1520, 1540, 374, 496, 414, 1226, 154, 860, 531, 1465, 1345, 1662, 1284, 669, 1627, 1408, 36, 191, 1748, 7, 1498, 802, 325, 957, 208, 228, 1201, 950, 1318, 155, 948, 133, 920, 442, 225, 611, 1633, 796, 667, 1652, 1304, 1609, 1611, 527, 1427, 1354, 689, 930, 870, 925, 56, 1402, 100, 189, 1068, 1737, 322, 523, 247, 971, 1445, 55, 579, 1374, 1571, 1521, 890, 785, 58, 671, 1608, 1168, 1742, 899, 299, 778, 1542, 761, 566, 46, 1708, 1719, 351, 1392, 651, 1764, 811, 449, 922, 261, 1036, 694, 127, 1114, 707, 1487, 1852, 1802, 873, 174, 1865, 1710, 763, 164, 1632, 345, 539, 1141, 805, 919, 911, 184, 548, 1422, 1625, 1155, 399, 1795, 1845, 1889, 1565, 45, 603, 1444, 1517, 1823, 1246, 477, 64, 1164, 1411, 781, 8, 1635, 1583, 1200, 241, 151, 177, 333, 629, 1453, 293, 1760, 636, 1239, 1115, 727, 273, 1394, 1266, 1184, 1619, 1743, 313, 1904, 982, 1367, 153, 564, 1806, 331, 1862, 1848, 606, 1264, 57, 97, 1774, 1814, 1086, 1029, 393, 1488, 85, 1509, 1550, 725, 1638, 1846, 1342, 1728, 993, 421, 1781, 681, 473, 1604, 364, 1613, 679, 780, 1885, 581, 1130, 116, 823, 355, 736, 75, 398, 557, 1740, 1515, 1596, 1250, 641, 1683, 198, 1363, 589, 1223, 1209, 417, 209, 1810, 9, 535, 1500, 1881, 1208, 909, 0, 702, 1897, 598, 1189, 748, 675, 1691, 1152, 755, 4, 1416, 830, 439, 1222, 1340, 692, 1003, 34, 356, 170, 1761, 1657, 1578, 401, 795, 1507, 997, 644, 1166, 447, 518, 563, 336, 1820, 343, 597, 844, 1058, 497, 311, 1463, 754, 1218, 1191, 1148, 1612, 1022, 1344, 1776, 942, 906, 1409, 1098, 130, 1418, 1830, 190, 1303, 1749, 607, 825, 92, 677, 628, 326, 715, 949, 27, 1537, 1025, 1439, 1277, 396, 1270, 53, 558, 584, 616, 630, 1533, 532, 1113, 612, 1080, 173, 1090, 838, 17, 897, 1306, 1311, 1131, 388, 1118, 1528, 1426, 1257, 1460, 1714, 1407, 144, 1734, 258, 1731, 526, 367, 1834, 126, 1104, 638, 791, 265, 223, 461, 1457, 139, 456, 1905, 1663, 1412, 1568, 1763, 883, 1661, 1678, 493, 1606, 1813, 541, 1757, 276, 296, 1673, 222, 1707, 183, 257, 615, 1478, 742, 376, 810, 661, 365, 156, 1298, 1701, 1653, 202, 1334, 1197, 1482, 106, 323, 1448, 1558, 1179, 1854, 902, 1049, 297, 216, 1268, 277, 1336, 1393, 65, 1456, 1052, 5, 1735, 1495, 1175, 988, 117, 721, 1788, 315, 1819, 1305, 1794, 520, 543, 1214, 917, 731, 1091, 1147, 1070, 68, 892, 1486, 464, 783, 115, 1883, 1372, 752, 383, 1122, 582, 1039, 1213, 574, 1594, 1870, 1111, 1792, 706, 1674, 233, 1607, 691, 1417, 1071, 711, 1538, 252, 741, 1396, 1211, 1429, 1906, 513, 799, 1384, 1138, 1688, 1681, 1045, 961, 743, 1824, 619, 766, 1727, 147, 827, 1117, 1547, 1892, 39, 82, 1546, 963, 178, 658, 1592, 425, 484, 415, 1204, 1331, 1207, 561, 912, 451, 1548, 1494, 1210, 1676, 685, 1291, 793, 632, 1018], [1054, 207, 1715, 1233, 514, 238, 1377, 1677, 878, 1624, 1145, 1009, 469, 962, 1194, 93, 1556, 1851, 1569, 1089, 745, 423, 23, 821, 29, 1401, 789, 1791, 788, 1079, 1347, 503, 1199, 753, 848, 1294, 801, 682, 955, 112, 1188, 402, 1878, 1817, 1288, 1821, 1245, 1302, 1007, 1705, 271, 510, 1510, 327, 1127, 486, 1555, 1004, 1589, 1511, 1700, 1373, 1668, 341, 1489, 1790, 1492, 321, 659, 578, 303, 118, 960, 453, 160, 683, 1832, 434, 701, 928, 480, 1446, 1552, 704, 94, 1317, 1410, 394, 186, 771, 859, 1395, 1646, 1570, 1353, 714, 1297, 360, 1153, 1185, 1766, 1471, 1013, 1356, 1437, 78, 63, 1618, 537, 482, 3, 450, 1339, 490, 857, 251, 898, 916, 546, 1809, 1689, 1078, 1069, 1, 1035, 1534, 1158, 203, 1837, 1095, 1235, 295, 933, 1474, 1559, 240, 105, 419, 1751, 1061, 1896, 1162, 1508, 1195, 237, 509, 1875, 6, 1564, 1698, 1907, 20, 1023, 1157, 1724, 132, 1912, 108, 1839, 734, 413, 316, 1249, 1880, 430, 915, 952, 813, 1532, 1116, 1859, 137, 1703, 141, 1785, 1582, 643, 119, 12, 968, 1193, 408, 214, 601, 967, 803, 1551, 363, 424, 958, 1826, 196]]Using cache found in /Users/suraj/.cache/torch/hub/facebookresearch_dinov2_main

Resuming from epoch 65: /Users/suraj/Downloads/outputs/wall_single/checkpoints/model_latest.pth
num_action_repeat: 1
num_proprio_repeat: 1
proprio encoder: ProprioceptiveEmbedding(
  (patch_embed): Conv1d(2, 10, kernel_size=(1,), stride=(1,))
)
action encoder: ProprioceptiveEmbedding(
  (patch_embed): Conv1d(10, 10, kernel_size=(1,), stride=(1,))
)
proprio_dim: 10, after repeat: 10
action_dim: 10, after repeat: 10
emb_dim: 404
Model emb_dim:  404
eval_seed:  [7, 8, 9, 10, 11, 12]
Dumped plan targets to /Users/suraj/Desktop/EAI_DINO/results/wall_bitsweep_h9_mixed/fp16/opt_steps_2/seed_1/plan_targets.pkl
Success rate:  0.0
{'success': array([False, False, False, False, False, False]), 'state_dist': array([27.33472541, 20.4698631 , 29.66070158, 14.87330407, 23.9160063 ,
       24.52158458])}
Success rate:  0.16666666666666666
{'success': array([False, False, False, False,  True, False]), 'state_dist': array([11.2638594 ,  8.62714191, 29.41021451, 14.96871567,  3.35071429,
       12.19743341])}
MPC iter 0 Eval ------- 
Success rate:  0.16666666666666666
{'success': array([False, False, False, False,  True, False]), 'state_dist': array([11.2638594 ,  8.62714191, 29.41021451, 14.96871567,  3.35071429,
       12.19743341])}
self.is_success:  [False False False False  True False]
Success rate:  0.6666666666666666
{'success': array([ True,  True, False, False,  True,  True]), 'state_dist': array([ 1.9574038 ,  0.9328437 , 28.55300424, 17.22958784,  2.75226005,
        1.19721369])}
Success rate:  0.6666666666666666
{'success': array([ True,  True, False, False,  True,  True]), 'state_dist': array([ 1.8009977 ,  3.02735082, 26.06845776, 17.17654912,  3.15812638,
        1.82306854])}
MPC iter 1 Eval ------- 
Success rate:  0.6666666666666666
{'success': array([ True,  True, False, False,  True,  True]), 'state_dist': array([ 1.8009977 ,  3.02735082, 26.06845776, 17.17654912,  3.35071429,
        1.82306854])}
self.is_success:  [ True  True False False  True  True]
Success rate:  0.6666666666666666
{'success': array([ True,  True, False, False,  True,  True]), 'state_dist': array([ 1.8009977 ,  3.02735082, 26.06845776, 17.17654912,  3.35071429,
        1.82306854])}
[ok] variant=fp16 opt_steps=2 seed=1 success=0.6667
Planning device: mps
Loading wall dataset...
Loaded 1920 rollouts
[[102, 33, 1056, 1591, 354, 245, 790, 1323, 142, 1745, 1588, 1473, 38, 1192, 735, 832, 547, 1186, 843, 660, 869, 83, 695, 1629, 179, 1658, 157, 1758, 1747, 250, 312, 1361, 1163, 1798, 275, 1099, 1787, 964, 1066, 609, 1666, 774, 181, 1502, 407, 668, 593, 1623, 1101, 565, 1350, 1572, 1094, 512, 148, 809, 263, 1853, 908, 927, 626, 569, 1730, 757, 1574, 1866, 1107, 1706, 391, 1255, 947, 828, 1720, 1057, 19, 1364, 1575, 1914, 1562, 1909, 534, 973, 538, 1017, 646, 285, 309, 1884, 1059, 552, 697, 1702, 145, 819, 649, 665, 169, 1051, 171, 1529, 1470, 291, 1371, 1240, 1641, 1746, 1443, 1307, 1801, 369, 1365, 525, 167, 1121, 1430, 874, 528, 1459, 1617, 770, 359, 923, 507, 884, 1616, 1314, 1149, 1379, 891, 1442, 1047, 1887, 248, 1767, 1620, 283, 392, 1290, 1650, 242, 1399, 807, 159, 204, 775, 1827, 500, 1352, 700, 1265, 1102, 149, 1440, 1258, 1738, 347, 690, 468, 1726, 1234, 1126, 868, 1501, 621, 585, 1523, 121, 1108, 846, 1167, 1405, 114, 474, 1406, 195, 1144, 586, 384, 1680, 298, 308, 529, 901, 475, 992, 1811, 1655, 914, 1598, 560, 1452, 385, 1032, 1895, 756, 1893, 485, 1293, 1876, 378, 206, 61, 1762, 1335, 1779, 1062, 111, 550, 1357, 284, 1074, 880, 592, 712, 1454, 1660, 1067, 946, 1011, 193, 1838, 1072, 1065, 1267, 1217, 591, 678, 792, 180, 1313, 69, 84, 1603, 1775, 201, 1415, 457, 1359, 400, 1759, 1081, 554, 471, 1841, 446, 1670, 688, 140, 1600, 871, 1093, 460, 1831, 818, 940, 1128, 614, 1000, 987, 1048, 72, 465, 804, 1804, 826, 1006, 1129, 270, 954, 86, 107, 1744, 751, 1143, 1554, 1750, 556, 1692, 664, 943, 907, 1713, 881, 1793, 849, 972, 264, 1431, 1040, 1391, 680, 1864, 724, 1549, 455, 600, 389, 1301, 1262, 1073, 1216, 613, 314, 15, 657, 896, 549, 575, 719, 545, 937, 1585, 165, 1252, 338, 970, 1366, 1247, 1024, 14, 855, 212, 887, 977, 1225, 776, 10, 1903, 1423, 596, 726, 431, 959, 1159, 1033, 1458, 1196, 1526, 317, 1358, 454, 1647, 976, 773, 1786, 1462, 488, 41, 571, 1464, 599, 979, 864, 18, 306, 1299, 797, 332, 1424, 1286, 66, 51, 1230, 1527, 1042, 762, 219, 487, 1026, 1282, 1285, 1503, 1597, 1573, 758, 999, 30, 1215, 1315, 1227, 387, 1867, 1421, 220, 932, 1829, 26, 1822, 290, 1088, 1902, 429, 463, 197, 1156, 1539, 1491, 1027, 1901, 733, 1879, 833, 278, 1251, 1899, 1642, 73, 272, 1019, 1084, 1346, 1803, 845, 568, 286, 76, 956, 1237, 48, 939, 1601, 481, 1187, 176, 1231, 1545, 1664, 1244, 87, 47, 194, 1586, 1316, 1125, 1649, 1077, 995, 1665, 1428, 1219, 1712, 1038, 542, 998, 70, 929, 1648, 476, 886, 1134, 1733, 854, 853, 1283, 1432, 1723, 1269, 281, 1174, 110, 1685, 1868, 777, 1522, 353, 798, 1773, 409, 768, 1273, 1490, 221, 1154, 1499, 71, 1637, 720, 1850, 1198, 1755, 1915, 716, 1900, 1835, 672, 319, 1536, 226, 1472, 1602, 969, 492, 428, 895, 814, 1133, 62, 656, 1722, 1621, 1142, 1087, 524, 1590, 1030, 650, 1451, 1913, 1259, 1917, 544, 377, 862, 1202, 1177, 1274, 1123, 617, 605, 1106, 1855, 422, 1769, 362, 1721, 1329, 1206, 1506, 135, 1320, 217, 120, 1120, 1836, 710, 717, 1799, 1557, 722, 1694, 405, 375, 1034, 260, 1496, 411, 1672, 28, 637, 373, 1808, 134, 1012, 536, 1752, 983, 1135, 1576, 483, 13, 404, 841, 1172, 1041, 1843, 161, 847, 1369, 1910, 1782, 1671, 1376, 1856, 498, 806, 635, 1212, 438, 835, 1849, 1109, 1349, 1043, 2, 466, 610, 1165, 885, 951, 344, 300, 1807, 1908, 287, 1877, 705, 1872, 1581, 985, 328, 708, 730, 350, 307, 146, 840, 1180, 494, 16, 555, 1368, 1780, 779, 1771, 1203, 1754, 744, 863, 1684, 639, 1919, 738, 938, 1053, 618, 91, 1886, 1028, 472, 1050, 138, 131, 89, 416, 991, 1254, 467, 227, 1765, 1634, 1789, 1622, 1205, 1874, 839, 1151, 654, 1182, 815, 470, 670, 150, 718, 352, 1579, 879, 443, 1690, 32, 435, 1383, 501, 882, 1085, 1176, 1382, 1171, 686, 1140, 1105, 800, 1516, 1485, 516, 1475, 1434, 1911, 889, 239, 652, 1535, 1639, 335, 1325, 1784, 765, 663, 1224, 448, 1815, 739, 1812, 1076, 747, 1467, 732, 1654, 1828, 502, 1319, 1425, 1160, 1468, 368, 1732, 1248, 143, 808, 674, 713, 129, 1599, 288, 1005, 1643, 1729, 1918, 1064, 279, 1741, 406, 867, 729, 604, 1220, 750, 304, 936, 215, 1626, 1778, 1031, 1756, 305, 1699, 412, 1387, 1640, 210, 188, 253, 645, 1279, 349, 1898, 262, 1082, 213, 255, 1514, 1375, 576, 698, 986, 1119, 508, 1753, 104, 1296, 1380, 128, 163, 693, 1524, 924, 842, 812, 1348, 199, 1386, 1628, 1435, 1772, 817, 931, 334, 1360, 390, 1413, 1783, 944, 905, 1271, 1132, 1857, 35, 340, 1461, 506, 1150, 1455, 594, 1020, 1178, 1770, 1389, 1276, 1355, 1228, 990, 1480, 1100, 1326, 282, 1321, 852, 200, 1146, 1253, 49, 1682, 1221, 1840, 1525, 1037, 1170, 1800, 648, 1243, 266, 926, 782, 1667, 984, 570, 1289, 1860, 893, 1630, 479, 339, 246, 866, 1631, 211, 684, 60, 125, 1513, 836, 43, 1450, 515, 1256, 244, 1063, 1693, 913, 966, 54, 432, 1869, 254, 1916, 577, 1096, 540, 1075, 1261, 1871, 1587, 381, 634, 205, 269, 489, 1890, 37, 746, 386, 551, 1414, 953, 1403, 709, 622, 1497, 1561, 1324, 158, 624, 426, 1466, 44, 267, 994, 318, 1398, 397, 95, 786, 81, 1332, 837, 289, 865, 965, 67, 1696, 816, 1044, 820, 229, 1400, 1362, 491, 1139, 1873, 1338, 559, 1016, 1021, 1436, 1002, 1797, 40, 224, 1615, 1385, 941, 1308, 978, 794, 231, 834, 1675, 1736, 31, 1181, 562, 831, 1272, 767, 372, 1825, 1669, 760, 380, 1343, 42, 1351, 1337, 1441, 268, 1644, 1015, 52, 1469, 1861, 1481, 22, 1605, 361, 1381, 410, 1333, 975, 1046, 1595, 348, 1768, 366, 1281, 772, 974, 495, 358, 590, 187, 631, 1695, 687, 1328, 572, 588, 1805, 620, 1577, 1449, 1433, 1659, 320, 418, 346, 602, 573, 1709, 1300, 113, 427, 1891, 1341, 236, 1001, 370, 723, 1092, 1560, 379, 662, 79, 850, 1704, 824, 627, 436, 666, 1103, 653, 945, 1370, 1232, 587, 234, 103, 1858, 934, 1420, 123, 1818, 1310, 499, 1739, 1493, 1847, 1553, 740, 124, 1260, 1378, 1842, 1777, 1816, 1543, 749, 608, 1563, 996, 25, 101, 90, 459, 337, 122, 580, 829, 533, 292, 452, 1614, 1183, 1322, 1278, 521, 1136, 1190, 96, 259, 1645, 1008, 1888, 342, 445, 1504, 162, 382, 1894, 784, 1404, 1531, 1312, 444, 1097, 1447, 1280, 872, 168, 50, 1687, 1593, 1610, 98, 1242, 769, 642, 1309, 888, 433, 302, 1263, 1169, 1656, 1295, 243, 921, 1438, 1161, 877, 640, 1541, 24, 703, 980, 1173, 935, 1519, 440, 1512, 1137, 822, 1014, 310, 511, 583, 1518, 458, 274, 109, 856, 522, 11, 462, 1236, 232, 633, 1567, 1241, 989, 1725, 280, 875, 1083, 1833, 324, 1566, 249, 172, 696, 1505, 1010, 1477, 1327, 910, 861, 88, 99, 357, 437, 80, 1292, 764, 175, 395, 1716, 699, 1483, 1717, 673, 623, 1697, 1479, 1060, 1651, 553, 981, 218, 1110, 185, 77, 900, 371, 904, 1390, 21, 1882, 595, 1718, 1476, 152, 420, 918, 192, 1679, 1484, 1863, 787, 567, 851, 441, 530, 517, 1419, 1388, 329, 301, 1330, 876, 478, 1530, 676, 1844, 403, 74, 647, 728, 230, 519, 256, 737, 235, 1796, 182, 858, 504, 1287, 1124, 1229, 294, 625, 894, 759, 1544, 330, 1711, 505, 903, 1055, 1238, 1397, 1686, 136, 1275, 1580, 1584, 59, 1112, 1636, 166, 655, 1520, 1540, 374, 496, 414, 1226, 154, 860, 531, 1465, 1345, 1662, 1284, 669, 1627, 1408, 36, 191, 1748, 7, 1498, 802, 325, 957, 208, 228, 1201, 950, 1318, 155, 948, 133, 920, 442, 225, 611, 1633, 796, 667, 1652, 1304, 1609, 1611, 527, 1427, 1354, 689, 930, 870, 925, 56, 1402, 100, 189, 1068, 1737, 322, 523, 247, 971, 1445, 55, 579, 1374, 1571, 1521, 890, 785, 58, 671, 1608, 1168, 1742, 899, 299, 778, 1542, 761, 566, 46, 1708, 1719, 351, 1392, 651, 1764, 811, 449, 922, 261, 1036, 694, 127, 1114, 707, 1487, 1852, 1802, 873, 174, 1865, 1710, 763, 164, 1632, 345, 539, 1141, 805, 919, 911, 184, 548, 1422, 1625, 1155, 399, 1795, 1845, 1889, 1565, 45, 603, 1444, 1517, 1823, 1246, 477, 64, 1164, 1411, 781, 8, 1635, 1583, 1200, 241, 151, 177, 333, 629, 1453, 293, 1760, 636, 1239, 1115, 727, 273, 1394, 1266, 1184, 1619, 1743, 313, 1904, 982, 1367, 153, 564, 1806, 331, 1862, 1848, 606, 1264, 57, 97, 1774, 1814, 1086, 1029, 393, 1488, 85, 1509, 1550, 725, 1638, 1846, 1342, 1728, 993, 421, 1781, 681, 473, 1604, 364, 1613, 679, 780, 1885, 581, 1130, 116, 823, 355, 736, 75, 398, 557, 1740, 1515, 1596, 1250, 641, 1683, 198, 1363, 589, 1223, 1209, 417, 209, 1810, 9, 535, 1500, 1881, 1208, 909, 0, 702, 1897, 598, 1189, 748, 675, 1691, 1152, 755, 4, 1416, 830, 439, 1222, 1340, 692, 1003, 34, 356, 170, 1761, 1657, 1578, 401, 795, 1507, 997, 644, 1166, 447, 518, 563, 336, 1820, 343, 597, 844, 1058, 497, 311, 1463, 754, 1218, 1191, 1148, 1612, 1022, 1344, 1776, 942, 906, 1409, 1098, 130, 1418, 1830, 190, 1303, 1749, 607, 825, 92, 677, 628, 326, 715, 949, 27, 1537, 1025, 1439, 1277, 396, 1270, 53, 558, 584, 616, 630, 1533, 532, 1113, 612, 1080, 173, 1090, 838, 17, 897, 1306, 1311, 1131, 388, 1118, 1528, 1426, 1257, 1460, 1714, 1407, 144, 1734, 258, 1731, 526, 367, 1834, 126, 1104, 638, 791, 265, 223, 461, 1457, 139, 456, 1905, 1663, 1412, 1568, 1763, 883, 1661, 1678, 493, 1606, 1813, 541, 1757, 276, 296, 1673, 222, 1707, 183, 257, 615, 1478, 742, 376, 810, 661, 365, 156, 1298, 1701, 1653, 202, 1334, 1197, 1482, 106, 323, 1448, 1558, 1179, 1854, 902, 1049, 297, 216, 1268, 277, 1336, 1393, 65, 1456, 1052, 5, 1735, 1495, 1175, 988, 117, 721, 1788, 315, 1819, 1305, 1794, 520, 543, 1214, 917, 731, 1091, 1147, 1070, 68, 892, 1486, 464, 783, 115, 1883, 1372, 752, 383, 1122, 582, 1039, 1213, 574, 1594, 1870, 1111, 1792, 706, 1674, 233, 1607, 691, 1417, 1071, 711, 1538, 252, 741, 1396, 1211, 1429, 1906, 513, 799, 1384, 1138, 1688, 1681, 1045, 961, 743, 1824, 619, 766, 1727, 147, 827, 1117, 1547, 1892, 39, 82, 1546, 963, 178, 658, 1592, 425, 484, 415, 1204, 1331, 1207, 561, 912, 451, 1548, 1494, 1210, 1676, 685, 1291, 793, 632, 1018], [1054, 207, 1715, 1233, 514, 238, 1377, 1677, 878, 1624, 1145, 1009, 469, 962, 1194, 93, 1556, 1851, 1569, 1089, 745, 423, 23, 821, 29, 1401, 789, 1791, 788, 1079, 1347, 503, 1199, 753, 848, 1294, 801, 682, 955, 112, 1188, 402, 1878, 1817, 1288, 1821, 1245, 1302, 1007, 1705, 271, 510, 1510, 327, 1127, 486, 1555, 1004, 1589, 1511, 1700, 1373, 1668, 341, 1489, 1790, 1492, 321, 659, 578, 303, 118, 960, 453, 160, 683, 1832, 434, 701, 928, 480, 1446, 1552, 704, 94, 1317, 1410, 394, 186, 771, 859, 1395, 1646, 1570, 1353, 714, 1297, 360, 1153, 1185, 1766, 1471, 1013, 1356, 1437, 78, 63, 1618, 537, 482, 3, 450, 1339, 490, 857, 251, 898, 916, 546, 1809, 1689, 1078, 1069, 1, 1035, 1534, 1158, 203, 1837, 1095, 1235, 295, 933, 1474, 1559, 240, 105, 419, 1751, 1061, 1896, 1162, 1508, 1195, 237, 509, 1875, 6, 1564, 1698, 1907, 20, 1023, 1157, 1724, 132, 1912, 108, 1839, 734, 413, 316, 1249, 1880, 430, 915, 952, 813, 1532, 1116, 1859, 137, 1703, 141, 1785, 1582, 643, 119, 12, 968, 1193, 408, 214, 601, 967, 803, 1551, 363, 424, 958, 1826, 196]]Using cache found in /Users/suraj/.cache/torch/hub/facebookresearch_dinov2_main

Resuming from epoch 65: /Users/suraj/Downloads/outputs/wall_single/checkpoints/model_latest.pth
num_action_repeat: 1
num_proprio_repeat: 1
proprio encoder: ProprioceptiveEmbedding(
  (patch_embed): Conv1d(2, 10, kernel_size=(1,), stride=(1,))
)
action encoder: ProprioceptiveEmbedding(
  (patch_embed): Conv1d(10, 10, kernel_size=(1,), stride=(1,))
)
proprio_dim: 10, after repeat: 10
action_dim: 10, after repeat: 10
emb_dim: 404
Model emb_dim:  404
eval_seed:  [7, 8, 9, 10, 11, 12]
Dumped plan targets to /Users/suraj/Desktop/EAI_DINO/results/wall_bitsweep_h9_mixed/uniform_int8/opt_steps_2/seed_1/plan_targets.pkl
Success rate:  0.0
{'success': array([False, False, False, False, False, False]), 'state_dist': array([27.52348365, 20.46986286, 29.66070162, 15.32995987, 23.91600618,
       24.50666034])}
Success rate:  0.16666666666666666
{'success': array([False, False, False, False,  True, False]), 'state_dist': array([11.65859586,  8.88092753, 29.41021479, 15.26007976,  3.69127936,
       12.20723507])}
MPC iter 0 Eval ------- 
Success rate:  0.16666666666666666
{'success': array([False, False, False, False,  True, False]), 'state_dist': array([11.65859586,  8.88092753, 29.41021479, 15.26007976,  3.69127936,
       12.20723507])}
self.is_success:  [False False False False  True False]
Success rate:  0.6666666666666666
{'success': array([ True,  True, False, False,  True,  True]), 'state_dist': array([ 1.48040189,  0.74126393, 29.10505558, 16.58600367,  2.60039107,
        1.18583514])}
Success rate:  0.6666666666666666
{'success': array([ True,  True, False, False,  True,  True]), 'state_dist': array([ 2.19464721,  2.5382987 , 26.61739274, 16.48190797,  2.89798888,
        1.09209032])}
MPC iter 1 Eval ------- 
Success rate:  0.6666666666666666
{'success': array([ True,  True, False, False,  True,  True]), 'state_dist': array([ 2.19464721,  2.5382987 , 26.61739274, 16.48190797,  3.69127936,
        1.09209032])}
self.is_success:  [ True  True False False  True  True]
Success rate:  0.6666666666666666
{'success': array([ True,  True, False, False,  True,  True]), 'state_dist': array([ 2.19464721,  2.5382987 , 26.61739274, 16.48190797,  3.69127936,
        1.09209032])}
[ok] variant=uniform_int8 opt_steps=2 seed=1 success=0.6667
Planning device: mps
Loading wall dataset...
Loaded 1920 rollouts
[[102, 33, 1056, 1591, 354, 245, 790, 1323, 142, 1745, 1588, 1473, 38, 1192, 735, 832, 547, 1186, 843, 660, 869, 83, 695, 1629, 179, 1658, 157, 1758, 1747, 250, 312, 1361, 1163, 1798, 275, 1099, 1787, 964, 1066, 609, 1666, 774, 181, 1502, 407, 668, 593, 1623, 1101, 565, 1350, 1572, 1094, 512, 148, 809, 263, 1853, 908, 927, 626, 569, 1730, 757, 1574, 1866, 1107, 1706, 391, 1255, 947, 828, 1720, 1057, 19, 1364, 1575, 1914, 1562, 1909, 534, 973, 538, 1017, 646, 285, 309, 1884, 1059, 552, 697, 1702, 145, 819, 649, 665, 169, 1051, 171, 1529, 1470, 291, 1371, 1240, 1641, 1746, 1443, 1307, 1801, 369, 1365, 525, 167, 1121, 1430, 874, 528, 1459, 1617, 770, 359, 923, 507, 884, 1616, 1314, 1149, 1379, 891, 1442, 1047, 1887, 248, 1767, 1620, 283, 392, 1290, 1650, 242, 1399, 807, 159, 204, 775, 1827, 500, 1352, 700, 1265, 1102, 149, 1440, 1258, 1738, 347, 690, 468, 1726, 1234, 1126, 868, 1501, 621, 585, 1523, 121, 1108, 846, 1167, 1405, 114, 474, 1406, 195, 1144, 586, 384, 1680, 298, 308, 529, 901, 475, 992, 1811, 1655, 914, 1598, 560, 1452, 385, 1032, 1895, 756, 1893, 485, 1293, 1876, 378, 206, 61, 1762, 1335, 1779, 1062, 111, 550, 1357, 284, 1074, 880, 592, 712, 1454, 1660, 1067, 946, 1011, 193, 1838, 1072, 1065, 1267, 1217, 591, 678, 792, 180, 1313, 69, 84, 1603, 1775, 201, 1415, 457, 1359, 400, 1759, 1081, 554, 471, 1841, 446, 1670, 688, 140, 1600, 871, 1093, 460, 1831, 818, 940, 1128, 614, 1000, 987, 1048, 72, 465, 804, 1804, 826, 1006, 1129, 270, 954, 86, 107, 1744, 751, 1143, 1554, 1750, 556, 1692, 664, 943, 907, 1713, 881, 1793, 849, 972, 264, 1431, 1040, 1391, 680, 1864, 724, 1549, 455, 600, 389, 1301, 1262, 1073, 1216, 613, 314, 15, 657, 896, 549, 575, 719, 545, 937, 1585, 165, 1252, 338, 970, 1366, 1247, 1024, 14, 855, 212, 887, 977, 1225, 776, 10, 1903, 1423, 596, 726, 431, 959, 1159, 1033, 1458, 1196, 1526, 317, 1358, 454, 1647, 976, 773, 1786, 1462, 488, 41, 571, 1464, 599, 979, 864, 18, 306, 1299, 797, 332, 1424, 1286, 66, 51, 1230, 1527, 1042, 762, 219, 487, 1026, 1282, 1285, 1503, 1597, 1573, 758, 999, 30, 1215, 1315, 1227, 387, 1867, 1421, 220, 932, 1829, 26, 1822, 290, 1088, 1902, 429, 463, 197, 1156, 1539, 1491, 1027, 1901, 733, 1879, 833, 278, 1251, 1899, 1642, 73, 272, 1019, 1084, 1346, 1803, 845, 568, 286, 76, 956, 1237, 48, 939, 1601, 481, 1187, 176, 1231, 1545, 1664, 1244, 87, 47, 194, 1586, 1316, 1125, 1649, 1077, 995, 1665, 1428, 1219, 1712, 1038, 542, 998, 70, 929, 1648, 476, 886, 1134, 1733, 854, 853, 1283, 1432, 1723, 1269, 281, 1174, 110, 1685, 1868, 777, 1522, 353, 798, 1773, 409, 768, 1273, 1490, 221, 1154, 1499, 71, 1637, 720, 1850, 1198, 1755, 1915, 716, 1900, 1835, 672, 319, 1536, 226, 1472, 1602, 969, 492, 428, 895, 814, 1133, 62, 656, 1722, 1621, 1142, 1087, 524, 1590, 1030, 650, 1451, 1913, 1259, 1917, 544, 377, 862, 1202, 1177, 1274, 1123, 617, 605, 1106, 1855, 422, 1769, 362, 1721, 1329, 1206, 1506, 135, 1320, 217, 120, 1120, 1836, 710, 717, 1799, 1557, 722, 1694, 405, 375, 1034, 260, 1496, 411, 1672, 28, 637, 373, 1808, 134, 1012, 536, 1752, 983, 1135, 1576, 483, 13, 404, 841, 1172, 1041, 1843, 161, 847, 1369, 1910, 1782, 1671, 1376, 1856, 498, 806, 635, 1212, 438, 835, 1849, 1109, 1349, 1043, 2, 466, 610, 1165, 885, 951, 344, 300, 1807, 1908, 287, 1877, 705, 1872, 1581, 985, 328, 708, 730, 350, 307, 146, 840, 1180, 494, 16, 555, 1368, 1780, 779, 1771, 1203, 1754, 744, 863, 1684, 639, 1919, 738, 938, 1053, 618, 91, 1886, 1028, 472, 1050, 138, 131, 89, 416, 991, 1254, 467, 227, 1765, 1634, 1789, 1622, 1205, 1874, 839, 1151, 654, 1182, 815, 470, 670, 150, 718, 352, 1579, 879, 443, 1690, 32, 435, 1383, 501, 882, 1085, 1176, 1382, 1171, 686, 1140, 1105, 800, 1516, 1485, 516, 1475, 1434, 1911, 889, 239, 652, 1535, 1639, 335, 1325, 1784, 765, 663, 1224, 448, 1815, 739, 1812, 1076, 747, 1467, 732, 1654, 1828, 502, 1319, 1425, 1160, 1468, 368, 1732, 1248, 143, 808, 674, 713, 129, 1599, 288, 1005, 1643, 1729, 1918, 1064, 279, 1741, 406, 867, 729, 604, 1220, 750, 304, 936, 215, 1626, 1778, 1031, 1756, 305, 1699, 412, 1387, 1640, 210, 188, 253, 645, 1279, 349, 1898, 262, 1082, 213, 255, 1514, 1375, 576, 698, 986, 1119, 508, 1753, 104, 1296, 1380, 128, 163, 693, 1524, 924, 842, 812, 1348, 199, 1386, 1628, 1435, 1772, 817, 931, 334, 1360, 390, 1413, 1783, 944, 905, 1271, 1132, 1857, 35, 340, 1461, 506, 1150, 1455, 594, 1020, 1178, 1770, 1389, 1276, 1355, 1228, 990, 1480, 1100, 1326, 282, 1321, 852, 200, 1146, 1253, 49, 1682, 1221, 1840, 1525, 1037, 1170, 1800, 648, 1243, 266, 926, 782, 1667, 984, 570, 1289, 1860, 893, 1630, 479, 339, 246, 866, 1631, 211, 684, 60, 125, 1513, 836, 43, 1450, 515, 1256, 244, 1063, 1693, 913, 966, 54, 432, 1869, 254, 1916, 577, 1096, 540, 1075, 1261, 1871, 1587, 381, 634, 205, 269, 489, 1890, 37, 746, 386, 551, 1414, 953, 1403, 709, 622, 1497, 1561, 1324, 158, 624, 426, 1466, 44, 267, 994, 318, 1398, 397, 95, 786, 81, 1332, 837, 289, 865, 965, 67, 1696, 816, 1044, 820, 229, 1400, 1362, 491, 1139, 1873, 1338, 559, 1016, 1021, 1436, 1002, 1797, 40, 224, 1615, 1385, 941, 1308, 978, 794, 231, 834, 1675, 1736, 31, 1181, 562, 831, 1272, 767, 372, 1825, 1669, 760, 380, 1343, 42, 1351, 1337, 1441, 268, 1644, 1015, 52, 1469, 1861, 1481, 22, 1605, 361, 1381, 410, 1333, 975, 1046, 1595, 348, 1768, 366, 1281, 772, 974, 495, 358, 590, 187, 631, 1695, 687, 1328, 572, 588, 1805, 620, 1577, 1449, 1433, 1659, 320, 418, 346, 602, 573, 1709, 1300, 113, 427, 1891, 1341, 236, 1001, 370, 723, 1092, 1560, 379, 662, 79, 850, 1704, 824, 627, 436, 666, 1103, 653, 945, 1370, 1232, 587, 234, 103, 1858, 934, 1420, 123, 1818, 1310, 499, 1739, 1493, 1847, 1553, 740, 124, 1260, 1378, 1842, 1777, 1816, 1543, 749, 608, 1563, 996, 25, 101, 90, 459, 337, 122, 580, 829, 533, 292, 452, 1614, 1183, 1322, 1278, 521, 1136, 1190, 96, 259, 1645, 1008, 1888, 342, 445, 1504, 162, 382, 1894, 784, 1404, 1531, 1312, 444, 1097, 1447, 1280, 872, 168, 50, 1687, 1593, 1610, 98, 1242, 769, 642, 1309, 888, 433, 302, 1263, 1169, 1656, 1295, 243, 921, 1438, 1161, 877, 640, 1541, 24, 703, 980, 1173, 935, 1519, 440, 1512, 1137, 822, 1014, 310, 511, 583, 1518, 458, 274, 109, 856, 522, 11, 462, 1236, 232, 633, 1567, 1241, 989, 1725, 280, 875, 1083, 1833, 324, 1566, 249, 172, 696, 1505, 1010, 1477, 1327, 910, 861, 88, 99, 357, 437, 80, 1292, 764, 175, 395, 1716, 699, 1483, 1717, 673, 623, 1697, 1479, 1060, 1651, 553, 981, 218, 1110, 185, 77, 900, 371, 904, 1390, 21, 1882, 595, 1718, 1476, 152, 420, 918, 192, 1679, 1484, 1863, 787, 567, 851, 441, 530, 517, 1419, 1388, 329, 301, 1330, 876, 478, 1530, 676, 1844, 403, 74, 647, 728, 230, 519, 256, 737, 235, 1796, 182, 858, 504, 1287, 1124, 1229, 294, 625, 894, 759, 1544, 330, 1711, 505, 903, 1055, 1238, 1397, 1686, 136, 1275, 1580, 1584, 59, 1112, 1636, 166, 655, 1520, 1540, 374, 496, 414, 1226, 154, 860, 531, 1465, 1345, 1662, 1284, 669, 1627, 1408, 36, 191, 1748, 7, 1498, 802, 325, 957, 208, 228, 1201, 950, 1318, 155, 948, 133, 920, 442, 225, 611, 1633, 796, 667, 1652, 1304, 1609, 1611, 527, 1427, 1354, 689, 930, 870, 925, 56, 1402, 100, 189, 1068, 1737, 322, 523, 247, 971, 1445, 55, 579, 1374, 1571, 1521, 890, 785, 58, 671, 1608, 1168, 1742, 899, 299, 778, 1542, 761, 566, 46, 1708, 1719, 351, 1392, 651, 1764, 811, 449, 922, 261, 1036, 694, 127, 1114, 707, 1487, 1852, 1802, 873, 174, 1865, 1710, 763, 164, 1632, 345, 539, 1141, 805, 919, 911, 184, 548, 1422, 1625, 1155, 399, 1795, 1845, 1889, 1565, 45, 603, 1444, 1517, 1823, 1246, 477, 64, 1164, 1411, 781, 8, 1635, 1583, 1200, 241, 151, 177, 333, 629, 1453, 293, 1760, 636, 1239, 1115, 727, 273, 1394, 1266, 1184, 1619, 1743, 313, 1904, 982, 1367, 153, 564, 1806, 331, 1862, 1848, 606, 1264, 57, 97, 1774, 1814, 1086, 1029, 393, 1488, 85, 1509, 1550, 725, 1638, 1846, 1342, 1728, 993, 421, 1781, 681, 473, 1604, 364, 1613, 679, 780, 1885, 581, 1130, 116, 823, 355, 736, 75, 398, 557, 1740, 1515, 1596, 1250, 641, 1683, 198, 1363, 589, 1223, 1209, 417, 209, 1810, 9, 535, 1500, 1881, 1208, 909, 0, 702, 1897, 598, 1189, 748, 675, 1691, 1152, 755, 4, 1416, 830, 439, 1222, 1340, 692, 1003, 34, 356, 170, 1761, 1657, 1578, 401, 795, 1507, 997, 644, 1166, 447, 518, 563, 336, 1820, 343, 597, 844, 1058, 497, 311, 1463, 754, 1218, 1191, 1148, 1612, 1022, 1344, 1776, 942, 906, 1409, 1098, 130, 1418, 1830, 190, 1303, 1749, 607, 825, 92, 677, 628, 326, 715, 949, 27, 1537, 1025, 1439, 1277, 396, 1270, 53, 558, 584, 616, 630, 1533, 532, 1113, 612, 1080, 173, 1090, 838, 17, 897, 1306, 1311, 1131, 388, 1118, 1528, 1426, 1257, 1460, 1714, 1407, 144, 1734, 258, 1731, 526, 367, 1834, 126, 1104, 638, 791, 265, 223, 461, 1457, 139, 456, 1905, 1663, 1412, 1568, 1763, 883, 1661, 1678, 493, 1606, 1813, 541, 1757, 276, 296, 1673, 222, 1707, 183, 257, 615, 1478, 742, 376, 810, 661, 365, 156, 1298, 1701, 1653, 202, 1334, 1197, 1482, 106, 323, 1448, 1558, 1179, 1854, 902, 1049, 297, 216, 1268, 277, 1336, 1393, 65, 1456, 1052, 5, 1735, 1495, 1175, 988, 117, 721, 1788, 315, 1819, 1305, 1794, 520, 543, 1214, 917, 731, 1091, 1147, 1070, 68, 892, 1486, 464, 783, 115, 1883, 1372, 752, 383, 1122, 582, 1039, 1213, 574, 1594, 1870, 1111, 1792, 706, 1674, 233, 1607, 691, 1417, 1071, 711, 1538, 252, 741, 1396, 1211, 1429, 1906, 513, 799, 1384, 1138, 1688, 1681, 1045, 961, 743, 1824, 619, 766, 1727, 147, 827, 1117, 1547, 1892, 39, 82, 1546, 963, 178, 658, 1592, 425, 484, 415, 1204, 1331, 1207, 561, 912, 451, 1548, 1494, 1210, 1676, 685, 1291, 793, 632, 1018], [1054, 207, 1715, 1233, 514, 238, 1377, 1677, 878, 1624, 1145, 1009, 469, 962, 1194, 93, 1556, 1851, 1569, 1089, 745, 423, 23, 821, 29, 1401, 789, 1791, 788, 1079, 1347, 503, 1199, 753, 848, 1294, 801, 682, 955, 112, 1188, 402, 1878, 1817, 1288, 1821, 1245, 1302, 1007, 1705, 271, 510, 1510, 327, 1127, 486, 1555, 1004, 1589, 1511, 1700, 1373, 1668, 341, 1489, 1790, 1492, 321, 659, 578, 303, 118, 960, 453, 160, 683, 1832, 434, 701, 928, 480, 1446, 1552, 704, 94, 1317, 1410, 394, 186, 771, 859, 1395, 1646, 1570, 1353, 714, 1297, 360, 1153, 1185, 1766, 1471, 1013, 1356, 1437, 78, 63, 1618, 537, 482, 3, 450, 1339, 490, 857, 251, 898, 916, 546, 1809, 1689, 1078, 1069, 1, 1035, 1534, 1158, 203, 1837, 1095, 1235, 295, 933, 1474, 1559, 240, 105, 419, 1751, 1061, 1896, 1162, 1508, 1195, 237, 509, 1875, 6, 1564, 1698, 1907, 20, 1023, 1157, 1724, 132, 1912, 108, 1839, 734, 413, 316, 1249, 1880, 430, 915, 952, 813, 1532, 1116, 1859, 137, 1703, 141, 1785, 1582, 643, 119, 12, 968, 1193, 408, 214, 601, 967, 803, 1551, 363, 424, 958, 1826, 196]]Using cache found in /Users/suraj/.cache/torch/hub/facebookresearch_dinov2_main

Resuming from epoch 65: /Users/suraj/Downloads/outputs/wall_single/checkpoints/model_latest.pth
num_action_repeat: 1
num_proprio_repeat: 1
proprio encoder: ProprioceptiveEmbedding(
  (patch_embed): Conv1d(2, 10, kernel_size=(1,), stride=(1,))
)
action encoder: ProprioceptiveEmbedding(
  (patch_embed): Conv1d(10, 10, kernel_size=(1,), stride=(1,))
)
proprio_dim: 10, after repeat: 10
action_dim: 10, after repeat: 10
emb_dim: 404
Model emb_dim:  404
eval_seed:  [7, 8, 9, 10, 11, 12]
Dumped plan targets to /Users/suraj/Desktop/EAI_DINO/results/wall_bitsweep_h9_mixed/mixed_int8/opt_steps_2/seed_1/plan_targets.pkl
Success rate:  0.0
{'success': array([False, False, False, False, False, False]), 'state_dist': array([27.35597732, 20.46986324, 29.66070169, 15.3299599 , 22.68695135,
       24.52158453])}
Success rate:  0.16666666666666666
{'success': array([False, False, False, False,  True, False]), 'state_dist': array([11.73625542,  8.62714193, 29.41021456, 15.06687122,  2.23119965,
       12.59823328])}
MPC iter 0 Eval ------- 
Success rate:  0.16666666666666666
{'success': array([False, False, False, False,  True, False]), 'state_dist': array([11.73625542,  8.62714193, 29.41021456, 15.06687122,  2.23119965,
       12.59823328])}
self.is_success:  [False False False False  True False]
Success rate:  0.6666666666666666
{'success': array([ True,  True, False, False,  True,  True]), 'state_dist': array([ 1.50068766,  0.93284292, 28.89946429, 16.79390063,  3.62375782,
        1.12378431])}
Success rate:  0.6666666666666666
{'success': array([ True,  True, False, False,  True,  True]), 'state_dist': array([ 1.83955141,  3.0273503 , 26.93598903, 16.38002995,  3.82712884,
        1.53089244])}
MPC iter 1 Eval ------- 
Success rate:  0.6666666666666666
{'success': array([ True,  True, False, False,  True,  True]), 'state_dist': array([ 1.83955141,  3.0273503 , 26.93598903, 16.38002995,  2.23119965,
        1.53089244])}
self.is_success:  [ True  True False False  True  True]
Success rate:  0.6666666666666666
{'success': array([ True,  True, False, False,  True,  True]), 'state_dist': array([ 1.83955141,  3.0273503 , 26.93598903, 16.38002995,  2.23119965,
        1.53089244])}
[ok] variant=mixed_int8 opt_steps=2 seed=1 success=0.6667
Planning device: mps
Loading wall dataset...
Loaded 1920 rollouts
[[102, 33, 1056, 1591, 354, 245, 790, 1323, 142, 1745, 1588, 1473, 38, 1192, 735, 832, 547, 1186, 843, 660, 869, 83, 695, 1629, 179, 1658, 157, 1758, 1747, 250, 312, 1361, 1163, 1798, 275, 1099, 1787, 964, 1066, 609, 1666, 774, 181, 1502, 407, 668, 593, 1623, 1101, 565, 1350, 1572, 1094, 512, 148, 809, 263, 1853, 908, 927, 626, 569, 1730, 757, 1574, 1866, 1107, 1706, 391, 1255, 947, 828, 1720, 1057, 19, 1364, 1575, 1914, 1562, 1909, 534, 973, 538, 1017, 646, 285, 309, 1884, 1059, 552, 697, 1702, 145, 819, 649, 665, 169, 1051, 171, 1529, 1470, 291, 1371, 1240, 1641, 1746, 1443, 1307, 1801, 369, 1365, 525, 167, 1121, 1430, 874, 528, 1459, 1617, 770, 359, 923, 507, 884, 1616, 1314, 1149, 1379, 891, 1442, 1047, 1887, 248, 1767, 1620, 283, 392, 1290, 1650, 242, 1399, 807, 159, 204, 775, 1827, 500, 1352, 700, 1265, 1102, 149, 1440, 1258, 1738, 347, 690, 468, 1726, 1234, 1126, 868, 1501, 621, 585, 1523, 121, 1108, 846, 1167, 1405, 114, 474, 1406, 195, 1144, 586, 384, 1680, 298, 308, 529, 901, 475, 992, 1811, 1655, 914, 1598, 560, 1452, 385, 1032, 1895, 756, 1893, 485, 1293, 1876, 378, 206, 61, 1762, 1335, 1779, 1062, 111, 550, 1357, 284, 1074, 880, 592, 712, 1454, 1660, 1067, 946, 1011, 193, 1838, 1072, 1065, 1267, 1217, 591, 678, 792, 180, 1313, 69, 84, 1603, 1775, 201, 1415, 457, 1359, 400, 1759, 1081, 554, 471, 1841, 446, 1670, 688, 140, 1600, 871, 1093, 460, 1831, 818, 940, 1128, 614, 1000, 987, 1048, 72, 465, 804, 1804, 826, 1006, 1129, 270, 954, 86, 107, 1744, 751, 1143, 1554, 1750, 556, 1692, 664, 943, 907, 1713, 881, 1793, 849, 972, 264, 1431, 1040, 1391, 680, 1864, 724, 1549, 455, 600, 389, 1301, 1262, 1073, 1216, 613, 314, 15, 657, 896, 549, 575, 719, 545, 937, 1585, 165, 1252, 338, 970, 1366, 1247, 1024, 14, 855, 212, 887, 977, 1225, 776, 10, 1903, 1423, 596, 726, 431, 959, 1159, 1033, 1458, 1196, 1526, 317, 1358, 454, 1647, 976, 773, 1786, 1462, 488, 41, 571, 1464, 599, 979, 864, 18, 306, 1299, 797, 332, 1424, 1286, 66, 51, 1230, 1527, 1042, 762, 219, 487, 1026, 1282, 1285, 1503, 1597, 1573, 758, 999, 30, 1215, 1315, 1227, 387, 1867, 1421, 220, 932, 1829, 26, 1822, 290, 1088, 1902, 429, 463, 197, 1156, 1539, 1491, 1027, 1901, 733, 1879, 833, 278, 1251, 1899, 1642, 73, 272, 1019, 1084, 1346, 1803, 845, 568, 286, 76, 956, 1237, 48, 939, 1601, 481, 1187, 176, 1231, 1545, 1664, 1244, 87, 47, 194, 1586, 1316, 1125, 1649, 1077, 995, 1665, 1428, 1219, 1712, 1038, 542, 998, 70, 929, 1648, 476, 886, 1134, 1733, 854, 853, 1283, 1432, 1723, 1269, 281, 1174, 110, 1685, 1868, 777, 1522, 353, 798, 1773, 409, 768, 1273, 1490, 221, 1154, 1499, 71, 1637, 720, 1850, 1198, 1755, 1915, 716, 1900, 1835, 672, 319, 1536, 226, 1472, 1602, 969, 492, 428, 895, 814, 1133, 62, 656, 1722, 1621, 1142, 1087, 524, 1590, 1030, 650, 1451, 1913, 1259, 1917, 544, 377, 862, 1202, 1177, 1274, 1123, 617, 605, 1106, 1855, 422, 1769, 362, 1721, 1329, 1206, 1506, 135, 1320, 217, 120, 1120, 1836, 710, 717, 1799, 1557, 722, 1694, 405, 375, 1034, 260, 1496, 411, 1672, 28, 637, 373, 1808, 134, 1012, 536, 1752, 983, 1135, 1576, 483, 13, 404, 841, 1172, 1041, 1843, 161, 847, 1369, 1910, 1782, 1671, 1376, 1856, 498, 806, 635, 1212, 438, 835, 1849, 1109, 1349, 1043, 2, 466, 610, 1165, 885, 951, 344, 300, 1807, 1908, 287, 1877, 705, 1872, 1581, 985, 328, 708, 730, 350, 307, 146, 840, 1180, 494, 16, 555, 1368, 1780, 779, 1771, 1203, 1754, 744, 863, 1684, 639, 1919, 738, 938, 1053, 618, 91, 1886, 1028, 472, 1050, 138, 131, 89, 416, 991, 1254, 467, 227, 1765, 1634, 1789, 1622, 1205, 1874, 839, 1151, 654, 1182, 815, 470, 670, 150, 718, 352, 1579, 879, 443, 1690, 32, 435, 1383, 501, 882, 1085, 1176, 1382, 1171, 686, 1140, 1105, 800, 1516, 1485, 516, 1475, 1434, 1911, 889, 239, 652, 1535, 1639, 335, 1325, 1784, 765, 663, 1224, 448, 1815, 739, 1812, 1076, 747, 1467, 732, 1654, 1828, 502, 1319, 1425, 1160, 1468, 368, 1732, 1248, 143, 808, 674, 713, 129, 1599, 288, 1005, 1643, 1729, 1918, 1064, 279, 1741, 406, 867, 729, 604, 1220, 750, 304, 936, 215, 1626, 1778, 1031, 1756, 305, 1699, 412, 1387, 1640, 210, 188, 253, 645, 1279, 349, 1898, 262, 1082, 213, 255, 1514, 1375, 576, 698, 986, 1119, 508, 1753, 104, 1296, 1380, 128, 163, 693, 1524, 924, 842, 812, 1348, 199, 1386, 1628, 1435, 1772, 817, 931, 334, 1360, 390, 1413, 1783, 944, 905, 1271, 1132, 1857, 35, 340, 1461, 506, 1150, 1455, 594, 1020, 1178, 1770, 1389, 1276, 1355, 1228, 990, 1480, 1100, 1326, 282, 1321, 852, 200, 1146, 1253, 49, 1682, 1221, 1840, 1525, 1037, 1170, 1800, 648, 1243, 266, 926, 782, 1667, 984, 570, 1289, 1860, 893, 1630, 479, 339, 246, 866, 1631, 211, 684, 60, 125, 1513, 836, 43, 1450, 515, 1256, 244, 1063, 1693, 913, 966, 54, 432, 1869, 254, 1916, 577, 1096, 540, 1075, 1261, 1871, 1587, 381, 634, 205, 269, 489, 1890, 37, 746, 386, 551, 1414, 953, 1403, 709, 622, 1497, 1561, 1324, 158, 624, 426, 1466, 44, 267, 994, 318, 1398, 397, 95, 786, 81, 1332, 837, 289, 865, 965, 67, 1696, 816, 1044, 820, 229, 1400, 1362, 491, 1139, 1873, 1338, 559, 1016, 1021, 1436, 1002, 1797, 40, 224, 1615, 1385, 941, 1308, 978, 794, 231, 834, 1675, 1736, 31, 1181, 562, 831, 1272, 767, 372, 1825, 1669, 760, 380, 1343, 42, 1351, 1337, 1441, 268, 1644, 1015, 52, 1469, 1861, 1481, 22, 1605, 361, 1381, 410, 1333, 975, 1046, 1595, 348, 1768, 366, 1281, 772, 974, 495, 358, 590, 187, 631, 1695, 687, 1328, 572, 588, 1805, 620, 1577, 1449, 1433, 1659, 320, 418, 346, 602, 573, 1709, 1300, 113, 427, 1891, 1341, 236, 1001, 370, 723, 1092, 1560, 379, 662, 79, 850, 1704, 824, 627, 436, 666, 1103, 653, 945, 1370, 1232, 587, 234, 103, 1858, 934, 1420, 123, 1818, 1310, 499, 1739, 1493, 1847, 1553, 740, 124, 1260, 1378, 1842, 1777, 1816, 1543, 749, 608, 1563, 996, 25, 101, 90, 459, 337, 122, 580, 829, 533, 292, 452, 1614, 1183, 1322, 1278, 521, 1136, 1190, 96, 259, 1645, 1008, 1888, 342, 445, 1504, 162, 382, 1894, 784, 1404, 1531, 1312, 444, 1097, 1447, 1280, 872, 168, 50, 1687, 1593, 1610, 98, 1242, 769, 642, 1309, 888, 433, 302, 1263, 1169, 1656, 1295, 243, 921, 1438, 1161, 877, 640, 1541, 24, 703, 980, 1173, 935, 1519, 440, 1512, 1137, 822, 1014, 310, 511, 583, 1518, 458, 274, 109, 856, 522, 11, 462, 1236, 232, 633, 1567, 1241, 989, 1725, 280, 875, 1083, 1833, 324, 1566, 249, 172, 696, 1505, 1010, 1477, 1327, 910, 861, 88, 99, 357, 437, 80, 1292, 764, 175, 395, 1716, 699, 1483, 1717, 673, 623, 1697, 1479, 1060, 1651, 553, 981, 218, 1110, 185, 77, 900, 371, 904, 1390, 21, 1882, 595, 1718, 1476, 152, 420, 918, 192, 1679, 1484, 1863, 787, 567, 851, 441, 530, 517, 1419, 1388, 329, 301, 1330, 876, 478, 1530, 676, 1844, 403, 74, 647, 728, 230, 519, 256, 737, 235, 1796, 182, 858, 504, 1287, 1124, 1229, 294, 625, 894, 759, 1544, 330, 1711, 505, 903, 1055, 1238, 1397, 1686, 136, 1275, 1580, 1584, 59, 1112, 1636, 166, 655, 1520, 1540, 374, 496, 414, 1226, 154, 860, 531, 1465, 1345, 1662, 1284, 669, 1627, 1408, 36, 191, 1748, 7, 1498, 802, 325, 957, 208, 228, 1201, 950, 1318, 155, 948, 133, 920, 442, 225, 611, 1633, 796, 667, 1652, 1304, 1609, 1611, 527, 1427, 1354, 689, 930, 870, 925, 56, 1402, 100, 189, 1068, 1737, 322, 523, 247, 971, 1445, 55, 579, 1374, 1571, 1521, 890, 785, 58, 671, 1608, 1168, 1742, 899, 299, 778, 1542, 761, 566, 46, 1708, 1719, 351, 1392, 651, 1764, 811, 449, 922, 261, 1036, 694, 127, 1114, 707, 1487, 1852, 1802, 873, 174, 1865, 1710, 763, 164, 1632, 345, 539, 1141, 805, 919, 911, 184, 548, 1422, 1625, 1155, 399, 1795, 1845, 1889, 1565, 45, 603, 1444, 1517, 1823, 1246, 477, 64, 1164, 1411, 781, 8, 1635, 1583, 1200, 241, 151, 177, 333, 629, 1453, 293, 1760, 636, 1239, 1115, 727, 273, 1394, 1266, 1184, 1619, 1743, 313, 1904, 982, 1367, 153, 564, 1806, 331, 1862, 1848, 606, 1264, 57, 97, 1774, 1814, 1086, 1029, 393, 1488, 85, 1509, 1550, 725, 1638, 1846, 1342, 1728, 993, 421, 1781, 681, 473, 1604, 364, 1613, 679, 780, 1885, 581, 1130, 116, 823, 355, 736, 75, 398, 557, 1740, 1515, 1596, 1250, 641, 1683, 198, 1363, 589, 1223, 1209, 417, 209, 1810, 9, 535, 1500, 1881, 1208, 909, 0, 702, 1897, 598, 1189, 748, 675, 1691, 1152, 755, 4, 1416, 830, 439, 1222, 1340, 692, 1003, 34, 356, 170, 1761, 1657, 1578, 401, 795, 1507, 997, 644, 1166, 447, 518, 563, 336, 1820, 343, 597, 844, 1058, 497, 311, 1463, 754, 1218, 1191, 1148, 1612, 1022, 1344, 1776, 942, 906, 1409, 1098, 130, 1418, 1830, 190, 1303, 1749, 607, 825, 92, 677, 628, 326, 715, 949, 27, 1537, 1025, 1439, 1277, 396, 1270, 53, 558, 584, 616, 630, 1533, 532, 1113, 612, 1080, 173, 1090, 838, 17, 897, 1306, 1311, 1131, 388, 1118, 1528, 1426, 1257, 1460, 1714, 1407, 144, 1734, 258, 1731, 526, 367, 1834, 126, 1104, 638, 791, 265, 223, 461, 1457, 139, 456, 1905, 1663, 1412, 1568, 1763, 883, 1661, 1678, 493, 1606, 1813, 541, 1757, 276, 296, 1673, 222, 1707, 183, 257, 615, 1478, 742, 376, 810, 661, 365, 156, 1298, 1701, 1653, 202, 1334, 1197, 1482, 106, 323, 1448, 1558, 1179, 1854, 902, 1049, 297, 216, 1268, 277, 1336, 1393, 65, 1456, 1052, 5, 1735, 1495, 1175, 988, 117, 721, 1788, 315, 1819, 1305, 1794, 520, 543, 1214, 917, 731, 1091, 1147, 1070, 68, 892, 1486, 464, 783, 115, 1883, 1372, 752, 383, 1122, 582, 1039, 1213, 574, 1594, 1870, 1111, 1792, 706, 1674, 233, 1607, 691, 1417, 1071, 711, 1538, 252, 741, 1396, 1211, 1429, 1906, 513, 799, 1384, 1138, 1688, 1681, 1045, 961, 743, 1824, 619, 766, 1727, 147, 827, 1117, 1547, 1892, 39, 82, 1546, 963, 178, 658, 1592, 425, 484, 415, 1204, 1331, 1207, 561, 912, 451, 1548, 1494, 1210, 1676, 685, 1291, 793, 632, 1018], [1054, 207, 1715, 1233, 514, 238, 1377, 1677, 878, 1624, 1145, 1009, 469, 962, 1194, 93, 1556, 1851, 1569, 1089, 745, 423, 23, 821, 29, 1401, 789, 1791, 788, 1079, 1347, 503, 1199, 753, 848, 1294, 801, 682, 955, 112, 1188, 402, 1878, 1817, 1288, 1821, 1245, 1302, 1007, 1705, 271, 510, 1510, 327, 1127, 486, 1555, 1004, 1589, 1511, 1700, 1373, 1668, 341, 1489, 1790, 1492, 321, 659, 578, 303, 118, 960, 453, 160, 683, 1832, 434, 701, 928, 480, 1446, 1552, 704, 94, 1317, 1410, 394, 186, 771, 859, 1395, 1646, 1570, 1353, 714, 1297, 360, 1153, 1185, 1766, 1471, 1013, 1356, 1437, 78, 63, 1618, 537, 482, 3, 450, 1339, 490, 857, 251, 898, 916, 546, 1809, 1689, 1078, 1069, 1, 1035, 1534, 1158, 203, 1837, 1095, 1235, 295, 933, 1474, 1559, 240, 105, 419, 1751, 1061, 1896, 1162, 1508, 1195, 237, 509, 1875, 6, 1564, 1698, 1907, 20, 1023, 1157, 1724, 132, 1912, 108, 1839, 734, 413, 316, 1249, 1880, 430, 915, 952, 813, 1532, 1116, 1859, 137, 1703, 141, 1785, 1582, 643, 119, 12, 968, 1193, 408, 214, 601, 967, 803, 1551, 363, 424, 958, 1826, 196]]Using cache found in /Users/suraj/.cache/torch/hub/facebookresearch_dinov2_main

Resuming from epoch 65: /Users/suraj/Downloads/outputs/wall_single/checkpoints/model_latest.pth
num_action_repeat: 1
num_proprio_repeat: 1
proprio encoder: ProprioceptiveEmbedding(
  (patch_embed): Conv1d(2, 10, kernel_size=(1,), stride=(1,))
)
action encoder: ProprioceptiveEmbedding(
  (patch_embed): Conv1d(10, 10, kernel_size=(1,), stride=(1,))
)
proprio_dim: 10, after repeat: 10
action_dim: 10, after repeat: 10
emb_dim: 404
Model emb_dim:  404
eval_seed:  [7, 8, 9, 10, 11, 12]
Dumped plan targets to /Users/suraj/Desktop/EAI_DINO/results/wall_bitsweep_h9_mixed/uniform_int4/opt_steps_2/seed_1/plan_targets.pkl
Success rate:  0.0
{'success': array([False, False, False, False, False, False]), 'state_dist': array([39.82454442, 31.82740715, 31.63392749, 13.79057682, 21.37120012,
       28.55616041])}
Success rate:  0.0
{'success': array([False, False, False, False, False, False]), 'state_dist': array([30.76563915, 29.61522655, 22.23217658, 14.52686212, 10.31346885,
       26.01552267])}
MPC iter 0 Eval ------- 
Success rate:  0.0
{'success': array([False, False, False, False, False, False]), 'state_dist': array([30.76563915, 29.61522655, 22.23217658, 14.52686212, 10.31346885,
       26.01552267])}
self.is_success:  [False False False False False False]
Success rate:  0.0
{'success': array([False, False, False, False, False, False]), 'state_dist': array([22.29631121, 14.49186268, 15.46791168, 14.079598  ,  4.58364986,
       25.51883992])}
Success rate:  0.0
{'success': array([False, False, False, False, False, False]), 'state_dist': array([19.88394091,  7.88305212,  5.38321825, 16.54195034,  4.95198996,
       27.46511782])}
MPC iter 1 Eval ------- 
Success rate:  0.0
{'success': array([False, False, False, False, False, False]), 'state_dist': array([19.88394091,  7.88305212,  5.38321825, 16.54195034,  4.95198996,
       27.46511782])}
self.is_success:  [False False False False False False]
Success rate:  0.0
{'success': array([False, False, False, False, False, False]), 'state_dist': array([19.88394091,  7.88305212,  5.38321825, 16.54195034,  4.95198996,
       27.46511782])}
[ok] variant=uniform_int4 opt_steps=2 seed=1 success=0.0000
Planning device: mps
Loading wall dataset...
Loaded 1920 rollouts
[[102, 33, 1056, 1591, 354, 245, 790, 1323, 142, 1745, 1588, 1473, 38, 1192, 735, 832, 547, 1186, 843, 660, 869, 83, 695, 1629, 179, 1658, 157, 1758, 1747, 250, 312, 1361, 1163, 1798, 275, 1099, 1787, 964, 1066, 609, 1666, 774, 181, 1502, 407, 668, 593, 1623, 1101, 565, 1350, 1572, 1094, 512, 148, 809, 263, 1853, 908, 927, 626, 569, 1730, 757, 1574, 1866, 1107, 1706, 391, 1255, 947, 828, 1720, 1057, 19, 1364, 1575, 1914, 1562, 1909, 534, 973, 538, 1017, 646, 285, 309, 1884, 1059, 552, 697, 1702, 145, 819, 649, 665, 169, 1051, 171, 1529, 1470, 291, 1371, 1240, 1641, 1746, 1443, 1307, 1801, 369, 1365, 525, 167, 1121, 1430, 874, 528, 1459, 1617, 770, 359, 923, 507, 884, 1616, 1314, 1149, 1379, 891, 1442, 1047, 1887, 248, 1767, 1620, 283, 392, 1290, 1650, 242, 1399, 807, 159, 204, 775, 1827, 500, 1352, 700, 1265, 1102, 149, 1440, 1258, 1738, 347, 690, 468, 1726, 1234, 1126, 868, 1501, 621, 585, 1523, 121, 1108, 846, 1167, 1405, 114, 474, 1406, 195, 1144, 586, 384, 1680, 298, 308, 529, 901, 475, 992, 1811, 1655, 914, 1598, 560, 1452, 385, 1032, 1895, 756, 1893, 485, 1293, 1876, 378, 206, 61, 1762, 1335, 1779, 1062, 111, 550, 1357, 284, 1074, 880, 592, 712, 1454, 1660, 1067, 946, 1011, 193, 1838, 1072, 1065, 1267, 1217, 591, 678, 792, 180, 1313, 69, 84, 1603, 1775, 201, 1415, 457, 1359, 400, 1759, 1081, 554, 471, 1841, 446, 1670, 688, 140, 1600, 871, 1093, 460, 1831, 818, 940, 1128, 614, 1000, 987, 1048, 72, 465, 804, 1804, 826, 1006, 1129, 270, 954, 86, 107, 1744, 751, 1143, 1554, 1750, 556, 1692, 664, 943, 907, 1713, 881, 1793, 849, 972, 264, 1431, 1040, 1391, 680, 1864, 724, 1549, 455, 600, 389, 1301, 1262, 1073, 1216, 613, 314, 15, 657, 896, 549, 575, 719, 545, 937, 1585, 165, 1252, 338, 970, 1366, 1247, 1024, 14, 855, 212, 887, 977, 1225, 776, 10, 1903, 1423, 596, 726, 431, 959, 1159, 1033, 1458, 1196, 1526, 317, 1358, 454, 1647, 976, 773, 1786, 1462, 488, 41, 571, 1464, 599, 979, 864, 18, 306, 1299, 797, 332, 1424, 1286, 66, 51, 1230, 1527, 1042, 762, 219, 487, 1026, 1282, 1285, 1503, 1597, 1573, 758, 999, 30, 1215, 1315, 1227, 387, 1867, 1421, 220, 932, 1829, 26, 1822, 290, 1088, 1902, 429, 463, 197, 1156, 1539, 1491, 1027, 1901, 733, 1879, 833, 278, 1251, 1899, 1642, 73, 272, 1019, 1084, 1346, 1803, 845, 568, 286, 76, 956, 1237, 48, 939, 1601, 481, 1187, 176, 1231, 1545, 1664, 1244, 87, 47, 194, 1586, 1316, 1125, 1649, 1077, 995, 1665, 1428, 1219, 1712, 1038, 542, 998, 70, 929, 1648, 476, 886, 1134, 1733, 854, 853, 1283, 1432, 1723, 1269, 281, 1174, 110, 1685, 1868, 777, 1522, 353, 798, 1773, 409, 768, 1273, 1490, 221, 1154, 1499, 71, 1637, 720, 1850, 1198, 1755, 1915, 716, 1900, 1835, 672, 319, 1536, 226, 1472, 1602, 969, 492, 428, 895, 814, 1133, 62, 656, 1722, 1621, 1142, 1087, 524, 1590, 1030, 650, 1451, 1913, 1259, 1917, 544, 377, 862, 1202, 1177, 1274, 1123, 617, 605, 1106, 1855, 422, 1769, 362, 1721, 1329, 1206, 1506, 135, 1320, 217, 120, 1120, 1836, 710, 717, 1799, 1557, 722, 1694, 405, 375, 1034, 260, 1496, 411, 1672, 28, 637, 373, 1808, 134, 1012, 536, 1752, 983, 1135, 1576, 483, 13, 404, 841, 1172, 1041, 1843, 161, 847, 1369, 1910, 1782, 1671, 1376, 1856, 498, 806, 635, 1212, 438, 835, 1849, 1109, 1349, 1043, 2, 466, 610, 1165, 885, 951, 344, 300, 1807, 1908, 287, 1877, 705, 1872, 1581, 985, 328, 708, 730, 350, 307, 146, 840, 1180, 494, 16, 555, 1368, 1780, 779, 1771, 1203, 1754, 744, 863, 1684, 639, 1919, 738, 938, 1053, 618, 91, 1886, 1028, 472, 1050, 138, 131, 89, 416, 991, 1254, 467, 227, 1765, 1634, 1789, 1622, 1205, 1874, 839, 1151, 654, 1182, 815, 470, 670, 150, 718, 352, 1579, 879, 443, 1690, 32, 435, 1383, 501, 882, 1085, 1176, 1382, 1171, 686, 1140, 1105, 800, 1516, 1485, 516, 1475, 1434, 1911, 889, 239, 652, 1535, 1639, 335, 1325, 1784, 765, 663, 1224, 448, 1815, 739, 1812, 1076, 747, 1467, 732, 1654, 1828, 502, 1319, 1425, 1160, 1468, 368, 1732, 1248, 143, 808, 674, 713, 129, 1599, 288, 1005, 1643, 1729, 1918, 1064, 279, 1741, 406, 867, 729, 604, 1220, 750, 304, 936, 215, 1626, 1778, 1031, 1756, 305, 1699, 412, 1387, 1640, 210, 188, 253, 645, 1279, 349, 1898, 262, 1082, 213, 255, 1514, 1375, 576, 698, 986, 1119, 508, 1753, 104, 1296, 1380, 128, 163, 693, 1524, 924, 842, 812, 1348, 199, 1386, 1628, 1435, 1772, 817, 931, 334, 1360, 390, 1413, 1783, 944, 905, 1271, 1132, 1857, 35, 340, 1461, 506, 1150, 1455, 594, 1020, 1178, 1770, 1389, 1276, 1355, 1228, 990, 1480, 1100, 1326, 282, 1321, 852, 200, 1146, 1253, 49, 1682, 1221, 1840, 1525, 1037, 1170, 1800, 648, 1243, 266, 926, 782, 1667, 984, 570, 1289, 1860, 893, 1630, 479, 339, 246, 866, 1631, 211, 684, 60, 125, 1513, 836, 43, 1450, 515, 1256, 244, 1063, 1693, 913, 966, 54, 432, 1869, 254, 1916, 577, 1096, 540, 1075, 1261, 1871, 1587, 381, 634, 205, 269, 489, 1890, 37, 746, 386, 551, 1414, 953, 1403, 709, 622, 1497, 1561, 1324, 158, 624, 426, 1466, 44, 267, 994, 318, 1398, 397, 95, 786, 81, 1332, 837, 289, 865, 965, 67, 1696, 816, 1044, 820, 229, 1400, 1362, 491, 1139, 1873, 1338, 559, 1016, 1021, 1436, 1002, 1797, 40, 224, 1615, 1385, 941, 1308, 978, 794, 231, 834, 1675, 1736, 31, 1181, 562, 831, 1272, 767, 372, 1825, 1669, 760, 380, 1343, 42, 1351, 1337, 1441, 268, 1644, 1015, 52, 1469, 1861, 1481, 22, 1605, 361, 1381, 410, 1333, 975, 1046, 1595, 348, 1768, 366, 1281, 772, 974, 495, 358, 590, 187, 631, 1695, 687, 1328, 572, 588, 1805, 620, 1577, 1449, 1433, 1659, 320, 418, 346, 602, 573, 1709, 1300, 113, 427, 1891, 1341, 236, 1001, 370, 723, 1092, 1560, 379, 662, 79, 850, 1704, 824, 627, 436, 666, 1103, 653, 945, 1370, 1232, 587, 234, 103, 1858, 934, 1420, 123, 1818, 1310, 499, 1739, 1493, 1847, 1553, 740, 124, 1260, 1378, 1842, 1777, 1816, 1543, 749, 608, 1563, 996, 25, 101, 90, 459, 337, 122, 580, 829, 533, 292, 452, 1614, 1183, 1322, 1278, 521, 1136, 1190, 96, 259, 1645, 1008, 1888, 342, 445, 1504, 162, 382, 1894, 784, 1404, 1531, 1312, 444, 1097, 1447, 1280, 872, 168, 50, 1687, 1593, 1610, 98, 1242, 769, 642, 1309, 888, 433, 302, 1263, 1169, 1656, 1295, 243, 921, 1438, 1161, 877, 640, 1541, 24, 703, 980, 1173, 935, 1519, 440, 1512, 1137, 822, 1014, 310, 511, 583, 1518, 458, 274, 109, 856, 522, 11, 462, 1236, 232, 633, 1567, 1241, 989, 1725, 280, 875, 1083, 1833, 324, 1566, 249, 172, 696, 1505, 1010, 1477, 1327, 910, 861, 88, 99, 357, 437, 80, 1292, 764, 175, 395, 1716, 699, 1483, 1717, 673, 623, 1697, 1479, 1060, 1651, 553, 981, 218, 1110, 185, 77, 900, 371, 904, 1390, 21, 1882, 595, 1718, 1476, 152, 420, 918, 192, 1679, 1484, 1863, 787, 567, 851, 441, 530, 517, 1419, 1388, 329, 301, 1330, 876, 478, 1530, 676, 1844, 403, 74, 647, 728, 230, 519, 256, 737, 235, 1796, 182, 858, 504, 1287, 1124, 1229, 294, 625, 894, 759, 1544, 330, 1711, 505, 903, 1055, 1238, 1397, 1686, 136, 1275, 1580, 1584, 59, 1112, 1636, 166, 655, 1520, 1540, 374, 496, 414, 1226, 154, 860, 531, 1465, 1345, 1662, 1284, 669, 1627, 1408, 36, 191, 1748, 7, 1498, 802, 325, 957, 208, 228, 1201, 950, 1318, 155, 948, 133, 920, 442, 225, 611, 1633, 796, 667, 1652, 1304, 1609, 1611, 527, 1427, 1354, 689, 930, 870, 925, 56, 1402, 100, 189, 1068, 1737, 322, 523, 247, 971, 1445, 55, 579, 1374, 1571, 1521, 890, 785, 58, 671, 1608, 1168, 1742, 899, 299, 778, 1542, 761, 566, 46, 1708, 1719, 351, 1392, 651, 1764, 811, 449, 922, 261, 1036, 694, 127, 1114, 707, 1487, 1852, 1802, 873, 174, 1865, 1710, 763, 164, 1632, 345, 539, 1141, 805, 919, 911, 184, 548, 1422, 1625, 1155, 399, 1795, 1845, 1889, 1565, 45, 603, 1444, 1517, 1823, 1246, 477, 64, 1164, 1411, 781, 8, 1635, 1583, 1200, 241, 151, 177, 333, 629, 1453, 293, 1760, 636, 1239, 1115, 727, 273, 1394, 1266, 1184, 1619, 1743, 313, 1904, 982, 1367, 153, 564, 1806, 331, 1862, 1848, 606, 1264, 57, 97, 1774, 1814, 1086, 1029, 393, 1488, 85, 1509, 1550, 725, 1638, 1846, 1342, 1728, 993, 421, 1781, 681, 473, 1604, 364, 1613, 679, 780, 1885, 581, 1130, 116, 823, 355, 736, 75, 398, 557, 1740, 1515, 1596, 1250, 641, 1683, 198, 1363, 589, 1223, 1209, 417, 209, 1810, 9, 535, 1500, 1881, 1208, 909, 0, 702, 1897, 598, 1189, 748, 675, 1691, 1152, 755, 4, 1416, 830, 439, 1222, 1340, 692, 1003, 34, 356, 170, 1761, 1657, 1578, 401, 795, 1507, 997, 644, 1166, 447, 518, 563, 336, 1820, 343, 597, 844, 1058, 497, 311, 1463, 754, 1218, 1191, 1148, 1612, 1022, 1344, 1776, 942, 906, 1409, 1098, 130, 1418, 1830, 190, 1303, 1749, 607, 825, 92, 677, 628, 326, 715, 949, 27, 1537, 1025, 1439, 1277, 396, 1270, 53, 558, 584, 616, 630, 1533, 532, 1113, 612, 1080, 173, 1090, 838, 17, 897, 1306, 1311, 1131, 388, 1118, 1528, 1426, 1257, 1460, 1714, 1407, 144, 1734, 258, 1731, 526, 367, 1834, 126, 1104, 638, 791, 265, 223, 461, 1457, 139, 456, 1905, 1663, 1412, 1568, 1763, 883, 1661, 1678, 493, 1606, 1813, 541, 1757, 276, 296, 1673, 222, 1707, 183, 257, 615, 1478, 742, 376, 810, 661, 365, 156, 1298, 1701, 1653, 202, 1334, 1197, 1482, 106, 323, 1448, 1558, 1179, 1854, 902, 1049, 297, 216, 1268, 277, 1336, 1393, 65, 1456, 1052, 5, 1735, 1495, 1175, 988, 117, 721, 1788, 315, 1819, 1305, 1794, 520, 543, 1214, 917, 731, 1091, 1147, 1070, 68, 892, 1486, 464, 783, 115, 1883, 1372, 752, 383, 1122, 582, 1039, 1213, 574, 1594, 1870, 1111, 1792, 706, 1674, 233, 1607, 691, 1417, 1071, 711, 1538, 252, 741, 1396, 1211, 1429, 1906, 513, 799, 1384, 1138, 1688, 1681, 1045, 961, 743, 1824, 619, 766, 1727, 147, 827, 1117, 1547, 1892, 39, 82, 1546, 963, 178, 658, 1592, 425, 484, 415, 1204, 1331, 1207, 561, 912, 451, 1548, 1494, 1210, 1676, 685, 1291, 793, 632, 1018], [1054, 207, 1715, 1233, 514, 238, 1377, 1677, 878, 1624, 1145, 1009, 469, 962, 1194, 93, 1556, 1851, 1569, 1089, 745, 423, 23, 821, 29, 1401, 789, 1791, 788, 1079, 1347, 503, 1199, 753, 848, 1294, 801, 682, 955, 112, 1188, 402, 1878, 1817, 1288, 1821, 1245, 1302, 1007, 1705, 271, 510, 1510, 327, 1127, 486, 1555, 1004, 1589, 1511, 1700, 1373, 1668, 341, 1489, 1790, 1492, 321, 659, 578, 303, 118, 960, 453, 160, 683, 1832, 434, 701, 928, 480, 1446, 1552, 704, 94, 1317, 1410, 394, 186, 771, 859, 1395, 1646, 1570, 1353, 714, 1297, 360, 1153, 1185, 1766, 1471, 1013, 1356, 1437, 78, 63, 1618, 537, 482, 3, 450, 1339, 490, 857, 251, 898, 916, 546, 1809, 1689, 1078, 1069, 1, 1035, 1534, 1158, 203, 1837, 1095, 1235, 295, 933, 1474, 1559, 240, 105, 419, 1751, 1061, 1896, 1162, 1508, 1195, 237, 509, 1875, 6, 1564, 1698, 1907, 20, 1023, 1157, 1724, 132, 1912, 108, 1839, 734, 413, 316, 1249, 1880, 430, 915, 952, 813, 1532, 1116, 1859, 137, 1703, 141, 1785, 1582, 643, 119, 12, 968, 1193, 408, 214, 601, 967, 803, 1551, 363, 424, 958, 1826, 196]]Using cache found in /Users/suraj/.cache/torch/hub/facebookresearch_dinov2_main

Resuming from epoch 65: /Users/suraj/Downloads/outputs/wall_single/checkpoints/model_latest.pth
num_action_repeat: 1
num_proprio_repeat: 1
proprio encoder: ProprioceptiveEmbedding(
  (patch_embed): Conv1d(2, 10, kernel_size=(1,), stride=(1,))
)
action encoder: ProprioceptiveEmbedding(
  (patch_embed): Conv1d(10, 10, kernel_size=(1,), stride=(1,))
)
proprio_dim: 10, after repeat: 10
action_dim: 10, after repeat: 10
emb_dim: 404
Model emb_dim:  404
eval_seed:  [7, 8, 9, 10, 11, 12]
Dumped plan targets to /Users/suraj/Desktop/EAI_DINO/results/wall_bitsweep_h9_mixed/mixed_int4/opt_steps_2/seed_1/plan_targets.pkl
Success rate:  0.0
{'success': array([False, False, False, False, False, False]), 'state_dist': array([36.08469406, 21.55002147, 37.40920682, 17.51950352, 22.77333153,
       28.3412491 ])}
Success rate:  0.0
{'success': array([False, False, False, False, False, False]), 'state_dist': array([26.02588067, 13.79346056, 43.36659788, 19.75642988,  5.30085575,
       27.8048172 ])}
MPC iter 0 Eval ------- 
Success rate:  0.0
{'success': array([False, False, False, False, False, False]), 'state_dist': array([26.02588067, 13.79346056, 43.36659788, 19.75642988,  5.30085575,
       27.8048172 ])}
self.is_success:  [False False False False False False]
Success rate:  0.16666666666666666
{'success': array([False, False, False, False,  True, False]), 'state_dist': array([24.41683075, 18.98754094, 37.13398216, 13.9131483 ,  3.27984919,
       30.77743757])}
Success rate:  0.16666666666666666
{'success': array([False, False, False, False,  True, False]), 'state_dist': array([24.3386618 , 13.57201491, 29.64926679, 13.76711184,  3.17844852,
       30.64763072])}
MPC iter 1 Eval ------- 
Success rate:  0.16666666666666666
{'success': array([False, False, False, False,  True, False]), 'state_dist': array([24.3386618 , 13.57201491, 29.64926679, 13.76711184,  3.17844852,
       30.64763072])}
self.is_success:  [False False False False  True False]
Success rate:  0.16666666666666666
{'success': array([False, False, False, False,  True, False]), 'state_dist': array([24.3386618 , 13.57201491, 29.64926679, 13.76711184,  3.17844852,
       30.64763072])}
[ok] variant=mixed_int4 opt_steps=2 seed=1 success=0.1667
Planning device: mps
Loading wall dataset...
Loaded 1920 rollouts
[[102, 33, 1056, 1591, 354, 245, 790, 1323, 142, 1745, 1588, 1473, 38, 1192, 735, 832, 547, 1186, 843, 660, 869, 83, 695, 1629, 179, 1658, 157, 1758, 1747, 250, 312, 1361, 1163, 1798, 275, 1099, 1787, 964, 1066, 609, 1666, 774, 181, 1502, 407, 668, 593, 1623, 1101, 565, 1350, 1572, 1094, 512, 148, 809, 263, 1853, 908, 927, 626, 569, 1730, 757, 1574, 1866, 1107, 1706, 391, 1255, 947, 828, 1720, 1057, 19, 1364, 1575, 1914, 1562, 1909, 534, 973, 538, 1017, 646, 285, 309, 1884, 1059, 552, 697, 1702, 145, 819, 649, 665, 169, 1051, 171, 1529, 1470, 291, 1371, 1240, 1641, 1746, 1443, 1307, 1801, 369, 1365, 525, 167, 1121, 1430, 874, 528, 1459, 1617, 770, 359, 923, 507, 884, 1616, 1314, 1149, 1379, 891, 1442, 1047, 1887, 248, 1767, 1620, 283, 392, 1290, 1650, 242, 1399, 807, 159, 204, 775, 1827, 500, 1352, 700, 1265, 1102, 149, 1440, 1258, 1738, 347, 690, 468, 1726, 1234, 1126, 868, 1501, 621, 585, 1523, 121, 1108, 846, 1167, 1405, 114, 474, 1406, 195, 1144, 586, 384, 1680, 298, 308, 529, 901, 475, 992, 1811, 1655, 914, 1598, 560, 1452, 385, 1032, 1895, 756, 1893, 485, 1293, 1876, 378, 206, 61, 1762, 1335, 1779, 1062, 111, 550, 1357, 284, 1074, 880, 592, 712, 1454, 1660, 1067, 946, 1011, 193, 1838, 1072, 1065, 1267, 1217, 591, 678, 792, 180, 1313, 69, 84, 1603, 1775, 201, 1415, 457, 1359, 400, 1759, 1081, 554, 471, 1841, 446, 1670, 688, 140, 1600, 871, 1093, 460, 1831, 818, 940, 1128, 614, 1000, 987, 1048, 72, 465, 804, 1804, 826, 1006, 1129, 270, 954, 86, 107, 1744, 751, 1143, 1554, 1750, 556, 1692, 664, 943, 907, 1713, 881, 1793, 849, 972, 264, 1431, 1040, 1391, 680, 1864, 724, 1549, 455, 600, 389, 1301, 1262, 1073, 1216, 613, 314, 15, 657, 896, 549, 575, 719, 545, 937, 1585, 165, 1252, 338, 970, 1366, 1247, 1024, 14, 855, 212, 887, 977, 1225, 776, 10, 1903, 1423, 596, 726, 431, 959, 1159, 1033, 1458, 1196, 1526, 317, 1358, 454, 1647, 976, 773, 1786, 1462, 488, 41, 571, 1464, 599, 979, 864, 18, 306, 1299, 797, 332, 1424, 1286, 66, 51, 1230, 1527, 1042, 762, 219, 487, 1026, 1282, 1285, 1503, 1597, 1573, 758, 999, 30, 1215, 1315, 1227, 387, 1867, 1421, 220, 932, 1829, 26, 1822, 290, 1088, 1902, 429, 463, 197, 1156, 1539, 1491, 1027, 1901, 733, 1879, 833, 278, 1251, 1899, 1642, 73, 272, 1019, 1084, 1346, 1803, 845, 568, 286, 76, 956, 1237, 48, 939, 1601, 481, 1187, 176, 1231, 1545, 1664, 1244, 87, 47, 194, 1586, 1316, 1125, 1649, 1077, 995, 1665, 1428, 1219, 1712, 1038, 542, 998, 70, 929, 1648, 476, 886, 1134, 1733, 854, 853, 1283, 1432, 1723, 1269, 281, 1174, 110, 1685, 1868, 777, 1522, 353, 798, 1773, 409, 768, 1273, 1490, 221, 1154, 1499, 71, 1637, 720, 1850, 1198, 1755, 1915, 716, 1900, 1835, 672, 319, 1536, 226, 1472, 1602, 969, 492, 428, 895, 814, 1133, 62, 656, 1722, 1621, 1142, 1087, 524, 1590, 1030, 650, 1451, 1913, 1259, 1917, 544, 377, 862, 1202, 1177, 1274, 1123, 617, 605, 1106, 1855, 422, 1769, 362, 1721, 1329, 1206, 1506, 135, 1320, 217, 120, 1120, 1836, 710, 717, 1799, 1557, 722, 1694, 405, 375, 1034, 260, 1496, 411, 1672, 28, 637, 373, 1808, 134, 1012, 536, 1752, 983, 1135, 1576, 483, 13, 404, 841, 1172, 1041, 1843, 161, 847, 1369, 1910, 1782, 1671, 1376, 1856, 498, 806, 635, 1212, 438, 835, 1849, 1109, 1349, 1043, 2, 466, 610, 1165, 885, 951, 344, 300, 1807, 1908, 287, 1877, 705, 1872, 1581, 985, 328, 708, 730, 350, 307, 146, 840, 1180, 494, 16, 555, 1368, 1780, 779, 1771, 1203, 1754, 744, 863, 1684, 639, 1919, 738, 938, 1053, 618, 91, 1886, 1028, 472, 1050, 138, 131, 89, 416, 991, 1254, 467, 227, 1765, 1634, 1789, 1622, 1205, 1874, 839, 1151, 654, 1182, 815, 470, 670, 150, 718, 352, 1579, 879, 443, 1690, 32, 435, 1383, 501, 882, 1085, 1176, 1382, 1171, 686, 1140, 1105, 800, 1516, 1485, 516, 1475, 1434, 1911, 889, 239, 652, 1535, 1639, 335, 1325, 1784, 765, 663, 1224, 448, 1815, 739, 1812, 1076, 747, 1467, 732, 1654, 1828, 502, 1319, 1425, 1160, 1468, 368, 1732, 1248, 143, 808, 674, 713, 129, 1599, 288, 1005, 1643, 1729, 1918, 1064, 279, 1741, 406, 867, 729, 604, 1220, 750, 304, 936, 215, 1626, 1778, 1031, 1756, 305, 1699, 412, 1387, 1640, 210, 188, 253, 645, 1279, 349, 1898, 262, 1082, 213, 255, 1514, 1375, 576, 698, 986, 1119, 508, 1753, 104, 1296, 1380, 128, 163, 693, 1524, 924, 842, 812, 1348, 199, 1386, 1628, 1435, 1772, 817, 931, 334, 1360, 390, 1413, 1783, 944, 905, 1271, 1132, 1857, 35, 340, 1461, 506, 1150, 1455, 594, 1020, 1178, 1770, 1389, 1276, 1355, 1228, 990, 1480, 1100, 1326, 282, 1321, 852, 200, 1146, 1253, 49, 1682, 1221, 1840, 1525, 1037, 1170, 1800, 648, 1243, 266, 926, 782, 1667, 984, 570, 1289, 1860, 893, 1630, 479, 339, 246, 866, 1631, 211, 684, 60, 125, 1513, 836, 43, 1450, 515, 1256, 244, 1063, 1693, 913, 966, 54, 432, 1869, 254, 1916, 577, 1096, 540, 1075, 1261, 1871, 1587, 381, 634, 205, 269, 489, 1890, 37, 746, 386, 551, 1414, 953, 1403, 709, 622, 1497, 1561, 1324, 158, 624, 426, 1466, 44, 267, 994, 318, 1398, 397, 95, 786, 81, 1332, 837, 289, 865, 965, 67, 1696, 816, 1044, 820, 229, 1400, 1362, 491, 1139, 1873, 1338, 559, 1016, 1021, 1436, 1002, 1797, 40, 224, 1615, 1385, 941, 1308, 978, 794, 231, 834, 1675, 1736, 31, 1181, 562, 831, 1272, 767, 372, 1825, 1669, 760, 380, 1343, 42, 1351, 1337, 1441, 268, 1644, 1015, 52, 1469, 1861, 1481, 22, 1605, 361, 1381, 410, 1333, 975, 1046, 1595, 348, 1768, 366, 1281, 772, 974, 495, 358, 590, 187, 631, 1695, 687, 1328, 572, 588, 1805, 620, 1577, 1449, 1433, 1659, 320, 418, 346, 602, 573, 1709, 1300, 113, 427, 1891, 1341, 236, 1001, 370, 723, 1092, 1560, 379, 662, 79, 850, 1704, 824, 627, 436, 666, 1103, 653, 945, 1370, 1232, 587, 234, 103, 1858, 934, 1420, 123, 1818, 1310, 499, 1739, 1493, 1847, 1553, 740, 124, 1260, 1378, 1842, 1777, 1816, 1543, 749, 608, 1563, 996, 25, 101, 90, 459, 337, 122, 580, 829, 533, 292, 452, 1614, 1183, 1322, 1278, 521, 1136, 1190, 96, 259, 1645, 1008, 1888, 342, 445, 1504, 162, 382, 1894, 784, 1404, 1531, 1312, 444, 1097, 1447, 1280, 872, 168, 50, 1687, 1593, 1610, 98, 1242, 769, 642, 1309, 888, 433, 302, 1263, 1169, 1656, 1295, 243, 921, 1438, 1161, 877, 640, 1541, 24, 703, 980, 1173, 935, 1519, 440, 1512, 1137, 822, 1014, 310, 511, 583, 1518, 458, 274, 109, 856, 522, 11, 462, 1236, 232, 633, 1567, 1241, 989, 1725, 280, 875, 1083, 1833, 324, 1566, 249, 172, 696, 1505, 1010, 1477, 1327, 910, 861, 88, 99, 357, 437, 80, 1292, 764, 175, 395, 1716, 699, 1483, 1717, 673, 623, 1697, 1479, 1060, 1651, 553, 981, 218, 1110, 185, 77, 900, 371, 904, 1390, 21, 1882, 595, 1718, 1476, 152, 420, 918, 192, 1679, 1484, 1863, 787, 567, 851, 441, 530, 517, 1419, 1388, 329, 301, 1330, 876, 478, 1530, 676, 1844, 403, 74, 647, 728, 230, 519, 256, 737, 235, 1796, 182, 858, 504, 1287, 1124, 1229, 294, 625, 894, 759, 1544, 330, 1711, 505, 903, 1055, 1238, 1397, 1686, 136, 1275, 1580, 1584, 59, 1112, 1636, 166, 655, 1520, 1540, 374, 496, 414, 1226, 154, 860, 531, 1465, 1345, 1662, 1284, 669, 1627, 1408, 36, 191, 1748, 7, 1498, 802, 325, 957, 208, 228, 1201, 950, 1318, 155, 948, 133, 920, 442, 225, 611, 1633, 796, 667, 1652, 1304, 1609, 1611, 527, 1427, 1354, 689, 930, 870, 925, 56, 1402, 100, 189, 1068, 1737, 322, 523, 247, 971, 1445, 55, 579, 1374, 1571, 1521, 890, 785, 58, 671, 1608, 1168, 1742, 899, 299, 778, 1542, 761, 566, 46, 1708, 1719, 351, 1392, 651, 1764, 811, 449, 922, 261, 1036, 694, 127, 1114, 707, 1487, 1852, 1802, 873, 174, 1865, 1710, 763, 164, 1632, 345, 539, 1141, 805, 919, 911, 184, 548, 1422, 1625, 1155, 399, 1795, 1845, 1889, 1565, 45, 603, 1444, 1517, 1823, 1246, 477, 64, 1164, 1411, 781, 8, 1635, 1583, 1200, 241, 151, 177, 333, 629, 1453, 293, 1760, 636, 1239, 1115, 727, 273, 1394, 1266, 1184, 1619, 1743, 313, 1904, 982, 1367, 153, 564, 1806, 331, 1862, 1848, 606, 1264, 57, 97, 1774, 1814, 1086, 1029, 393, 1488, 85, 1509, 1550, 725, 1638, 1846, 1342, 1728, 993, 421, 1781, 681, 473, 1604, 364, 1613, 679, 780, 1885, 581, 1130, 116, 823, 355, 736, 75, 398, 557, 1740, 1515, 1596, 1250, 641, 1683, 198, 1363, 589, 1223, 1209, 417, 209, 1810, 9, 535, 1500, 1881, 1208, 909, 0, 702, 1897, 598, 1189, 748, 675, 1691, 1152, 755, 4, 1416, 830, 439, 1222, 1340, 692, 1003, 34, 356, 170, 1761, 1657, 1578, 401, 795, 1507, 997, 644, 1166, 447, 518, 563, 336, 1820, 343, 597, 844, 1058, 497, 311, 1463, 754, 1218, 1191, 1148, 1612, 1022, 1344, 1776, 942, 906, 1409, 1098, 130, 1418, 1830, 190, 1303, 1749, 607, 825, 92, 677, 628, 326, 715, 949, 27, 1537, 1025, 1439, 1277, 396, 1270, 53, 558, 584, 616, 630, 1533, 532, 1113, 612, 1080, 173, 1090, 838, 17, 897, 1306, 1311, 1131, 388, 1118, 1528, 1426, 1257, 1460, 1714, 1407, 144, 1734, 258, 1731, 526, 367, 1834, 126, 1104, 638, 791, 265, 223, 461, 1457, 139, 456, 1905, 1663, 1412, 1568, 1763, 883, 1661, 1678, 493, 1606, 1813, 541, 1757, 276, 296, 1673, 222, 1707, 183, 257, 615, 1478, 742, 376, 810, 661, 365, 156, 1298, 1701, 1653, 202, 1334, 1197, 1482, 106, 323, 1448, 1558, 1179, 1854, 902, 1049, 297, 216, 1268, 277, 1336, 1393, 65, 1456, 1052, 5, 1735, 1495, 1175, 988, 117, 721, 1788, 315, 1819, 1305, 1794, 520, 543, 1214, 917, 731, 1091, 1147, 1070, 68, 892, 1486, 464, 783, 115, 1883, 1372, 752, 383, 1122, 582, 1039, 1213, 574, 1594, 1870, 1111, 1792, 706, 1674, 233, 1607, 691, 1417, 1071, 711, 1538, 252, 741, 1396, 1211, 1429, 1906, 513, 799, 1384, 1138, 1688, 1681, 1045, 961, 743, 1824, 619, 766, 1727, 147, 827, 1117, 1547, 1892, 39, 82, 1546, 963, 178, 658, 1592, 425, 484, 415, 1204, 1331, 1207, 561, 912, 451, 1548, 1494, 1210, 1676, 685, 1291, 793, 632, 1018], [1054, 207, 1715, 1233, 514, 238, 1377, 1677, 878, 1624, 1145, 1009, 469, 962, 1194, 93, 1556, 1851, 1569, 1089, 745, 423, 23, 821, 29, 1401, 789, 1791, 788, 1079, 1347, 503, 1199, 753, 848, 1294, 801, 682, 955, 112, 1188, 402, 1878, 1817, 1288, 1821, 1245, 1302, 1007, 1705, 271, 510, 1510, 327, 1127, 486, 1555, 1004, 1589, 1511, 1700, 1373, 1668, 341, 1489, 1790, 1492, 321, 659, 578, 303, 118, 960, 453, 160, 683, 1832, 434, 701, 928, 480, 1446, 1552, 704, 94, 1317, 1410, 394, 186, 771, 859, 1395, 1646, 1570, 1353, 714, 1297, 360, 1153, 1185, 1766, 1471, 1013, 1356, 1437, 78, 63, 1618, 537, 482, 3, 450, 1339, 490, 857, 251, 898, 916, 546, 1809, 1689, 1078, 1069, 1, 1035, 1534, 1158, 203, 1837, 1095, 1235, 295, 933, 1474, 1559, 240, 105, 419, 1751, 1061, 1896, 1162, 1508, 1195, 237, 509, 1875, 6, 1564, 1698, 1907, 20, 1023, 1157, 1724, 132, 1912, 108, 1839, 734, 413, 316, 1249, 1880, 430, 915, 952, 813, 1532, 1116, 1859, 137, 1703, 141, 1785, 1582, 643, 119, 12, 968, 1193, 408, 214, 601, 967, 803, 1551, 363, 424, 958, 1826, 196]]Using cache found in /Users/suraj/.cache/torch/hub/facebookresearch_dinov2_main

Resuming from epoch 65: /Users/suraj/Downloads/outputs/wall_single/checkpoints/model_latest.pth
num_action_repeat: 1
num_proprio_repeat: 1
proprio encoder: ProprioceptiveEmbedding(
  (patch_embed): Conv1d(2, 10, kernel_size=(1,), stride=(1,))
)
action encoder: ProprioceptiveEmbedding(
  (patch_embed): Conv1d(10, 10, kernel_size=(1,), stride=(1,))
)
proprio_dim: 10, after repeat: 10
action_dim: 10, after repeat: 10
emb_dim: 404
Model emb_dim:  404
eval_seed:  [7, 8, 9, 10, 11, 12]
Dumped plan targets to /Users/suraj/Desktop/EAI_DINO/results/wall_bitsweep_h9_mixed/uniform_int3/opt_steps_2/seed_1/plan_targets.pkl
Success rate:  0.0
{'success': array([False, False, False, False, False, False]), 'state_dist': array([45.89563797, 40.31444851, 54.63534709, 17.95876427, 33.23314927,
       49.21792941])}
Success rate:  0.0
{'success': array([False, False, False, False, False, False]), 'state_dist': array([47.14192803, 41.70368562, 57.11906171, 20.59291021, 38.28096661,
       50.71460523])}
MPC iter 0 Eval ------- 
Success rate:  0.0
{'success': array([False, False, False, False, False, False]), 'state_dist': array([47.14192803, 41.70368562, 57.11906171, 20.59291021, 38.28096661,
       50.71460523])}
self.is_success:  [False False False False False False]
Success rate:  0.0
{'success': array([False, False, False, False, False, False]), 'state_dist': array([48.92394729, 43.39202143, 60.85749636, 18.07932277, 41.89891937,
       49.87552642])}
Success rate:  0.0
{'success': array([False, False, False, False, False, False]), 'state_dist': array([50.97854621, 43.66082676, 60.94987845, 21.43883811, 43.23257161,
       49.67656366])}
MPC iter 1 Eval ------- 
Success rate:  0.0
{'success': array([False, False, False, False, False, False]), 'state_dist': array([50.97854621, 43.66082676, 60.94987845, 21.43883811, 43.23257161,
       49.67656366])}
self.is_success:  [False False False False False False]
Success rate:  0.0
{'success': array([False, False, False, False, False, False]), 'state_dist': array([50.97854621, 43.66082676, 60.94987845, 21.43883811, 43.23257161,
       49.67656366])}
[ok] variant=uniform_int3 opt_steps=2 seed=1 success=0.0000
Planning device: mps
Loading wall dataset...
Loaded 1920 rollouts
[[102, 33, 1056, 1591, 354, 245, 790, 1323, 142, 1745, 1588, 1473, 38, 1192, 735, 832, 547, 1186, 843, 660, 869, 83, 695, 1629, 179, 1658, 157, 1758, 1747, 250, 312, 1361, 1163, 1798, 275, 1099, 1787, 964, 1066, 609, 1666, 774, 181, 1502, 407, 668, 593, 1623, 1101, 565, 1350, 1572, 1094, 512, 148, 809, 263, 1853, 908, 927, 626, 569, 1730, 757, 1574, 1866, 1107, 1706, 391, 1255, 947, 828, 1720, 1057, 19, 1364, 1575, 1914, 1562, 1909, 534, 973, 538, 1017, 646, 285, 309, 1884, 1059, 552, 697, 1702, 145, 819, 649, 665, 169, 1051, 171, 1529, 1470, 291, 1371, 1240, 1641, 1746, 1443, 1307, 1801, 369, 1365, 525, 167, 1121, 1430, 874, 528, 1459, 1617, 770, 359, 923, 507, 884, 1616, 1314, 1149, 1379, 891, 1442, 1047, 1887, 248, 1767, 1620, 283, 392, 1290, 1650, 242, 1399, 807, 159, 204, 775, 1827, 500, 1352, 700, 1265, 1102, 149, 1440, 1258, 1738, 347, 690, 468, 1726, 1234, 1126, 868, 1501, 621, 585, 1523, 121, 1108, 846, 1167, 1405, 114, 474, 1406, 195, 1144, 586, 384, 1680, 298, 308, 529, 901, 475, 992, 1811, 1655, 914, 1598, 560, 1452, 385, 1032, 1895, 756, 1893, 485, 1293, 1876, 378, 206, 61, 1762, 1335, 1779, 1062, 111, 550, 1357, 284, 1074, 880, 592, 712, 1454, 1660, 1067, 946, 1011, 193, 1838, 1072, 1065, 1267, 1217, 591, 678, 792, 180, 1313, 69, 84, 1603, 1775, 201, 1415, 457, 1359, 400, 1759, 1081, 554, 471, 1841, 446, 1670, 688, 140, 1600, 871, 1093, 460, 1831, 818, 940, 1128, 614, 1000, 987, 1048, 72, 465, 804, 1804, 826, 1006, 1129, 270, 954, 86, 107, 1744, 751, 1143, 1554, 1750, 556, 1692, 664, 943, 907, 1713, 881, 1793, 849, 972, 264, 1431, 1040, 1391, 680, 1864, 724, 1549, 455, 600, 389, 1301, 1262, 1073, 1216, 613, 314, 15, 657, 896, 549, 575, 719, 545, 937, 1585, 165, 1252, 338, 970, 1366, 1247, 1024, 14, 855, 212, 887, 977, 1225, 776, 10, 1903, 1423, 596, 726, 431, 959, 1159, 1033, 1458, 1196, 1526, 317, 1358, 454, 1647, 976, 773, 1786, 1462, 488, 41, 571, 1464, 599, 979, 864, 18, 306, 1299, 797, 332, 1424, 1286, 66, 51, 1230, 1527, 1042, 762, 219, 487, 1026, 1282, 1285, 1503, 1597, 1573, 758, 999, 30, 1215, 1315, 1227, 387, 1867, 1421, 220, 932, 1829, 26, 1822, 290, 1088, 1902, 429, 463, 197, 1156, 1539, 1491, 1027, 1901, 733, 1879, 833, 278, 1251, 1899, 1642, 73, 272, 1019, 1084, 1346, 1803, 845, 568, 286, 76, 956, 1237, 48, 939, 1601, 481, 1187, 176, 1231, 1545, 1664, 1244, 87, 47, 194, 1586, 1316, 1125, 1649, 1077, 995, 1665, 1428, 1219, 1712, 1038, 542, 998, 70, 929, 1648, 476, 886, 1134, 1733, 854, 853, 1283, 1432, 1723, 1269, 281, 1174, 110, 1685, 1868, 777, 1522, 353, 798, 1773, 409, 768, 1273, 1490, 221, 1154, 1499, 71, 1637, 720, 1850, 1198, 1755, 1915, 716, 1900, 1835, 672, 319, 1536, 226, 1472, 1602, 969, 492, 428, 895, 814, 1133, 62, 656, 1722, 1621, 1142, 1087, 524, 1590, 1030, 650, 1451, 1913, 1259, 1917, 544, 377, 862, 1202, 1177, 1274, 1123, 617, 605, 1106, 1855, 422, 1769, 362, 1721, 1329, 1206, 1506, 135, 1320, 217, 120, 1120, 1836, 710, 717, 1799, 1557, 722, 1694, 405, 375, 1034, 260, 1496, 411, 1672, 28, 637, 373, 1808, 134, 1012, 536, 1752, 983, 1135, 1576, 483, 13, 404, 841, 1172, 1041, 1843, 161, 847, 1369, 1910, 1782, 1671, 1376, 1856, 498, 806, 635, 1212, 438, 835, 1849, 1109, 1349, 1043, 2, 466, 610, 1165, 885, 951, 344, 300, 1807, 1908, 287, 1877, 705, 1872, 1581, 985, 328, 708, 730, 350, 307, 146, 840, 1180, 494, 16, 555, 1368, 1780, 779, 1771, 1203, 1754, 744, 863, 1684, 639, 1919, 738, 938, 1053, 618, 91, 1886, 1028, 472, 1050, 138, 131, 89, 416, 991, 1254, 467, 227, 1765, 1634, 1789, 1622, 1205, 1874, 839, 1151, 654, 1182, 815, 470, 670, 150, 718, 352, 1579, 879, 443, 1690, 32, 435, 1383, 501, 882, 1085, 1176, 1382, 1171, 686, 1140, 1105, 800, 1516, 1485, 516, 1475, 1434, 1911, 889, 239, 652, 1535, 1639, 335, 1325, 1784, 765, 663, 1224, 448, 1815, 739, 1812, 1076, 747, 1467, 732, 1654, 1828, 502, 1319, 1425, 1160, 1468, 368, 1732, 1248, 143, 808, 674, 713, 129, 1599, 288, 1005, 1643, 1729, 1918, 1064, 279, 1741, 406, 867, 729, 604, 1220, 750, 304, 936, 215, 1626, 1778, 1031, 1756, 305, 1699, 412, 1387, 1640, 210, 188, 253, 645, 1279, 349, 1898, 262, 1082, 213, 255, 1514, 1375, 576, 698, 986, 1119, 508, 1753, 104, 1296, 1380, 128, 163, 693, 1524, 924, 842, 812, 1348, 199, 1386, 1628, 1435, 1772, 817, 931, 334, 1360, 390, 1413, 1783, 944, 905, 1271, 1132, 1857, 35, 340, 1461, 506, 1150, 1455, 594, 1020, 1178, 1770, 1389, 1276, 1355, 1228, 990, 1480, 1100, 1326, 282, 1321, 852, 200, 1146, 1253, 49, 1682, 1221, 1840, 1525, 1037, 1170, 1800, 648, 1243, 266, 926, 782, 1667, 984, 570, 1289, 1860, 893, 1630, 479, 339, 246, 866, 1631, 211, 684, 60, 125, 1513, 836, 43, 1450, 515, 1256, 244, 1063, 1693, 913, 966, 54, 432, 1869, 254, 1916, 577, 1096, 540, 1075, 1261, 1871, 1587, 381, 634, 205, 269, 489, 1890, 37, 746, 386, 551, 1414, 953, 1403, 709, 622, 1497, 1561, 1324, 158, 624, 426, 1466, 44, 267, 994, 318, 1398, 397, 95, 786, 81, 1332, 837, 289, 865, 965, 67, 1696, 816, 1044, 820, 229, 1400, 1362, 491, 1139, 1873, 1338, 559, 1016, 1021, 1436, 1002, 1797, 40, 224, 1615, 1385, 941, 1308, 978, 794, 231, 834, 1675, 1736, 31, 1181, 562, 831, 1272, 767, 372, 1825, 1669, 760, 380, 1343, 42, 1351, 1337, 1441, 268, 1644, 1015, 52, 1469, 1861, 1481, 22, 1605, 361, 1381, 410, 1333, 975, 1046, 1595, 348, 1768, 366, 1281, 772, 974, 495, 358, 590, 187, 631, 1695, 687, 1328, 572, 588, 1805, 620, 1577, 1449, 1433, 1659, 320, 418, 346, 602, 573, 1709, 1300, 113, 427, 1891, 1341, 236, 1001, 370, 723, 1092, 1560, 379, 662, 79, 850, 1704, 824, 627, 436, 666, 1103, 653, 945, 1370, 1232, 587, 234, 103, 1858, 934, 1420, 123, 1818, 1310, 499, 1739, 1493, 1847, 1553, 740, 124, 1260, 1378, 1842, 1777, 1816, 1543, 749, 608, 1563, 996, 25, 101, 90, 459, 337, 122, 580, 829, 533, 292, 452, 1614, 1183, 1322, 1278, 521, 1136, 1190, 96, 259, 1645, 1008, 1888, 342, 445, 1504, 162, 382, 1894, 784, 1404, 1531, 1312, 444, 1097, 1447, 1280, 872, 168, 50, 1687, 1593, 1610, 98, 1242, 769, 642, 1309, 888, 433, 302, 1263, 1169, 1656, 1295, 243, 921, 1438, 1161, 877, 640, 1541, 24, 703, 980, 1173, 935, 1519, 440, 1512, 1137, 822, 1014, 310, 511, 583, 1518, 458, 274, 109, 856, 522, 11, 462, 1236, 232, 633, 1567, 1241, 989, 1725, 280, 875, 1083, 1833, 324, 1566, 249, 172, 696, 1505, 1010, 1477, 1327, 910, 861, 88, 99, 357, 437, 80, 1292, 764, 175, 395, 1716, 699, 1483, 1717, 673, 623, 1697, 1479, 1060, 1651, 553, 981, 218, 1110, 185, 77, 900, 371, 904, 1390, 21, 1882, 595, 1718, 1476, 152, 420, 918, 192, 1679, 1484, 1863, 787, 567, 851, 441, 530, 517, 1419, 1388, 329, 301, 1330, 876, 478, 1530, 676, 1844, 403, 74, 647, 728, 230, 519, 256, 737, 235, 1796, 182, 858, 504, 1287, 1124, 1229, 294, 625, 894, 759, 1544, 330, 1711, 505, 903, 1055, 1238, 1397, 1686, 136, 1275, 1580, 1584, 59, 1112, 1636, 166, 655, 1520, 1540, 374, 496, 414, 1226, 154, 860, 531, 1465, 1345, 1662, 1284, 669, 1627, 1408, 36, 191, 1748, 7, 1498, 802, 325, 957, 208, 228, 1201, 950, 1318, 155, 948, 133, 920, 442, 225, 611, 1633, 796, 667, 1652, 1304, 1609, 1611, 527, 1427, 1354, 689, 930, 870, 925, 56, 1402, 100, 189, 1068, 1737, 322, 523, 247, 971, 1445, 55, 579, 1374, 1571, 1521, 890, 785, 58, 671, 1608, 1168, 1742, 899, 299, 778, 1542, 761, 566, 46, 1708, 1719, 351, 1392, 651, 1764, 811, 449, 922, 261, 1036, 694, 127, 1114, 707, 1487, 1852, 1802, 873, 174, 1865, 1710, 763, 164, 1632, 345, 539, 1141, 805, 919, 911, 184, 548, 1422, 1625, 1155, 399, 1795, 1845, 1889, 1565, 45, 603, 1444, 1517, 1823, 1246, 477, 64, 1164, 1411, 781, 8, 1635, 1583, 1200, 241, 151, 177, 333, 629, 1453, 293, 1760, 636, 1239, 1115, 727, 273, 1394, 1266, 1184, 1619, 1743, 313, 1904, 982, 1367, 153, 564, 1806, 331, 1862, 1848, 606, 1264, 57, 97, 1774, 1814, 1086, 1029, 393, 1488, 85, 1509, 1550, 725, 1638, 1846, 1342, 1728, 993, 421, 1781, 681, 473, 1604, 364, 1613, 679, 780, 1885, 581, 1130, 116, 823, 355, 736, 75, 398, 557, 1740, 1515, 1596, 1250, 641, 1683, 198, 1363, 589, 1223, 1209, 417, 209, 1810, 9, 535, 1500, 1881, 1208, 909, 0, 702, 1897, 598, 1189, 748, 675, 1691, 1152, 755, 4, 1416, 830, 439, 1222, 1340, 692, 1003, 34, 356, 170, 1761, 1657, 1578, 401, 795, 1507, 997, 644, 1166, 447, 518, 563, 336, 1820, 343, 597, 844, 1058, 497, 311, 1463, 754, 1218, 1191, 1148, 1612, 1022, 1344, 1776, 942, 906, 1409, 1098, 130, 1418, 1830, 190, 1303, 1749, 607, 825, 92, 677, 628, 326, 715, 949, 27, 1537, 1025, 1439, 1277, 396, 1270, 53, 558, 584, 616, 630, 1533, 532, 1113, 612, 1080, 173, 1090, 838, 17, 897, 1306, 1311, 1131, 388, 1118, 1528, 1426, 1257, 1460, 1714, 1407, 144, 1734, 258, 1731, 526, 367, 1834, 126, 1104, 638, 791, 265, 223, 461, 1457, 139, 456, 1905, 1663, 1412, 1568, 1763, 883, 1661, 1678, 493, 1606, 1813, 541, 1757, 276, 296, 1673, 222, 1707, 183, 257, 615, 1478, 742, 376, 810, 661, 365, 156, 1298, 1701, 1653, 202, 1334, 1197, 1482, 106, 323, 1448, 1558, 1179, 1854, 902, 1049, 297, 216, 1268, 277, 1336, 1393, 65, 1456, 1052, 5, 1735, 1495, 1175, 988, 117, 721, 1788, 315, 1819, 1305, 1794, 520, 543, 1214, 917, 731, 1091, 1147, 1070, 68, 892, 1486, 464, 783, 115, 1883, 1372, 752, 383, 1122, 582, 1039, 1213, 574, 1594, 1870, 1111, 1792, 706, 1674, 233, 1607, 691, 1417, 1071, 711, 1538, 252, 741, 1396, 1211, 1429, 1906, 513, 799, 1384, 1138, 1688, 1681, 1045, 961, 743, 1824, 619, 766, 1727, 147, 827, 1117, 1547, 1892, 39, 82, 1546, 963, 178, 658, 1592, 425, 484, 415, 1204, 1331, 1207, 561, 912, 451, 1548, 1494, 1210, 1676, 685, 1291, 793, 632, 1018], [1054, 207, 1715, 1233, 514, 238, 1377, 1677, 878, 1624, 1145, 1009, 469, 962, 1194, 93, 1556, 1851, 1569, 1089, 745, 423, 23, 821, 29, 1401, 789, 1791, 788, 1079, 1347, 503, 1199, 753, 848, 1294, 801, 682, 955, 112, 1188, 402, 1878, 1817, 1288, 1821, 1245, 1302, 1007, 1705, 271, 510, 1510, 327, 1127, 486, 1555, 1004, 1589, 1511, 1700, 1373, 1668, 341, 1489, 1790, 1492, 321, 659, 578, 303, 118, 960, 453, 160, 683, 1832, 434, 701, 928, 480, 1446, 1552, 704, 94, 1317, 1410, 394, 186, 771, 859, 1395, 1646, 1570, 1353, 714, 1297, 360, 1153, 1185, 1766, 1471, 1013, 1356, 1437, 78, 63, 1618, 537, 482, 3, 450, 1339, 490, 857, 251, 898, 916, 546, 1809, 1689, 1078, 1069, 1, 1035, 1534, 1158, 203, 1837, 1095, 1235, 295, 933, 1474, 1559, 240, 105, 419, 1751, 1061, 1896, 1162, 1508, 1195, 237, 509, 1875, 6, 1564, 1698, 1907, 20, 1023, 1157, 1724, 132, 1912, 108, 1839, 734, 413, 316, 1249, 1880, 430, 915, 952, 813, 1532, 1116, 1859, 137, 1703, 141, 1785, 1582, 643, 119, 12, 968, 1193, 408, 214, 601, 967, 803, 1551, 363, 424, 958, 1826, 196]]Using cache found in /Users/suraj/.cache/torch/hub/facebookresearch_dinov2_main

Resuming from epoch 65: /Users/suraj/Downloads/outputs/wall_single/checkpoints/model_latest.pth
num_action_repeat: 1
num_proprio_repeat: 1
proprio encoder: ProprioceptiveEmbedding(
  (patch_embed): Conv1d(2, 10, kernel_size=(1,), stride=(1,))
)
action encoder: ProprioceptiveEmbedding(
  (patch_embed): Conv1d(10, 10, kernel_size=(1,), stride=(1,))
)
proprio_dim: 10, after repeat: 10
action_dim: 10, after repeat: 10
emb_dim: 404
Model emb_dim:  404
eval_seed:  [7, 8, 9, 10, 11, 12]
Dumped plan targets to /Users/suraj/Desktop/EAI_DINO/results/wall_bitsweep_h9_mixed/mixed_int3/opt_steps_2/seed_1/plan_targets.pkl
Success rate:  0.0
{'success': array([False, False, False, False, False, False]), 'state_dist': array([46.03957095, 30.47573235, 42.91414401, 23.22637201, 34.23852176,
       39.21263289])}
Success rate:  0.0
{'success': array([False, False, False, False, False, False]), 'state_dist': array([47.01184903, 24.59510877, 43.07483097, 26.30292227, 35.35175531,
       38.15167231])}
MPC iter 0 Eval ------- 
Success rate:  0.0
{'success': array([False, False, False, False, False, False]), 'state_dist': array([47.01184903, 24.59510877, 43.07483097, 26.30292227, 35.35175531,
       38.15167231])}
self.is_success:  [False False False False False False]
Success rate:  0.0
{'success': array([False, False, False, False, False, False]), 'state_dist': array([47.97618139, 20.50863429, 45.24912377, 26.83449011, 35.68699262,
       36.76218642])}
Success rate:  0.0
{'success': array([False, False, False, False, False, False]), 'state_dist': array([41.03938753, 18.08929476, 45.36537359, 26.04883211, 36.11223072,
       36.63758132])}
MPC iter 1 Eval ------- 
Success rate:  0.0
{'success': array([False, False, False, False, False, False]), 'state_dist': array([41.03938753, 18.08929476, 45.36537359, 26.04883211, 36.11223072,
       36.63758132])}
self.is_success:  [False False False False False False]
Success rate:  0.0
{'success': array([False, False, False, False, False, False]), 'state_dist': array([41.03938753, 18.08929476, 45.36537359, 26.04883211, 36.11223072,
       36.63758132])}
[ok] variant=mixed_int3 opt_steps=2 seed=1 success=0.0000
Planning device: mps
Loading wall dataset...
Loaded 1920 rollouts
[[102, 33, 1056, 1591, 354, 245, 790, 1323, 142, 1745, 1588, 1473, 38, 1192, 735, 832, 547, 1186, 843, 660, 869, 83, 695, 1629, 179, 1658, 157, 1758, 1747, 250, 312, 1361, 1163, 1798, 275, 1099, 1787, 964, 1066, 609, 1666, 774, 181, 1502, 407, 668, 593, 1623, 1101, 565, 1350, 1572, 1094, 512, 148, 809, 263, 1853, 908, 927, 626, 569, 1730, 757, 1574, 1866, 1107, 1706, 391, 1255, 947, 828, 1720, 1057, 19, 1364, 1575, 1914, 1562, 1909, 534, 973, 538, 1017, 646, 285, 309, 1884, 1059, 552, 697, 1702, 145, 819, 649, 665, 169, 1051, 171, 1529, 1470, 291, 1371, 1240, 1641, 1746, 1443, 1307, 1801, 369, 1365, 525, 167, 1121, 1430, 874, 528, 1459, 1617, 770, 359, 923, 507, 884, 1616, 1314, 1149, 1379, 891, 1442, 1047, 1887, 248, 1767, 1620, 283, 392, 1290, 1650, 242, 1399, 807, 159, 204, 775, 1827, 500, 1352, 700, 1265, 1102, 149, 1440, 1258, 1738, 347, 690, 468, 1726, 1234, 1126, 868, 1501, 621, 585, 1523, 121, 1108, 846, 1167, 1405, 114, 474, 1406, 195, 1144, 586, 384, 1680, 298, 308, 529, 901, 475, 992, 1811, 1655, 914, 1598, 560, 1452, 385, 1032, 1895, 756, 1893, 485, 1293, 1876, 378, 206, 61, 1762, 1335, 1779, 1062, 111, 550, 1357, 284, 1074, 880, 592, 712, 1454, 1660, 1067, 946, 1011, 193, 1838, 1072, 1065, 1267, 1217, 591, 678, 792, 180, 1313, 69, 84, 1603, 1775, 201, 1415, 457, 1359, 400, 1759, 1081, 554, 471, 1841, 446, 1670, 688, 140, 1600, 871, 1093, 460, 1831, 818, 940, 1128, 614, 1000, 987, 1048, 72, 465, 804, 1804, 826, 1006, 1129, 270, 954, 86, 107, 1744, 751, 1143, 1554, 1750, 556, 1692, 664, 943, 907, 1713, 881, 1793, 849, 972, 264, 1431, 1040, 1391, 680, 1864, 724, 1549, 455, 600, 389, 1301, 1262, 1073, 1216, 613, 314, 15, 657, 896, 549, 575, 719, 545, 937, 1585, 165, 1252, 338, 970, 1366, 1247, 1024, 14, 855, 212, 887, 977, 1225, 776, 10, 1903, 1423, 596, 726, 431, 959, 1159, 1033, 1458, 1196, 1526, 317, 1358, 454, 1647, 976, 773, 1786, 1462, 488, 41, 571, 1464, 599, 979, 864, 18, 306, 1299, 797, 332, 1424, 1286, 66, 51, 1230, 1527, 1042, 762, 219, 487, 1026, 1282, 1285, 1503, 1597, 1573, 758, 999, 30, 1215, 1315, 1227, 387, 1867, 1421, 220, 932, 1829, 26, 1822, 290, 1088, 1902, 429, 463, 197, 1156, 1539, 1491, 1027, 1901, 733, 1879, 833, 278, 1251, 1899, 1642, 73, 272, 1019, 1084, 1346, 1803, 845, 568, 286, 76, 956, 1237, 48, 939, 1601, 481, 1187, 176, 1231, 1545, 1664, 1244, 87, 47, 194, 1586, 1316, 1125, 1649, 1077, 995, 1665, 1428, 1219, 1712, 1038, 542, 998, 70, 929, 1648, 476, 886, 1134, 1733, 854, 853, 1283, 1432, 1723, 1269, 281, 1174, 110, 1685, 1868, 777, 1522, 353, 798, 1773, 409, 768, 1273, 1490, 221, 1154, 1499, 71, 1637, 720, 1850, 1198, 1755, 1915, 716, 1900, 1835, 672, 319, 1536, 226, 1472, 1602, 969, 492, 428, 895, 814, 1133, 62, 656, 1722, 1621, 1142, 1087, 524, 1590, 1030, 650, 1451, 1913, 1259, 1917, 544, 377, 862, 1202, 1177, 1274, 1123, 617, 605, 1106, 1855, 422, 1769, 362, 1721, 1329, 1206, 1506, 135, 1320, 217, 120, 1120, 1836, 710, 717, 1799, 1557, 722, 1694, 405, 375, 1034, 260, 1496, 411, 1672, 28, 637, 373, 1808, 134, 1012, 536, 1752, 983, 1135, 1576, 483, 13, 404, 841, 1172, 1041, 1843, 161, 847, 1369, 1910, 1782, 1671, 1376, 1856, 498, 806, 635, 1212, 438, 835, 1849, 1109, 1349, 1043, 2, 466, 610, 1165, 885, 951, 344, 300, 1807, 1908, 287, 1877, 705, 1872, 1581, 985, 328, 708, 730, 350, 307, 146, 840, 1180, 494, 16, 555, 1368, 1780, 779, 1771, 1203, 1754, 744, 863, 1684, 639, 1919, 738, 938, 1053, 618, 91, 1886, 1028, 472, 1050, 138, 131, 89, 416, 991, 1254, 467, 227, 1765, 1634, 1789, 1622, 1205, 1874, 839, 1151, 654, 1182, 815, 470, 670, 150, 718, 352, 1579, 879, 443, 1690, 32, 435, 1383, 501, 882, 1085, 1176, 1382, 1171, 686, 1140, 1105, 800, 1516, 1485, 516, 1475, 1434, 1911, 889, 239, 652, 1535, 1639, 335, 1325, 1784, 765, 663, 1224, 448, 1815, 739, 1812, 1076, 747, 1467, 732, 1654, 1828, 502, 1319, 1425, 1160, 1468, 368, 1732, 1248, 143, 808, 674, 713, 129, 1599, 288, 1005, 1643, 1729, 1918, 1064, 279, 1741, 406, 867, 729, 604, 1220, 750, 304, 936, 215, 1626, 1778, 1031, 1756, 305, 1699, 412, 1387, 1640, 210, 188, 253, 645, 1279, 349, 1898, 262, 1082, 213, 255, 1514, 1375, 576, 698, 986, 1119, 508, 1753, 104, 1296, 1380, 128, 163, 693, 1524, 924, 842, 812, 1348, 199, 1386, 1628, 1435, 1772, 817, 931, 334, 1360, 390, 1413, 1783, 944, 905, 1271, 1132, 1857, 35, 340, 1461, 506, 1150, 1455, 594, 1020, 1178, 1770, 1389, 1276, 1355, 1228, 990, 1480, 1100, 1326, 282, 1321, 852, 200, 1146, 1253, 49, 1682, 1221, 1840, 1525, 1037, 1170, 1800, 648, 1243, 266, 926, 782, 1667, 984, 570, 1289, 1860, 893, 1630, 479, 339, 246, 866, 1631, 211, 684, 60, 125, 1513, 836, 43, 1450, 515, 1256, 244, 1063, 1693, 913, 966, 54, 432, 1869, 254, 1916, 577, 1096, 540, 1075, 1261, 1871, 1587, 381, 634, 205, 269, 489, 1890, 37, 746, 386, 551, 1414, 953, 1403, 709, 622, 1497, 1561, 1324, 158, 624, 426, 1466, 44, 267, 994, 318, 1398, 397, 95, 786, 81, 1332, 837, 289, 865, 965, 67, 1696, 816, 1044, 820, 229, 1400, 1362, 491, 1139, 1873, 1338, 559, 1016, 1021, 1436, 1002, 1797, 40, 224, 1615, 1385, 941, 1308, 978, 794, 231, 834, 1675, 1736, 31, 1181, 562, 831, 1272, 767, 372, 1825, 1669, 760, 380, 1343, 42, 1351, 1337, 1441, 268, 1644, 1015, 52, 1469, 1861, 1481, 22, 1605, 361, 1381, 410, 1333, 975, 1046, 1595, 348, 1768, 366, 1281, 772, 974, 495, 358, 590, 187, 631, 1695, 687, 1328, 572, 588, 1805, 620, 1577, 1449, 1433, 1659, 320, 418, 346, 602, 573, 1709, 1300, 113, 427, 1891, 1341, 236, 1001, 370, 723, 1092, 1560, 379, 662, 79, 850, 1704, 824, 627, 436, 666, 1103, 653, 945, 1370, 1232, 587, 234, 103, 1858, 934, 1420, 123, 1818, 1310, 499, 1739, 1493, 1847, 1553, 740, 124, 1260, 1378, 1842, 1777, 1816, 1543, 749, 608, 1563, 996, 25, 101, 90, 459, 337, 122, 580, 829, 533, 292, 452, 1614, 1183, 1322, 1278, 521, 1136, 1190, 96, 259, 1645, 1008, 1888, 342, 445, 1504, 162, 382, 1894, 784, 1404, 1531, 1312, 444, 1097, 1447, 1280, 872, 168, 50, 1687, 1593, 1610, 98, 1242, 769, 642, 1309, 888, 433, 302, 1263, 1169, 1656, 1295, 243, 921, 1438, 1161, 877, 640, 1541, 24, 703, 980, 1173, 935, 1519, 440, 1512, 1137, 822, 1014, 310, 511, 583, 1518, 458, 274, 109, 856, 522, 11, 462, 1236, 232, 633, 1567, 1241, 989, 1725, 280, 875, 1083, 1833, 324, 1566, 249, 172, 696, 1505, 1010, 1477, 1327, 910, 861, 88, 99, 357, 437, 80, 1292, 764, 175, 395, 1716, 699, 1483, 1717, 673, 623, 1697, 1479, 1060, 1651, 553, 981, 218, 1110, 185, 77, 900, 371, 904, 1390, 21, 1882, 595, 1718, 1476, 152, 420, 918, 192, 1679, 1484, 1863, 787, 567, 851, 441, 530, 517, 1419, 1388, 329, 301, 1330, 876, 478, 1530, 676, 1844, 403, 74, 647, 728, 230, 519, 256, 737, 235, 1796, 182, 858, 504, 1287, 1124, 1229, 294, 625, 894, 759, 1544, 330, 1711, 505, 903, 1055, 1238, 1397, 1686, 136, 1275, 1580, 1584, 59, 1112, 1636, 166, 655, 1520, 1540, 374, 496, 414, 1226, 154, 860, 531, 1465, 1345, 1662, 1284, 669, 1627, 1408, 36, 191, 1748, 7, 1498, 802, 325, 957, 208, 228, 1201, 950, 1318, 155, 948, 133, 920, 442, 225, 611, 1633, 796, 667, 1652, 1304, 1609, 1611, 527, 1427, 1354, 689, 930, 870, 925, 56, 1402, 100, 189, 1068, 1737, 322, 523, 247, 971, 1445, 55, 579, 1374, 1571, 1521, 890, 785, 58, 671, 1608, 1168, 1742, 899, 299, 778, 1542, 761, 566, 46, 1708, 1719, 351, 1392, 651, 1764, 811, 449, 922, 261, 1036, 694, 127, 1114, 707, 1487, 1852, 1802, 873, 174, 1865, 1710, 763, 164, 1632, 345, 539, 1141, 805, 919, 911, 184, 548, 1422, 1625, 1155, 399, 1795, 1845, 1889, 1565, 45, 603, 1444, 1517, 1823, 1246, 477, 64, 1164, 1411, 781, 8, 1635, 1583, 1200, 241, 151, 177, 333, 629, 1453, 293, 1760, 636, 1239, 1115, 727, 273, 1394, 1266, 1184, 1619, 1743, 313, 1904, 982, 1367, 153, 564, 1806, 331, 1862, 1848, 606, 1264, 57, 97, 1774, 1814, 1086, 1029, 393, 1488, 85, 1509, 1550, 725, 1638, 1846, 1342, 1728, 993, 421, 1781, 681, 473, 1604, 364, 1613, 679, 780, 1885, 581, 1130, 116, 823, 355, 736, 75, 398, 557, 1740, 1515, 1596, 1250, 641, 1683, 198, 1363, 589, 1223, 1209, 417, 209, 1810, 9, 535, 1500, 1881, 1208, 909, 0, 702, 1897, 598, 1189, 748, 675, 1691, 1152, 755, 4, 1416, 830, 439, 1222, 1340, 692, 1003, 34, 356, 170, 1761, 1657, 1578, 401, 795, 1507, 997, 644, 1166, 447, 518, 563, 336, 1820, 343, 597, 844, 1058, 497, 311, 1463, 754, 1218, 1191, 1148, 1612, 1022, 1344, 1776, 942, 906, 1409, 1098, 130, 1418, 1830, 190, 1303, 1749, 607, 825, 92, 677, 628, 326, 715, 949, 27, 1537, 1025, 1439, 1277, 396, 1270, 53, 558, 584, 616, 630, 1533, 532, 1113, 612, 1080, 173, 1090, 838, 17, 897, 1306, 1311, 1131, 388, 1118, 1528, 1426, 1257, 1460, 1714, 1407, 144, 1734, 258, 1731, 526, 367, 1834, 126, 1104, 638, 791, 265, 223, 461, 1457, 139, 456, 1905, 1663, 1412, 1568, 1763, 883, 1661, 1678, 493, 1606, 1813, 541, 1757, 276, 296, 1673, 222, 1707, 183, 257, 615, 1478, 742, 376, 810, 661, 365, 156, 1298, 1701, 1653, 202, 1334, 1197, 1482, 106, 323, 1448, 1558, 1179, 1854, 902, 1049, 297, 216, 1268, 277, 1336, 1393, 65, 1456, 1052, 5, 1735, 1495, 1175, 988, 117, 721, 1788, 315, 1819, 1305, 1794, 520, 543, 1214, 917, 731, 1091, 1147, 1070, 68, 892, 1486, 464, 783, 115, 1883, 1372, 752, 383, 1122, 582, 1039, 1213, 574, 1594, 1870, 1111, 1792, 706, 1674, 233, 1607, 691, 1417, 1071, 711, 1538, 252, 741, 1396, 1211, 1429, 1906, 513, 799, 1384, 1138, 1688, 1681, 1045, 961, 743, 1824, 619, 766, 1727, 147, 827, 1117, 1547, 1892, 39, 82, 1546, 963, 178, 658, 1592, 425, 484, 415, 1204, 1331, 1207, 561, 912, 451, 1548, 1494, 1210, 1676, 685, 1291, 793, 632, 1018], [1054, 207, 1715, 1233, 514, 238, 1377, 1677, 878, 1624, 1145, 1009, 469, 962, 1194, 93, 1556, 1851, 1569, 1089, 745, 423, 23, 821, 29, 1401, 789, 1791, 788, 1079, 1347, 503, 1199, 753, 848, 1294, 801, 682, 955, 112, 1188, 402, 1878, 1817, 1288, 1821, 1245, 1302, 1007, 1705, 271, 510, 1510, 327, 1127, 486, 1555, 1004, 1589, 1511, 1700, 1373, 1668, 341, 1489, 1790, 1492, 321, 659, 578, 303, 118, 960, 453, 160, 683, 1832, 434, 701, 928, 480, 1446, 1552, 704, 94, 1317, 1410, 394, 186, 771, 859, 1395, 1646, 1570, 1353, 714, 1297, 360, 1153, 1185, 1766, 1471, 1013, 1356, 1437, 78, 63, 1618, 537, 482, 3, 450, 1339, 490, 857, 251, 898, 916, 546, 1809, 1689, 1078, 1069, 1, 1035, 1534, 1158, 203, 1837, 1095, 1235, 295, 933, 1474, 1559, 240, 105, 419, 1751, 1061, 1896, 1162, 1508, 1195, 237, 509, 1875, 6, 1564, 1698, 1907, 20, 1023, 1157, 1724, 132, 1912, 108, 1839, 734, 413, 316, 1249, 1880, 430, 915, 952, 813, 1532, 1116, 1859, 137, 1703, 141, 1785, 1582, 643, 119, 12, 968, 1193, 408, 214, 601, 967, 803, 1551, 363, 424, 958, 1826, 196]]Using cache found in /Users/suraj/.cache/torch/hub/facebookresearch_dinov2_main

Resuming from epoch 65: /Users/suraj/Downloads/outputs/wall_single/checkpoints/model_latest.pth
num_action_repeat: 1
num_proprio_repeat: 1
proprio encoder: ProprioceptiveEmbedding(
  (patch_embed): Conv1d(2, 10, kernel_size=(1,), stride=(1,))
)
action encoder: ProprioceptiveEmbedding(
  (patch_embed): Conv1d(10, 10, kernel_size=(1,), stride=(1,))
)
proprio_dim: 10, after repeat: 10
action_dim: 10, after repeat: 10
emb_dim: 404
Model emb_dim:  404
eval_seed:  [7, 8, 9, 10, 11, 12]
Dumped plan targets to /Users/suraj/Desktop/EAI_DINO/results/wall_bitsweep_h9_mixed/mixed_e8_p4/opt_steps_2/seed_1/plan_targets.pkl
Success rate:  0.0
{'success': array([False, False, False, False, False, False]), 'state_dist': array([36.08469392, 21.4426316 , 37.68575984, 17.30030273, 22.77333171,
       28.34124886])}
Success rate:  0.0
{'success': array([False, False, False, False, False, False]), 'state_dist': array([26.25643579, 13.7997203 , 43.74241404, 21.0463523 ,  5.1042593 ,
       27.52774744])}
MPC iter 0 Eval ------- 
Success rate:  0.0
{'success': array([False, False, False, False, False, False]), 'state_dist': array([26.25643579, 13.7997203 , 43.74241404, 21.0463523 ,  5.1042593 ,
       27.52774744])}
self.is_success:  [False False False False False False]
Success rate:  0.16666666666666666
{'success': array([False, False, False, False,  True, False]), 'state_dist': array([24.11076224, 18.37863587, 38.07233272, 14.87280868,  3.03243601,
       30.36344261])}
Success rate:  0.16666666666666666
{'success': array([False, False, False, False,  True, False]), 'state_dist': array([24.14285131, 15.07043329, 28.73218854, 14.00734863,  3.41309869,
       30.03312933])}
MPC iter 1 Eval ------- 
Success rate:  0.16666666666666666
{'success': array([False, False, False, False,  True, False]), 'state_dist': array([24.14285131, 15.07043329, 28.73218854, 14.00734863,  3.41309869,
       30.03312933])}
self.is_success:  [False False False False  True False]
Success rate:  0.16666666666666666
{'success': array([False, False, False, False,  True, False]), 'state_dist': array([24.14285131, 15.07043329, 28.73218854, 14.00734863,  3.41309869,
       30.03312933])}
[ok] variant=mixed_e8_p4 opt_steps=2 seed=1 success=0.1667
Planning device: mps
Loading wall dataset...
Loaded 1920 rollouts
[[102, 33, 1056, 1591, 354, 245, 790, 1323, 142, 1745, 1588, 1473, 38, 1192, 735, 832, 547, 1186, 843, 660, 869, 83, 695, 1629, 179, 1658, 157, 1758, 1747, 250, 312, 1361, 1163, 1798, 275, 1099, 1787, 964, 1066, 609, 1666, 774, 181, 1502, 407, 668, 593, 1623, 1101, 565, 1350, 1572, 1094, 512, 148, 809, 263, 1853, 908, 927, 626, 569, 1730, 757, 1574, 1866, 1107, 1706, 391, 1255, 947, 828, 1720, 1057, 19, 1364, 1575, 1914, 1562, 1909, 534, 973, 538, 1017, 646, 285, 309, 1884, 1059, 552, 697, 1702, 145, 819, 649, 665, 169, 1051, 171, 1529, 1470, 291, 1371, 1240, 1641, 1746, 1443, 1307, 1801, 369, 1365, 525, 167, 1121, 1430, 874, 528, 1459, 1617, 770, 359, 923, 507, 884, 1616, 1314, 1149, 1379, 891, 1442, 1047, 1887, 248, 1767, 1620, 283, 392, 1290, 1650, 242, 1399, 807, 159, 204, 775, 1827, 500, 1352, 700, 1265, 1102, 149, 1440, 1258, 1738, 347, 690, 468, 1726, 1234, 1126, 868, 1501, 621, 585, 1523, 121, 1108, 846, 1167, 1405, 114, 474, 1406, 195, 1144, 586, 384, 1680, 298, 308, 529, 901, 475, 992, 1811, 1655, 914, 1598, 560, 1452, 385, 1032, 1895, 756, 1893, 485, 1293, 1876, 378, 206, 61, 1762, 1335, 1779, 1062, 111, 550, 1357, 284, 1074, 880, 592, 712, 1454, 1660, 1067, 946, 1011, 193, 1838, 1072, 1065, 1267, 1217, 591, 678, 792, 180, 1313, 69, 84, 1603, 1775, 201, 1415, 457, 1359, 400, 1759, 1081, 554, 471, 1841, 446, 1670, 688, 140, 1600, 871, 1093, 460, 1831, 818, 940, 1128, 614, 1000, 987, 1048, 72, 465, 804, 1804, 826, 1006, 1129, 270, 954, 86, 107, 1744, 751, 1143, 1554, 1750, 556, 1692, 664, 943, 907, 1713, 881, 1793, 849, 972, 264, 1431, 1040, 1391, 680, 1864, 724, 1549, 455, 600, 389, 1301, 1262, 1073, 1216, 613, 314, 15, 657, 896, 549, 575, 719, 545, 937, 1585, 165, 1252, 338, 970, 1366, 1247, 1024, 14, 855, 212, 887, 977, 1225, 776, 10, 1903, 1423, 596, 726, 431, 959, 1159, 1033, 1458, 1196, 1526, 317, 1358, 454, 1647, 976, 773, 1786, 1462, 488, 41, 571, 1464, 599, 979, 864, 18, 306, 1299, 797, 332, 1424, 1286, 66, 51, 1230, 1527, 1042, 762, 219, 487, 1026, 1282, 1285, 1503, 1597, 1573, 758, 999, 30, 1215, 1315, 1227, 387, 1867, 1421, 220, 932, 1829, 26, 1822, 290, 1088, 1902, 429, 463, 197, 1156, 1539, 1491, 1027, 1901, 733, 1879, 833, 278, 1251, 1899, 1642, 73, 272, 1019, 1084, 1346, 1803, 845, 568, 286, 76, 956, 1237, 48, 939, 1601, 481, 1187, 176, 1231, 1545, 1664, 1244, 87, 47, 194, 1586, 1316, 1125, 1649, 1077, 995, 1665, 1428, 1219, 1712, 1038, 542, 998, 70, 929, 1648, 476, 886, 1134, 1733, 854, 853, 1283, 1432, 1723, 1269, 281, 1174, 110, 1685, 1868, 777, 1522, 353, 798, 1773, 409, 768, 1273, 1490, 221, 1154, 1499, 71, 1637, 720, 1850, 1198, 1755, 1915, 716, 1900, 1835, 672, 319, 1536, 226, 1472, 1602, 969, 492, 428, 895, 814, 1133, 62, 656, 1722, 1621, 1142, 1087, 524, 1590, 1030, 650, 1451, 1913, 1259, 1917, 544, 377, 862, 1202, 1177, 1274, 1123, 617, 605, 1106, 1855, 422, 1769, 362, 1721, 1329, 1206, 1506, 135, 1320, 217, 120, 1120, 1836, 710, 717, 1799, 1557, 722, 1694, 405, 375, 1034, 260, 1496, 411, 1672, 28, 637, 373, 1808, 134, 1012, 536, 1752, 983, 1135, 1576, 483, 13, 404, 841, 1172, 1041, 1843, 161, 847, 1369, 1910, 1782, 1671, 1376, 1856, 498, 806, 635, 1212, 438, 835, 1849, 1109, 1349, 1043, 2, 466, 610, 1165, 885, 951, 344, 300, 1807, 1908, 287, 1877, 705, 1872, 1581, 985, 328, 708, 730, 350, 307, 146, 840, 1180, 494, 16, 555, 1368, 1780, 779, 1771, 1203, 1754, 744, 863, 1684, 639, 1919, 738, 938, 1053, 618, 91, 1886, 1028, 472, 1050, 138, 131, 89, 416, 991, 1254, 467, 227, 1765, 1634, 1789, 1622, 1205, 1874, 839, 1151, 654, 1182, 815, 470, 670, 150, 718, 352, 1579, 879, 443, 1690, 32, 435, 1383, 501, 882, 1085, 1176, 1382, 1171, 686, 1140, 1105, 800, 1516, 1485, 516, 1475, 1434, 1911, 889, 239, 652, 1535, 1639, 335, 1325, 1784, 765, 663, 1224, 448, 1815, 739, 1812, 1076, 747, 1467, 732, 1654, 1828, 502, 1319, 1425, 1160, 1468, 368, 1732, 1248, 143, 808, 674, 713, 129, 1599, 288, 1005, 1643, 1729, 1918, 1064, 279, 1741, 406, 867, 729, 604, 1220, 750, 304, 936, 215, 1626, 1778, 1031, 1756, 305, 1699, 412, 1387, 1640, 210, 188, 253, 645, 1279, 349, 1898, 262, 1082, 213, 255, 1514, 1375, 576, 698, 986, 1119, 508, 1753, 104, 1296, 1380, 128, 163, 693, 1524, 924, 842, 812, 1348, 199, 1386, 1628, 1435, 1772, 817, 931, 334, 1360, 390, 1413, 1783, 944, 905, 1271, 1132, 1857, 35, 340, 1461, 506, 1150, 1455, 594, 1020, 1178, 1770, 1389, 1276, 1355, 1228, 990, 1480, 1100, 1326, 282, 1321, 852, 200, 1146, 1253, 49, 1682, 1221, 1840, 1525, 1037, 1170, 1800, 648, 1243, 266, 926, 782, 1667, 984, 570, 1289, 1860, 893, 1630, 479, 339, 246, 866, 1631, 211, 684, 60, 125, 1513, 836, 43, 1450, 515, 1256, 244, 1063, 1693, 913, 966, 54, 432, 1869, 254, 1916, 577, 1096, 540, 1075, 1261, 1871, 1587, 381, 634, 205, 269, 489, 1890, 37, 746, 386, 551, 1414, 953, 1403, 709, 622, 1497, 1561, 1324, 158, 624, 426, 1466, 44, 267, 994, 318, 1398, 397, 95, 786, 81, 1332, 837, 289, 865, 965, 67, 1696, 816, 1044, 820, 229, 1400, 1362, 491, 1139, 1873, 1338, 559, 1016, 1021, 1436, 1002, 1797, 40, 224, 1615, 1385, 941, 1308, 978, 794, 231, 834, 1675, 1736, 31, 1181, 562, 831, 1272, 767, 372, 1825, 1669, 760, 380, 1343, 42, 1351, 1337, 1441, 268, 1644, 1015, 52, 1469, 1861, 1481, 22, 1605, 361, 1381, 410, 1333, 975, 1046, 1595, 348, 1768, 366, 1281, 772, 974, 495, 358, 590, 187, 631, 1695, 687, 1328, 572, 588, 1805, 620, 1577, 1449, 1433, 1659, 320, 418, 346, 602, 573, 1709, 1300, 113, 427, 1891, 1341, 236, 1001, 370, 723, 1092, 1560, 379, 662, 79, 850, 1704, 824, 627, 436, 666, 1103, 653, 945, 1370, 1232, 587, 234, 103, 1858, 934, 1420, 123, 1818, 1310, 499, 1739, 1493, 1847, 1553, 740, 124, 1260, 1378, 1842, 1777, 1816, 1543, 749, 608, 1563, 996, 25, 101, 90, 459, 337, 122, 580, 829, 533, 292, 452, 1614, 1183, 1322, 1278, 521, 1136, 1190, 96, 259, 1645, 1008, 1888, 342, 445, 1504, 162, 382, 1894, 784, 1404, 1531, 1312, 444, 1097, 1447, 1280, 872, 168, 50, 1687, 1593, 1610, 98, 1242, 769, 642, 1309, 888, 433, 302, 1263, 1169, 1656, 1295, 243, 921, 1438, 1161, 877, 640, 1541, 24, 703, 980, 1173, 935, 1519, 440, 1512, 1137, 822, 1014, 310, 511, 583, 1518, 458, 274, 109, 856, 522, 11, 462, 1236, 232, 633, 1567, 1241, 989, 1725, 280, 875, 1083, 1833, 324, 1566, 249, 172, 696, 1505, 1010, 1477, 1327, 910, 861, 88, 99, 357, 437, 80, 1292, 764, 175, 395, 1716, 699, 1483, 1717, 673, 623, 1697, 1479, 1060, 1651, 553, 981, 218, 1110, 185, 77, 900, 371, 904, 1390, 21, 1882, 595, 1718, 1476, 152, 420, 918, 192, 1679, 1484, 1863, 787, 567, 851, 441, 530, 517, 1419, 1388, 329, 301, 1330, 876, 478, 1530, 676, 1844, 403, 74, 647, 728, 230, 519, 256, 737, 235, 1796, 182, 858, 504, 1287, 1124, 1229, 294, 625, 894, 759, 1544, 330, 1711, 505, 903, 1055, 1238, 1397, 1686, 136, 1275, 1580, 1584, 59, 1112, 1636, 166, 655, 1520, 1540, 374, 496, 414, 1226, 154, 860, 531, 1465, 1345, 1662, 1284, 669, 1627, 1408, 36, 191, 1748, 7, 1498, 802, 325, 957, 208, 228, 1201, 950, 1318, 155, 948, 133, 920, 442, 225, 611, 1633, 796, 667, 1652, 1304, 1609, 1611, 527, 1427, 1354, 689, 930, 870, 925, 56, 1402, 100, 189, 1068, 1737, 322, 523, 247, 971, 1445, 55, 579, 1374, 1571, 1521, 890, 785, 58, 671, 1608, 1168, 1742, 899, 299, 778, 1542, 761, 566, 46, 1708, 1719, 351, 1392, 651, 1764, 811, 449, 922, 261, 1036, 694, 127, 1114, 707, 1487, 1852, 1802, 873, 174, 1865, 1710, 763, 164, 1632, 345, 539, 1141, 805, 919, 911, 184, 548, 1422, 1625, 1155, 399, 1795, 1845, 1889, 1565, 45, 603, 1444, 1517, 1823, 1246, 477, 64, 1164, 1411, 781, 8, 1635, 1583, 1200, 241, 151, 177, 333, 629, 1453, 293, 1760, 636, 1239, 1115, 727, 273, 1394, 1266, 1184, 1619, 1743, 313, 1904, 982, 1367, 153, 564, 1806, 331, 1862, 1848, 606, 1264, 57, 97, 1774, 1814, 1086, 1029, 393, 1488, 85, 1509, 1550, 725, 1638, 1846, 1342, 1728, 993, 421, 1781, 681, 473, 1604, 364, 1613, 679, 780, 1885, 581, 1130, 116, 823, 355, 736, 75, 398, 557, 1740, 1515, 1596, 1250, 641, 1683, 198, 1363, 589, 1223, 1209, 417, 209, 1810, 9, 535, 1500, 1881, 1208, 909, 0, 702, 1897, 598, 1189, 748, 675, 1691, 1152, 755, 4, 1416, 830, 439, 1222, 1340, 692, 1003, 34, 356, 170, 1761, 1657, 1578, 401, 795, 1507, 997, 644, 1166, 447, 518, 563, 336, 1820, 343, 597, 844, 1058, 497, 311, 1463, 754, 1218, 1191, 1148, 1612, 1022, 1344, 1776, 942, 906, 1409, 1098, 130, 1418, 1830, 190, 1303, 1749, 607, 825, 92, 677, 628, 326, 715, 949, 27, 1537, 1025, 1439, 1277, 396, 1270, 53, 558, 584, 616, 630, 1533, 532, 1113, 612, 1080, 173, 1090, 838, 17, 897, 1306, 1311, 1131, 388, 1118, 1528, 1426, 1257, 1460, 1714, 1407, 144, 1734, 258, 1731, 526, 367, 1834, 126, 1104, 638, 791, 265, 223, 461, 1457, 139, 456, 1905, 1663, 1412, 1568, 1763, 883, 1661, 1678, 493, 1606, 1813, 541, 1757, 276, 296, 1673, 222, 1707, 183, 257, 615, 1478, 742, 376, 810, 661, 365, 156, 1298, 1701, 1653, 202, 1334, 1197, 1482, 106, 323, 1448, 1558, 1179, 1854, 902, 1049, 297, 216, 1268, 277, 1336, 1393, 65, 1456, 1052, 5, 1735, 1495, 1175, 988, 117, 721, 1788, 315, 1819, 1305, 1794, 520, 543, 1214, 917, 731, 1091, 1147, 1070, 68, 892, 1486, 464, 783, 115, 1883, 1372, 752, 383, 1122, 582, 1039, 1213, 574, 1594, 1870, 1111, 1792, 706, 1674, 233, 1607, 691, 1417, 1071, 711, 1538, 252, 741, 1396, 1211, 1429, 1906, 513, 799, 1384, 1138, 1688, 1681, 1045, 961, 743, 1824, 619, 766, 1727, 147, 827, 1117, 1547, 1892, 39, 82, 1546, 963, 178, 658, 1592, 425, 484, 415, 1204, 1331, 1207, 561, 912, 451, 1548, 1494, 1210, 1676, 685, 1291, 793, 632, 1018], [1054, 207, 1715, 1233, 514, 238, 1377, 1677, 878, 1624, 1145, 1009, 469, 962, 1194, 93, 1556, 1851, 1569, 1089, 745, 423, 23, 821, 29, 1401, 789, 1791, 788, 1079, 1347, 503, 1199, 753, 848, 1294, 801, 682, 955, 112, 1188, 402, 1878, 1817, 1288, 1821, 1245, 1302, 1007, 1705, 271, 510, 1510, 327, 1127, 486, 1555, 1004, 1589, 1511, 1700, 1373, 1668, 341, 1489, 1790, 1492, 321, 659, 578, 303, 118, 960, 453, 160, 683, 1832, 434, 701, 928, 480, 1446, 1552, 704, 94, 1317, 1410, 394, 186, 771, 859, 1395, 1646, 1570, 1353, 714, 1297, 360, 1153, 1185, 1766, 1471, 1013, 1356, 1437, 78, 63, 1618, 537, 482, 3, 450, 1339, 490, 857, 251, 898, 916, 546, 1809, 1689, 1078, 1069, 1, 1035, 1534, 1158, 203, 1837, 1095, 1235, 295, 933, 1474, 1559, 240, 105, 419, 1751, 1061, 1896, 1162, 1508, 1195, 237, 509, 1875, 6, 1564, 1698, 1907, 20, 1023, 1157, 1724, 132, 1912, 108, 1839, 734, 413, 316, 1249, 1880, 430, 915, 952, 813, 1532, 1116, 1859, 137, 1703, 141, 1785, 1582, 643, 119, 12, 968, 1193, 408, 214, 601, 967, 803, 1551, 363, 424, 958, 1826, 196]]Using cache found in /Users/suraj/.cache/torch/hub/facebookresearch_dinov2_main

Resuming from epoch 65: /Users/suraj/Downloads/outputs/wall_single/checkpoints/model_latest.pth
num_action_repeat: 1
num_proprio_repeat: 1
proprio encoder: ProprioceptiveEmbedding(
  (patch_embed): Conv1d(2, 10, kernel_size=(1,), stride=(1,))
)
action encoder: ProprioceptiveEmbedding(
  (patch_embed): Conv1d(10, 10, kernel_size=(1,), stride=(1,))
)
proprio_dim: 10, after repeat: 10
action_dim: 10, after repeat: 10
emb_dim: 404
Model emb_dim:  404
eval_seed:  [7, 8, 9, 10, 11, 12]
Dumped plan targets to /Users/suraj/Desktop/EAI_DINO/results/wall_bitsweep_h9_mixed/mixed_e8_p3/opt_steps_2/seed_1/plan_targets.pkl
Success rate:  0.0
{'success': array([False, False, False, False, False, False]), 'state_dist': array([46.25308861, 30.73527578, 42.91414402, 23.05768258, 34.51843978,
       39.70454988])}
Success rate:  0.0
{'success': array([False, False, False, False, False, False]), 'state_dist': array([46.83851801, 25.54356557, 43.19188526, 25.50339222, 35.91005659,
       38.28654156])}
MPC iter 0 Eval ------- 
Success rate:  0.0
{'success': array([False, False, False, False, False, False]), 'state_dist': array([46.83851801, 25.54356557, 43.19188526, 25.50339222, 35.91005659,
       38.28654156])}
self.is_success:  [False False False False False False]
Success rate:  0.0
{'success': array([False, False, False, False, False, False]), 'state_dist': array([47.49216599, 20.26436056, 45.15274612, 26.61784028, 35.94026716,
       37.19459435])}
Success rate:  0.0
{'success': array([False, False, False, False, False, False]), 'state_dist': array([41.30430967, 17.0579409 , 45.15134323, 25.44804733, 36.51435627,
       36.43024924])}
MPC iter 1 Eval ------- 
Success rate:  0.0
{'success': array([False, False, False, False, False, False]), 'state_dist': array([41.30430967, 17.0579409 , 45.15134323, 25.44804733, 36.51435627,
       36.43024924])}
self.is_success:  [False False False False False False]
Success rate:  0.0
{'success': array([False, False, False, False, False, False]), 'state_dist': array([41.30430967, 17.0579409 , 45.15134323, 25.44804733, 36.51435627,
       36.43024924])}
[ok] variant=mixed_e8_p3 opt_steps=2 seed=1 success=0.0000
Planning device: mps
Loading wall dataset...
Loaded 1920 rollouts
[[102, 33, 1056, 1591, 354, 245, 790, 1323, 142, 1745, 1588, 1473, 38, 1192, 735, 832, 547, 1186, 843, 660, 869, 83, 695, 1629, 179, 1658, 157, 1758, 1747, 250, 312, 1361, 1163, 1798, 275, 1099, 1787, 964, 1066, 609, 1666, 774, 181, 1502, 407, 668, 593, 1623, 1101, 565, 1350, 1572, 1094, 512, 148, 809, 263, 1853, 908, 927, 626, 569, 1730, 757, 1574, 1866, 1107, 1706, 391, 1255, 947, 828, 1720, 1057, 19, 1364, 1575, 1914, 1562, 1909, 534, 973, 538, 1017, 646, 285, 309, 1884, 1059, 552, 697, 1702, 145, 819, 649, 665, 169, 1051, 171, 1529, 1470, 291, 1371, 1240, 1641, 1746, 1443, 1307, 1801, 369, 1365, 525, 167, 1121, 1430, 874, 528, 1459, 1617, 770, 359, 923, 507, 884, 1616, 1314, 1149, 1379, 891, 1442, 1047, 1887, 248, 1767, 1620, 283, 392, 1290, 1650, 242, 1399, 807, 159, 204, 775, 1827, 500, 1352, 700, 1265, 1102, 149, 1440, 1258, 1738, 347, 690, 468, 1726, 1234, 1126, 868, 1501, 621, 585, 1523, 121, 1108, 846, 1167, 1405, 114, 474, 1406, 195, 1144, 586, 384, 1680, 298, 308, 529, 901, 475, 992, 1811, 1655, 914, 1598, 560, 1452, 385, 1032, 1895, 756, 1893, 485, 1293, 1876, 378, 206, 61, 1762, 1335, 1779, 1062, 111, 550, 1357, 284, 1074, 880, 592, 712, 1454, 1660, 1067, 946, 1011, 193, 1838, 1072, 1065, 1267, 1217, 591, 678, 792, 180, 1313, 69, 84, 1603, 1775, 201, 1415, 457, 1359, 400, 1759, 1081, 554, 471, 1841, 446, 1670, 688, 140, 1600, 871, 1093, 460, 1831, 818, 940, 1128, 614, 1000, 987, 1048, 72, 465, 804, 1804, 826, 1006, 1129, 270, 954, 86, 107, 1744, 751, 1143, 1554, 1750, 556, 1692, 664, 943, 907, 1713, 881, 1793, 849, 972, 264, 1431, 1040, 1391, 680, 1864, 724, 1549, 455, 600, 389, 1301, 1262, 1073, 1216, 613, 314, 15, 657, 896, 549, 575, 719, 545, 937, 1585, 165, 1252, 338, 970, 1366, 1247, 1024, 14, 855, 212, 887, 977, 1225, 776, 10, 1903, 1423, 596, 726, 431, 959, 1159, 1033, 1458, 1196, 1526, 317, 1358, 454, 1647, 976, 773, 1786, 1462, 488, 41, 571, 1464, 599, 979, 864, 18, 306, 1299, 797, 332, 1424, 1286, 66, 51, 1230, 1527, 1042, 762, 219, 487, 1026, 1282, 1285, 1503, 1597, 1573, 758, 999, 30, 1215, 1315, 1227, 387, 1867, 1421, 220, 932, 1829, 26, 1822, 290, 1088, 1902, 429, 463, 197, 1156, 1539, 1491, 1027, 1901, 733, 1879, 833, 278, 1251, 1899, 1642, 73, 272, 1019, 1084, 1346, 1803, 845, 568, 286, 76, 956, 1237, 48, 939, 1601, 481, 1187, 176, 1231, 1545, 1664, 1244, 87, 47, 194, 1586, 1316, 1125, 1649, 1077, 995, 1665, 1428, 1219, 1712, 1038, 542, 998, 70, 929, 1648, 476, 886, 1134, 1733, 854, 853, 1283, 1432, 1723, 1269, 281, 1174, 110, 1685, 1868, 777, 1522, 353, 798, 1773, 409, 768, 1273, 1490, 221, 1154, 1499, 71, 1637, 720, 1850, 1198, 1755, 1915, 716, 1900, 1835, 672, 319, 1536, 226, 1472, 1602, 969, 492, 428, 895, 814, 1133, 62, 656, 1722, 1621, 1142, 1087, 524, 1590, 1030, 650, 1451, 1913, 1259, 1917, 544, 377, 862, 1202, 1177, 1274, 1123, 617, 605, 1106, 1855, 422, 1769, 362, 1721, 1329, 1206, 1506, 135, 1320, 217, 120, 1120, 1836, 710, 717, 1799, 1557, 722, 1694, 405, 375, 1034, 260, 1496, 411, 1672, 28, 637, 373, 1808, 134, 1012, 536, 1752, 983, 1135, 1576, 483, 13, 404, 841, 1172, 1041, 1843, 161, 847, 1369, 1910, 1782, 1671, 1376, 1856, 498, 806, 635, 1212, 438, 835, 1849, 1109, 1349, 1043, 2, 466, 610, 1165, 885, 951, 344, 300, 1807, 1908, 287, 1877, 705, 1872, 1581, 985, 328, 708, 730, 350, 307, 146, 840, 1180, 494, 16, 555, 1368, 1780, 779, 1771, 1203, 1754, 744, 863, 1684, 639, 1919, 738, 938, 1053, 618, 91, 1886, 1028, 472, 1050, 138, 131, 89, 416, 991, 1254, 467, 227, 1765, 1634, 1789, 1622, 1205, 1874, 839, 1151, 654, 1182, 815, 470, 670, 150, 718, 352, 1579, 879, 443, 1690, 32, 435, 1383, 501, 882, 1085, 1176, 1382, 1171, 686, 1140, 1105, 800, 1516, 1485, 516, 1475, 1434, 1911, 889, 239, 652, 1535, 1639, 335, 1325, 1784, 765, 663, 1224, 448, 1815, 739, 1812, 1076, 747, 1467, 732, 1654, 1828, 502, 1319, 1425, 1160, 1468, 368, 1732, 1248, 143, 808, 674, 713, 129, 1599, 288, 1005, 1643, 1729, 1918, 1064, 279, 1741, 406, 867, 729, 604, 1220, 750, 304, 936, 215, 1626, 1778, 1031, 1756, 305, 1699, 412, 1387, 1640, 210, 188, 253, 645, 1279, 349, 1898, 262, 1082, 213, 255, 1514, 1375, 576, 698, 986, 1119, 508, 1753, 104, 1296, 1380, 128, 163, 693, 1524, 924, 842, 812, 1348, 199, 1386, 1628, 1435, 1772, 817, 931, 334, 1360, 390, 1413, 1783, 944, 905, 1271, 1132, 1857, 35, 340, 1461, 506, 1150, 1455, 594, 1020, 1178, 1770, 1389, 1276, 1355, 1228, 990, 1480, 1100, 1326, 282, 1321, 852, 200, 1146, 1253, 49, 1682, 1221, 1840, 1525, 1037, 1170, 1800, 648, 1243, 266, 926, 782, 1667, 984, 570, 1289, 1860, 893, 1630, 479, 339, 246, 866, 1631, 211, 684, 60, 125, 1513, 836, 43, 1450, 515, 1256, 244, 1063, 1693, 913, 966, 54, 432, 1869, 254, 1916, 577, 1096, 540, 1075, 1261, 1871, 1587, 381, 634, 205, 269, 489, 1890, 37, 746, 386, 551, 1414, 953, 1403, 709, 622, 1497, 1561, 1324, 158, 624, 426, 1466, 44, 267, 994, 318, 1398, 397, 95, 786, 81, 1332, 837, 289, 865, 965, 67, 1696, 816, 1044, 820, 229, 1400, 1362, 491, 1139, 1873, 1338, 559, 1016, 1021, 1436, 1002, 1797, 40, 224, 1615, 1385, 941, 1308, 978, 794, 231, 834, 1675, 1736, 31, 1181, 562, 831, 1272, 767, 372, 1825, 1669, 760, 380, 1343, 42, 1351, 1337, 1441, 268, 1644, 1015, 52, 1469, 1861, 1481, 22, 1605, 361, 1381, 410, 1333, 975, 1046, 1595, 348, 1768, 366, 1281, 772, 974, 495, 358, 590, 187, 631, 1695, 687, 1328, 572, 588, 1805, 620, 1577, 1449, 1433, 1659, 320, 418, 346, 602, 573, 1709, 1300, 113, 427, 1891, 1341, 236, 1001, 370, 723, 1092, 1560, 379, 662, 79, 850, 1704, 824, 627, 436, 666, 1103, 653, 945, 1370, 1232, 587, 234, 103, 1858, 934, 1420, 123, 1818, 1310, 499, 1739, 1493, 1847, 1553, 740, 124, 1260, 1378, 1842, 1777, 1816, 1543, 749, 608, 1563, 996, 25, 101, 90, 459, 337, 122, 580, 829, 533, 292, 452, 1614, 1183, 1322, 1278, 521, 1136, 1190, 96, 259, 1645, 1008, 1888, 342, 445, 1504, 162, 382, 1894, 784, 1404, 1531, 1312, 444, 1097, 1447, 1280, 872, 168, 50, 1687, 1593, 1610, 98, 1242, 769, 642, 1309, 888, 433, 302, 1263, 1169, 1656, 1295, 243, 921, 1438, 1161, 877, 640, 1541, 24, 703, 980, 1173, 935, 1519, 440, 1512, 1137, 822, 1014, 310, 511, 583, 1518, 458, 274, 109, 856, 522, 11, 462, 1236, 232, 633, 1567, 1241, 989, 1725, 280, 875, 1083, 1833, 324, 1566, 249, 172, 696, 1505, 1010, 1477, 1327, 910, 861, 88, 99, 357, 437, 80, 1292, 764, 175, 395, 1716, 699, 1483, 1717, 673, 623, 1697, 1479, 1060, 1651, 553, 981, 218, 1110, 185, 77, 900, 371, 904, 1390, 21, 1882, 595, 1718, 1476, 152, 420, 918, 192, 1679, 1484, 1863, 787, 567, 851, 441, 530, 517, 1419, 1388, 329, 301, 1330, 876, 478, 1530, 676, 1844, 403, 74, 647, 728, 230, 519, 256, 737, 235, 1796, 182, 858, 504, 1287, 1124, 1229, 294, 625, 894, 759, 1544, 330, 1711, 505, 903, 1055, 1238, 1397, 1686, 136, 1275, 1580, 1584, 59, 1112, 1636, 166, 655, 1520, 1540, 374, 496, 414, 1226, 154, 860, 531, 1465, 1345, 1662, 1284, 669, 1627, 1408, 36, 191, 1748, 7, 1498, 802, 325, 957, 208, 228, 1201, 950, 1318, 155, 948, 133, 920, 442, 225, 611, 1633, 796, 667, 1652, 1304, 1609, 1611, 527, 1427, 1354, 689, 930, 870, 925, 56, 1402, 100, 189, 1068, 1737, 322, 523, 247, 971, 1445, 55, 579, 1374, 1571, 1521, 890, 785, 58, 671, 1608, 1168, 1742, 899, 299, 778, 1542, 761, 566, 46, 1708, 1719, 351, 1392, 651, 1764, 811, 449, 922, 261, 1036, 694, 127, 1114, 707, 1487, 1852, 1802, 873, 174, 1865, 1710, 763, 164, 1632, 345, 539, 1141, 805, 919, 911, 184, 548, 1422, 1625, 1155, 399, 1795, 1845, 1889, 1565, 45, 603, 1444, 1517, 1823, 1246, 477, 64, 1164, 1411, 781, 8, 1635, 1583, 1200, 241, 151, 177, 333, 629, 1453, 293, 1760, 636, 1239, 1115, 727, 273, 1394, 1266, 1184, 1619, 1743, 313, 1904, 982, 1367, 153, 564, 1806, 331, 1862, 1848, 606, 1264, 57, 97, 1774, 1814, 1086, 1029, 393, 1488, 85, 1509, 1550, 725, 1638, 1846, 1342, 1728, 993, 421, 1781, 681, 473, 1604, 364, 1613, 679, 780, 1885, 581, 1130, 116, 823, 355, 736, 75, 398, 557, 1740, 1515, 1596, 1250, 641, 1683, 198, 1363, 589, 1223, 1209, 417, 209, 1810, 9, 535, 1500, 1881, 1208, 909, 0, 702, 1897, 598, 1189, 748, 675, 1691, 1152, 755, 4, 1416, 830, 439, 1222, 1340, 692, 1003, 34, 356, 170, 1761, 1657, 1578, 401, 795, 1507, 997, 644, 1166, 447, 518, 563, 336, 1820, 343, 597, 844, 1058, 497, 311, 1463, 754, 1218, 1191, 1148, 1612, 1022, 1344, 1776, 942, 906, 1409, 1098, 130, 1418, 1830, 190, 1303, 1749, 607, 825, 92, 677, 628, 326, 715, 949, 27, 1537, 1025, 1439, 1277, 396, 1270, 53, 558, 584, 616, 630, 1533, 532, 1113, 612, 1080, 173, 1090, 838, 17, 897, 1306, 1311, 1131, 388, 1118, 1528, 1426, 1257, 1460, 1714, 1407, 144, 1734, 258, 1731, 526, 367, 1834, 126, 1104, 638, 791, 265, 223, 461, 1457, 139, 456, 1905, 1663, 1412, 1568, 1763, 883, 1661, 1678, 493, 1606, 1813, 541, 1757, 276, 296, 1673, 222, 1707, 183, 257, 615, 1478, 742, 376, 810, 661, 365, 156, 1298, 1701, 1653, 202, 1334, 1197, 1482, 106, 323, 1448, 1558, 1179, 1854, 902, 1049, 297, 216, 1268, 277, 1336, 1393, 65, 1456, 1052, 5, 1735, 1495, 1175, 988, 117, 721, 1788, 315, 1819, 1305, 1794, 520, 543, 1214, 917, 731, 1091, 1147, 1070, 68, 892, 1486, 464, 783, 115, 1883, 1372, 752, 383, 1122, 582, 1039, 1213, 574, 1594, 1870, 1111, 1792, 706, 1674, 233, 1607, 691, 1417, 1071, 711, 1538, 252, 741, 1396, 1211, 1429, 1906, 513, 799, 1384, 1138, 1688, 1681, 1045, 961, 743, 1824, 619, 766, 1727, 147, 827, 1117, 1547, 1892, 39, 82, 1546, 963, 178, 658, 1592, 425, 484, 415, 1204, 1331, 1207, 561, 912, 451, 1548, 1494, 1210, 1676, 685, 1291, 793, 632, 1018], [1054, 207, 1715, 1233, 514, 238, 1377, 1677, 878, 1624, 1145, 1009, 469, 962, 1194, 93, 1556, 1851, 1569, 1089, 745, 423, 23, 821, 29, 1401, 789, 1791, 788, 1079, 1347, 503, 1199, 753, 848, 1294, 801, 682, 955, 112, 1188, 402, 1878, 1817, 1288, 1821, 1245, 1302, 1007, 1705, 271, 510, 1510, 327, 1127, 486, 1555, 1004, 1589, 1511, 1700, 1373, 1668, 341, 1489, 1790, 1492, 321, 659, 578, 303, 118, 960, 453, 160, 683, 1832, 434, 701, 928, 480, 1446, 1552, 704, 94, 1317, 1410, 394, 186, 771, 859, 1395, 1646, 1570, 1353, 714, 1297, 360, 1153, 1185, 1766, 1471, 1013, 1356, 1437, 78, 63, 1618, 537, 482, 3, 450, 1339, 490, 857, 251, 898, 916, 546, 1809, 1689, 1078, 1069, 1, 1035, 1534, 1158, 203, 1837, 1095, 1235, 295, 933, 1474, 1559, 240, 105, 419, 1751, 1061, 1896, 1162, 1508, 1195, 237, 509, 1875, 6, 1564, 1698, 1907, 20, 1023, 1157, 1724, 132, 1912, 108, 1839, 734, 413, 316, 1249, 1880, 430, 915, 952, 813, 1532, 1116, 1859, 137, 1703, 141, 1785, 1582, 643, 119, 12, 968, 1193, 408, 214, 601, 967, 803, 1551, 363, 424, 958, 1826, 196]]Using cache found in /Users/suraj/.cache/torch/hub/facebookresearch_dinov2_main

Resuming from epoch 65: /Users/suraj/Downloads/outputs/wall_single/checkpoints/model_latest.pth
num_action_repeat: 1
num_proprio_repeat: 1
proprio encoder: ProprioceptiveEmbedding(
  (patch_embed): Conv1d(2, 10, kernel_size=(1,), stride=(1,))
)
action encoder: ProprioceptiveEmbedding(
  (patch_embed): Conv1d(10, 10, kernel_size=(1,), stride=(1,))
)
proprio_dim: 10, after repeat: 10
action_dim: 10, after repeat: 10
emb_dim: 404
Model emb_dim:  404
eval_seed:  [7, 8, 9, 10, 11, 12]
Dumped plan targets to /Users/suraj/Desktop/EAI_DINO/results/wall_bitsweep_h9_mixed/mixed_e4_p3/opt_steps_2/seed_1/plan_targets.pkl
Success rate:  0.0
{'success': array([False, False, False, False, False, False]), 'state_dist': array([45.33927665, 40.2430234 , 52.14313838, 16.23483279, 33.11698754,
       49.03667974])}
Success rate:  0.0
{'success': array([False, False, False, False, False, False]), 'state_dist': array([43.13483868, 41.7969162 , 56.44944776, 19.3376951 , 37.22122443,
       50.37747727])}
MPC iter 0 Eval ------- 
Success rate:  0.0
{'success': array([False, False, False, False, False, False]), 'state_dist': array([43.13483868, 41.7969162 , 56.44944776, 19.3376951 , 37.22122443,
       50.37747727])}
self.is_success:  [False False False False False False]
Success rate:  0.0
{'success': array([False, False, False, False, False, False]), 'state_dist': array([45.6710804 , 42.88015389, 59.41754877, 23.97903271, 42.14209742,
       49.79516872])}
Success rate:  0.0
{'success': array([False, False, False, False, False, False]), 'state_dist': array([47.16006669, 42.61585655, 60.200161  , 29.8004937 , 44.88833093,
       49.75550498])}
MPC iter 1 Eval ------- 
Success rate:  0.0
{'success': array([False, False, False, False, False, False]), 'state_dist': array([47.16006669, 42.61585655, 60.200161  , 29.8004937 , 44.88833093,
       49.75550498])}
self.is_success:  [False False False False False False]
Success rate:  0.0
{'success': array([False, False, False, False, False, False]), 'state_dist': array([47.16006669, 42.61585655, 60.200161  , 29.8004937 , 44.88833093,
       49.75550498])}
[ok] variant=mixed_e4_p3 opt_steps=2 seed=1 success=0.0000
Planning device: mps
Loading wall dataset...
Loaded 1920 rollouts
[[102, 33, 1056, 1591, 354, 245, 790, 1323, 142, 1745, 1588, 1473, 38, 1192, 735, 832, 547, 1186, 843, 660, 869, 83, 695, 1629, 179, 1658, 157, 1758, 1747, 250, 312, 1361, 1163, 1798, 275, 1099, 1787, 964, 1066, 609, 1666, 774, 181, 1502, 407, 668, 593, 1623, 1101, 565, 1350, 1572, 1094, 512, 148, 809, 263, 1853, 908, 927, 626, 569, 1730, 757, 1574, 1866, 1107, 1706, 391, 1255, 947, 828, 1720, 1057, 19, 1364, 1575, 1914, 1562, 1909, 534, 973, 538, 1017, 646, 285, 309, 1884, 1059, 552, 697, 1702, 145, 819, 649, 665, 169, 1051, 171, 1529, 1470, 291, 1371, 1240, 1641, 1746, 1443, 1307, 1801, 369, 1365, 525, 167, 1121, 1430, 874, 528, 1459, 1617, 770, 359, 923, 507, 884, 1616, 1314, 1149, 1379, 891, 1442, 1047, 1887, 248, 1767, 1620, 283, 392, 1290, 1650, 242, 1399, 807, 159, 204, 775, 1827, 500, 1352, 700, 1265, 1102, 149, 1440, 1258, 1738, 347, 690, 468, 1726, 1234, 1126, 868, 1501, 621, 585, 1523, 121, 1108, 846, 1167, 1405, 114, 474, 1406, 195, 1144, 586, 384, 1680, 298, 308, 529, 901, 475, 992, 1811, 1655, 914, 1598, 560, 1452, 385, 1032, 1895, 756, 1893, 485, 1293, 1876, 378, 206, 61, 1762, 1335, 1779, 1062, 111, 550, 1357, 284, 1074, 880, 592, 712, 1454, 1660, 1067, 946, 1011, 193, 1838, 1072, 1065, 1267, 1217, 591, 678, 792, 180, 1313, 69, 84, 1603, 1775, 201, 1415, 457, 1359, 400, 1759, 1081, 554, 471, 1841, 446, 1670, 688, 140, 1600, 871, 1093, 460, 1831, 818, 940, 1128, 614, 1000, 987, 1048, 72, 465, 804, 1804, 826, 1006, 1129, 270, 954, 86, 107, 1744, 751, 1143, 1554, 1750, 556, 1692, 664, 943, 907, 1713, 881, 1793, 849, 972, 264, 1431, 1040, 1391, 680, 1864, 724, 1549, 455, 600, 389, 1301, 1262, 1073, 1216, 613, 314, 15, 657, 896, 549, 575, 719, 545, 937, 1585, 165, 1252, 338, 970, 1366, 1247, 1024, 14, 855, 212, 887, 977, 1225, 776, 10, 1903, 1423, 596, 726, 431, 959, 1159, 1033, 1458, 1196, 1526, 317, 1358, 454, 1647, 976, 773, 1786, 1462, 488, 41, 571, 1464, 599, 979, 864, 18, 306, 1299, 797, 332, 1424, 1286, 66, 51, 1230, 1527, 1042, 762, 219, 487, 1026, 1282, 1285, 1503, 1597, 1573, 758, 999, 30, 1215, 1315, 1227, 387, 1867, 1421, 220, 932, 1829, 26, 1822, 290, 1088, 1902, 429, 463, 197, 1156, 1539, 1491, 1027, 1901, 733, 1879, 833, 278, 1251, 1899, 1642, 73, 272, 1019, 1084, 1346, 1803, 845, 568, 286, 76, 956, 1237, 48, 939, 1601, 481, 1187, 176, 1231, 1545, 1664, 1244, 87, 47, 194, 1586, 1316, 1125, 1649, 1077, 995, 1665, 1428, 1219, 1712, 1038, 542, 998, 70, 929, 1648, 476, 886, 1134, 1733, 854, 853, 1283, 1432, 1723, 1269, 281, 1174, 110, 1685, 1868, 777, 1522, 353, 798, 1773, 409, 768, 1273, 1490, 221, 1154, 1499, 71, 1637, 720, 1850, 1198, 1755, 1915, 716, 1900, 1835, 672, 319, 1536, 226, 1472, 1602, 969, 492, 428, 895, 814, 1133, 62, 656, 1722, 1621, 1142, 1087, 524, 1590, 1030, 650, 1451, 1913, 1259, 1917, 544, 377, 862, 1202, 1177, 1274, 1123, 617, 605, 1106, 1855, 422, 1769, 362, 1721, 1329, 1206, 1506, 135, 1320, 217, 120, 1120, 1836, 710, 717, 1799, 1557, 722, 1694, 405, 375, 1034, 260, 1496, 411, 1672, 28, 637, 373, 1808, 134, 1012, 536, 1752, 983, 1135, 1576, 483, 13, 404, 841, 1172, 1041, 1843, 161, 847, 1369, 1910, 1782, 1671, 1376, 1856, 498, 806, 635, 1212, 438, 835, 1849, 1109, 1349, 1043, 2, 466, 610, 1165, 885, 951, 344, 300, 1807, 1908, 287, 1877, 705, 1872, 1581, 985, 328, 708, 730, 350, 307, 146, 840, 1180, 494, 16, 555, 1368, 1780, 779, 1771, 1203, 1754, 744, 863, 1684, 639, 1919, 738, 938, 1053, 618, 91, 1886, 1028, 472, 1050, 138, 131, 89, 416, 991, 1254, 467, 227, 1765, 1634, 1789, 1622, 1205, 1874, 839, 1151, 654, 1182, 815, 470, 670, 150, 718, 352, 1579, 879, 443, 1690, 32, 435, 1383, 501, 882, 1085, 1176, 1382, 1171, 686, 1140, 1105, 800, 1516, 1485, 516, 1475, 1434, 1911, 889, 239, 652, 1535, 1639, 335, 1325, 1784, 765, 663, 1224, 448, 1815, 739, 1812, 1076, 747, 1467, 732, 1654, 1828, 502, 1319, 1425, 1160, 1468, 368, 1732, 1248, 143, 808, 674, 713, 129, 1599, 288, 1005, 1643, 1729, 1918, 1064, 279, 1741, 406, 867, 729, 604, 1220, 750, 304, 936, 215, 1626, 1778, 1031, 1756, 305, 1699, 412, 1387, 1640, 210, 188, 253, 645, 1279, 349, 1898, 262, 1082, 213, 255, 1514, 1375, 576, 698, 986, 1119, 508, 1753, 104, 1296, 1380, 128, 163, 693, 1524, 924, 842, 812, 1348, 199, 1386, 1628, 1435, 1772, 817, 931, 334, 1360, 390, 1413, 1783, 944, 905, 1271, 1132, 1857, 35, 340, 1461, 506, 1150, 1455, 594, 1020, 1178, 1770, 1389, 1276, 1355, 1228, 990, 1480, 1100, 1326, 282, 1321, 852, 200, 1146, 1253, 49, 1682, 1221, 1840, 1525, 1037, 1170, 1800, 648, 1243, 266, 926, 782, 1667, 984, 570, 1289, 1860, 893, 1630, 479, 339, 246, 866, 1631, 211, 684, 60, 125, 1513, 836, 43, 1450, 515, 1256, 244, 1063, 1693, 913, 966, 54, 432, 1869, 254, 1916, 577, 1096, 540, 1075, 1261, 1871, 1587, 381, 634, 205, 269, 489, 1890, 37, 746, 386, 551, 1414, 953, 1403, 709, 622, 1497, 1561, 1324, 158, 624, 426, 1466, 44, 267, 994, 318, 1398, 397, 95, 786, 81, 1332, 837, 289, 865, 965, 67, 1696, 816, 1044, 820, 229, 1400, 1362, 491, 1139, 1873, 1338, 559, 1016, 1021, 1436, 1002, 1797, 40, 224, 1615, 1385, 941, 1308, 978, 794, 231, 834, 1675, 1736, 31, 1181, 562, 831, 1272, 767, 372, 1825, 1669, 760, 380, 1343, 42, 1351, 1337, 1441, 268, 1644, 1015, 52, 1469, 1861, 1481, 22, 1605, 361, 1381, 410, 1333, 975, 1046, 1595, 348, 1768, 366, 1281, 772, 974, 495, 358, 590, 187, 631, 1695, 687, 1328, 572, 588, 1805, 620, 1577, 1449, 1433, 1659, 320, 418, 346, 602, 573, 1709, 1300, 113, 427, 1891, 1341, 236, 1001, 370, 723, 1092, 1560, 379, 662, 79, 850, 1704, 824, 627, 436, 666, 1103, 653, 945, 1370, 1232, 587, 234, 103, 1858, 934, 1420, 123, 1818, 1310, 499, 1739, 1493, 1847, 1553, 740, 124, 1260, 1378, 1842, 1777, 1816, 1543, 749, 608, 1563, 996, 25, 101, 90, 459, 337, 122, 580, 829, 533, 292, 452, 1614, 1183, 1322, 1278, 521, 1136, 1190, 96, 259, 1645, 1008, 1888, 342, 445, 1504, 162, 382, 1894, 784, 1404, 1531, 1312, 444, 1097, 1447, 1280, 872, 168, 50, 1687, 1593, 1610, 98, 1242, 769, 642, 1309, 888, 433, 302, 1263, 1169, 1656, 1295, 243, 921, 1438, 1161, 877, 640, 1541, 24, 703, 980, 1173, 935, 1519, 440, 1512, 1137, 822, 1014, 310, 511, 583, 1518, 458, 274, 109, 856, 522, 11, 462, 1236, 232, 633, 1567, 1241, 989, 1725, 280, 875, 1083, 1833, 324, 1566, 249, 172, 696, 1505, 1010, 1477, 1327, 910, 861, 88, 99, 357, 437, 80, 1292, 764, 175, 395, 1716, 699, 1483, 1717, 673, 623, 1697, 1479, 1060, 1651, 553, 981, 218, 1110, 185, 77, 900, 371, 904, 1390, 21, 1882, 595, 1718, 1476, 152, 420, 918, 192, 1679, 1484, 1863, 787, 567, 851, 441, 530, 517, 1419, 1388, 329, 301, 1330, 876, 478, 1530, 676, 1844, 403, 74, 647, 728, 230, 519, 256, 737, 235, 1796, 182, 858, 504, 1287, 1124, 1229, 294, 625, 894, 759, 1544, 330, 1711, 505, 903, 1055, 1238, 1397, 1686, 136, 1275, 1580, 1584, 59, 1112, 1636, 166, 655, 1520, 1540, 374, 496, 414, 1226, 154, 860, 531, 1465, 1345, 1662, 1284, 669, 1627, 1408, 36, 191, 1748, 7, 1498, 802, 325, 957, 208, 228, 1201, 950, 1318, 155, 948, 133, 920, 442, 225, 611, 1633, 796, 667, 1652, 1304, 1609, 1611, 527, 1427, 1354, 689, 930, 870, 925, 56, 1402, 100, 189, 1068, 1737, 322, 523, 247, 971, 1445, 55, 579, 1374, 1571, 1521, 890, 785, 58, 671, 1608, 1168, 1742, 899, 299, 778, 1542, 761, 566, 46, 1708, 1719, 351, 1392, 651, 1764, 811, 449, 922, 261, 1036, 694, 127, 1114, 707, 1487, 1852, 1802, 873, 174, 1865, 1710, 763, 164, 1632, 345, 539, 1141, 805, 919, 911, 184, 548, 1422, 1625, 1155, 399, 1795, 1845, 1889, 1565, 45, 603, 1444, 1517, 1823, 1246, 477, 64, 1164, 1411, 781, 8, 1635, 1583, 1200, 241, 151, 177, 333, 629, 1453, 293, 1760, 636, 1239, 1115, 727, 273, 1394, 1266, 1184, 1619, 1743, 313, 1904, 982, 1367, 153, 564, 1806, 331, 1862, 1848, 606, 1264, 57, 97, 1774, 1814, 1086, 1029, 393, 1488, 85, 1509, 1550, 725, 1638, 1846, 1342, 1728, 993, 421, 1781, 681, 473, 1604, 364, 1613, 679, 780, 1885, 581, 1130, 116, 823, 355, 736, 75, 398, 557, 1740, 1515, 1596, 1250, 641, 1683, 198, 1363, 589, 1223, 1209, 417, 209, 1810, 9, 535, 1500, 1881, 1208, 909, 0, 702, 1897, 598, 1189, 748, 675, 1691, 1152, 755, 4, 1416, 830, 439, 1222, 1340, 692, 1003, 34, 356, 170, 1761, 1657, 1578, 401, 795, 1507, 997, 644, 1166, 447, 518, 563, 336, 1820, 343, 597, 844, 1058, 497, 311, 1463, 754, 1218, 1191, 1148, 1612, 1022, 1344, 1776, 942, 906, 1409, 1098, 130, 1418, 1830, 190, 1303, 1749, 607, 825, 92, 677, 628, 326, 715, 949, 27, 1537, 1025, 1439, 1277, 396, 1270, 53, 558, 584, 616, 630, 1533, 532, 1113, 612, 1080, 173, 1090, 838, 17, 897, 1306, 1311, 1131, 388, 1118, 1528, 1426, 1257, 1460, 1714, 1407, 144, 1734, 258, 1731, 526, 367, 1834, 126, 1104, 638, 791, 265, 223, 461, 1457, 139, 456, 1905, 1663, 1412, 1568, 1763, 883, 1661, 1678, 493, 1606, 1813, 541, 1757, 276, 296, 1673, 222, 1707, 183, 257, 615, 1478, 742, 376, 810, 661, 365, 156, 1298, 1701, 1653, 202, 1334, 1197, 1482, 106, 323, 1448, 1558, 1179, 1854, 902, 1049, 297, 216, 1268, 277, 1336, 1393, 65, 1456, 1052, 5, 1735, 1495, 1175, 988, 117, 721, 1788, 315, 1819, 1305, 1794, 520, 543, 1214, 917, 731, 1091, 1147, 1070, 68, 892, 1486, 464, 783, 115, 1883, 1372, 752, 383, 1122, 582, 1039, 1213, 574, 1594, 1870, 1111, 1792, 706, 1674, 233, 1607, 691, 1417, 1071, 711, 1538, 252, 741, 1396, 1211, 1429, 1906, 513, 799, 1384, 1138, 1688, 1681, 1045, 961, 743, 1824, 619, 766, 1727, 147, 827, 1117, 1547, 1892, 39, 82, 1546, 963, 178, 658, 1592, 425, 484, 415, 1204, 1331, 1207, 561, 912, 451, 1548, 1494, 1210, 1676, 685, 1291, 793, 632, 1018], [1054, 207, 1715, 1233, 514, 238, 1377, 1677, 878, 1624, 1145, 1009, 469, 962, 1194, 93, 1556, 1851, 1569, 1089, 745, 423, 23, 821, 29, 1401, 789, 1791, 788, 1079, 1347, 503, 1199, 753, 848, 1294, 801, 682, 955, 112, 1188, 402, 1878, 1817, 1288, 1821, 1245, 1302, 1007, 1705, 271, 510, 1510, 327, 1127, 486, 1555, 1004, 1589, 1511, 1700, 1373, 1668, 341, 1489, 1790, 1492, 321, 659, 578, 303, 118, 960, 453, 160, 683, 1832, 434, 701, 928, 480, 1446, 1552, 704, 94, 1317, 1410, 394, 186, 771, 859, 1395, 1646, 1570, 1353, 714, 1297, 360, 1153, 1185, 1766, 1471, 1013, 1356, 1437, 78, 63, 1618, 537, 482, 3, 450, 1339, 490, 857, 251, 898, 916, 546, 1809, 1689, 1078, 1069, 1, 1035, 1534, 1158, 203, 1837, 1095, 1235, 295, 933, 1474, 1559, 240, 105, 419, 1751, 1061, 1896, 1162, 1508, 1195, 237, 509, 1875, 6, 1564, 1698, 1907, 20, 1023, 1157, 1724, 132, 1912, 108, 1839, 734, 413, 316, 1249, 1880, 430, 915, 952, 813, 1532, 1116, 1859, 137, 1703, 141, 1785, 1582, 643, 119, 12, 968, 1193, 408, 214, 601, 967, 803, 1551, 363, 424, 958, 1826, 196]]Using cache found in /Users/suraj/.cache/torch/hub/facebookresearch_dinov2_main

Resuming from epoch 65: /Users/suraj/Downloads/outputs/wall_single/checkpoints/model_latest.pth
num_action_repeat: 1
num_proprio_repeat: 1
proprio encoder: ProprioceptiveEmbedding(
  (patch_embed): Conv1d(2, 10, kernel_size=(1,), stride=(1,))
)
action encoder: ProprioceptiveEmbedding(
  (patch_embed): Conv1d(10, 10, kernel_size=(1,), stride=(1,))
)
proprio_dim: 10, after repeat: 10
action_dim: 10, after repeat: 10
emb_dim: 404
Model emb_dim:  404
eval_seed:  [13, 14, 15, 16, 17, 18]
Dumped plan targets to /Users/suraj/Desktop/EAI_DINO/results/wall_bitsweep_h9_mixed/fp16/opt_steps_2/seed_2/plan_targets.pkl
Success rate:  0.0
{'success': array([False, False, False, False, False, False]), 'state_dist': array([14.65979271, 39.22904857, 12.69574459, 28.84820091, 19.45305929,
       30.72763289])}
Success rate:  0.0
{'success': array([False, False, False, False, False, False]), 'state_dist': array([14.75381404, 24.92950652,  9.58423685, 26.39209289, 21.4656224 ,
       17.65109592])}
MPC iter 0 Eval ------- 
Success rate:  0.0
{'success': array([False, False, False, False, False, False]), 'state_dist': array([14.75381404, 24.92950652,  9.58423685, 26.39209289, 21.4656224 ,
       17.65109592])}
self.is_success:  [False False False False False False]
Success rate:  0.3333333333333333
{'success': array([False, False,  True, False, False,  True]), 'state_dist': array([14.75381404, 19.43398916,  0.57236393, 24.66843468, 22.95126938,
        3.24785314])}
Success rate:  0.3333333333333333
{'success': array([False, False,  True, False, False,  True]), 'state_dist': array([15.00661208, 19.3752499 ,  1.0112694 , 25.9377548 , 11.74819158,
        3.15827811])}
MPC iter 1 Eval ------- 
Success rate:  0.3333333333333333
{'success': array([False, False,  True, False, False,  True]), 'state_dist': array([15.00661208, 19.3752499 ,  1.0112694 , 25.9377548 , 11.74819158,
        3.15827811])}
self.is_success:  [False False  True False False  True]
Success rate:  0.3333333333333333
{'success': array([False, False,  True, False, False,  True]), 'state_dist': array([15.00661208, 19.3752499 ,  1.0112694 , 25.9377548 , 11.74819158,
        3.15827811])}
[ok] variant=fp16 opt_steps=2 seed=2 success=0.3333
Planning device: mps
Loading wall dataset...
Loaded 1920 rollouts
[[102, 33, 1056, 1591, 354, 245, 790, 1323, 142, 1745, 1588, 1473, 38, 1192, 735, 832, 547, 1186, 843, 660, 869, 83, 695, 1629, 179, 1658, 157, 1758, 1747, 250, 312, 1361, 1163, 1798, 275, 1099, 1787, 964, 1066, 609, 1666, 774, 181, 1502, 407, 668, 593, 1623, 1101, 565, 1350, 1572, 1094, 512, 148, 809, 263, 1853, 908, 927, 626, 569, 1730, 757, 1574, 1866, 1107, 1706, 391, 1255, 947, 828, 1720, 1057, 19, 1364, 1575, 1914, 1562, 1909, 534, 973, 538, 1017, 646, 285, 309, 1884, 1059, 552, 697, 1702, 145, 819, 649, 665, 169, 1051, 171, 1529, 1470, 291, 1371, 1240, 1641, 1746, 1443, 1307, 1801, 369, 1365, 525, 167, 1121, 1430, 874, 528, 1459, 1617, 770, 359, 923, 507, 884, 1616, 1314, 1149, 1379, 891, 1442, 1047, 1887, 248, 1767, 1620, 283, 392, 1290, 1650, 242, 1399, 807, 159, 204, 775, 1827, 500, 1352, 700, 1265, 1102, 149, 1440, 1258, 1738, 347, 690, 468, 1726, 1234, 1126, 868, 1501, 621, 585, 1523, 121, 1108, 846, 1167, 1405, 114, 474, 1406, 195, 1144, 586, 384, 1680, 298, 308, 529, 901, 475, 992, 1811, 1655, 914, 1598, 560, 1452, 385, 1032, 1895, 756, 1893, 485, 1293, 1876, 378, 206, 61, 1762, 1335, 1779, 1062, 111, 550, 1357, 284, 1074, 880, 592, 712, 1454, 1660, 1067, 946, 1011, 193, 1838, 1072, 1065, 1267, 1217, 591, 678, 792, 180, 1313, 69, 84, 1603, 1775, 201, 1415, 457, 1359, 400, 1759, 1081, 554, 471, 1841, 446, 1670, 688, 140, 1600, 871, 1093, 460, 1831, 818, 940, 1128, 614, 1000, 987, 1048, 72, 465, 804, 1804, 826, 1006, 1129, 270, 954, 86, 107, 1744, 751, 1143, 1554, 1750, 556, 1692, 664, 943, 907, 1713, 881, 1793, 849, 972, 264, 1431, 1040, 1391, 680, 1864, 724, 1549, 455, 600, 389, 1301, 1262, 1073, 1216, 613, 314, 15, 657, 896, 549, 575, 719, 545, 937, 1585, 165, 1252, 338, 970, 1366, 1247, 1024, 14, 855, 212, 887, 977, 1225, 776, 10, 1903, 1423, 596, 726, 431, 959, 1159, 1033, 1458, 1196, 1526, 317, 1358, 454, 1647, 976, 773, 1786, 1462, 488, 41, 571, 1464, 599, 979, 864, 18, 306, 1299, 797, 332, 1424, 1286, 66, 51, 1230, 1527, 1042, 762, 219, 487, 1026, 1282, 1285, 1503, 1597, 1573, 758, 999, 30, 1215, 1315, 1227, 387, 1867, 1421, 220, 932, 1829, 26, 1822, 290, 1088, 1902, 429, 463, 197, 1156, 1539, 1491, 1027, 1901, 733, 1879, 833, 278, 1251, 1899, 1642, 73, 272, 1019, 1084, 1346, 1803, 845, 568, 286, 76, 956, 1237, 48, 939, 1601, 481, 1187, 176, 1231, 1545, 1664, 1244, 87, 47, 194, 1586, 1316, 1125, 1649, 1077, 995, 1665, 1428, 1219, 1712, 1038, 542, 998, 70, 929, 1648, 476, 886, 1134, 1733, 854, 853, 1283, 1432, 1723, 1269, 281, 1174, 110, 1685, 1868, 777, 1522, 353, 798, 1773, 409, 768, 1273, 1490, 221, 1154, 1499, 71, 1637, 720, 1850, 1198, 1755, 1915, 716, 1900, 1835, 672, 319, 1536, 226, 1472, 1602, 969, 492, 428, 895, 814, 1133, 62, 656, 1722, 1621, 1142, 1087, 524, 1590, 1030, 650, 1451, 1913, 1259, 1917, 544, 377, 862, 1202, 1177, 1274, 1123, 617, 605, 1106, 1855, 422, 1769, 362, 1721, 1329, 1206, 1506, 135, 1320, 217, 120, 1120, 1836, 710, 717, 1799, 1557, 722, 1694, 405, 375, 1034, 260, 1496, 411, 1672, 28, 637, 373, 1808, 134, 1012, 536, 1752, 983, 1135, 1576, 483, 13, 404, 841, 1172, 1041, 1843, 161, 847, 1369, 1910, 1782, 1671, 1376, 1856, 498, 806, 635, 1212, 438, 835, 1849, 1109, 1349, 1043, 2, 466, 610, 1165, 885, 951, 344, 300, 1807, 1908, 287, 1877, 705, 1872, 1581, 985, 328, 708, 730, 350, 307, 146, 840, 1180, 494, 16, 555, 1368, 1780, 779, 1771, 1203, 1754, 744, 863, 1684, 639, 1919, 738, 938, 1053, 618, 91, 1886, 1028, 472, 1050, 138, 131, 89, 416, 991, 1254, 467, 227, 1765, 1634, 1789, 1622, 1205, 1874, 839, 1151, 654, 1182, 815, 470, 670, 150, 718, 352, 1579, 879, 443, 1690, 32, 435, 1383, 501, 882, 1085, 1176, 1382, 1171, 686, 1140, 1105, 800, 1516, 1485, 516, 1475, 1434, 1911, 889, 239, 652, 1535, 1639, 335, 1325, 1784, 765, 663, 1224, 448, 1815, 739, 1812, 1076, 747, 1467, 732, 1654, 1828, 502, 1319, 1425, 1160, 1468, 368, 1732, 1248, 143, 808, 674, 713, 129, 1599, 288, 1005, 1643, 1729, 1918, 1064, 279, 1741, 406, 867, 729, 604, 1220, 750, 304, 936, 215, 1626, 1778, 1031, 1756, 305, 1699, 412, 1387, 1640, 210, 188, 253, 645, 1279, 349, 1898, 262, 1082, 213, 255, 1514, 1375, 576, 698, 986, 1119, 508, 1753, 104, 1296, 1380, 128, 163, 693, 1524, 924, 842, 812, 1348, 199, 1386, 1628, 1435, 1772, 817, 931, 334, 1360, 390, 1413, 1783, 944, 905, 1271, 1132, 1857, 35, 340, 1461, 506, 1150, 1455, 594, 1020, 1178, 1770, 1389, 1276, 1355, 1228, 990, 1480, 1100, 1326, 282, 1321, 852, 200, 1146, 1253, 49, 1682, 1221, 1840, 1525, 1037, 1170, 1800, 648, 1243, 266, 926, 782, 1667, 984, 570, 1289, 1860, 893, 1630, 479, 339, 246, 866, 1631, 211, 684, 60, 125, 1513, 836, 43, 1450, 515, 1256, 244, 1063, 1693, 913, 966, 54, 432, 1869, 254, 1916, 577, 1096, 540, 1075, 1261, 1871, 1587, 381, 634, 205, 269, 489, 1890, 37, 746, 386, 551, 1414, 953, 1403, 709, 622, 1497, 1561, 1324, 158, 624, 426, 1466, 44, 267, 994, 318, 1398, 397, 95, 786, 81, 1332, 837, 289, 865, 965, 67, 1696, 816, 1044, 820, 229, 1400, 1362, 491, 1139, 1873, 1338, 559, 1016, 1021, 1436, 1002, 1797, 40, 224, 1615, 1385, 941, 1308, 978, 794, 231, 834, 1675, 1736, 31, 1181, 562, 831, 1272, 767, 372, 1825, 1669, 760, 380, 1343, 42, 1351, 1337, 1441, 268, 1644, 1015, 52, 1469, 1861, 1481, 22, 1605, 361, 1381, 410, 1333, 975, 1046, 1595, 348, 1768, 366, 1281, 772, 974, 495, 358, 590, 187, 631, 1695, 687, 1328, 572, 588, 1805, 620, 1577, 1449, 1433, 1659, 320, 418, 346, 602, 573, 1709, 1300, 113, 427, 1891, 1341, 236, 1001, 370, 723, 1092, 1560, 379, 662, 79, 850, 1704, 824, 627, 436, 666, 1103, 653, 945, 1370, 1232, 587, 234, 103, 1858, 934, 1420, 123, 1818, 1310, 499, 1739, 1493, 1847, 1553, 740, 124, 1260, 1378, 1842, 1777, 1816, 1543, 749, 608, 1563, 996, 25, 101, 90, 459, 337, 122, 580, 829, 533, 292, 452, 1614, 1183, 1322, 1278, 521, 1136, 1190, 96, 259, 1645, 1008, 1888, 342, 445, 1504, 162, 382, 1894, 784, 1404, 1531, 1312, 444, 1097, 1447, 1280, 872, 168, 50, 1687, 1593, 1610, 98, 1242, 769, 642, 1309, 888, 433, 302, 1263, 1169, 1656, 1295, 243, 921, 1438, 1161, 877, 640, 1541, 24, 703, 980, 1173, 935, 1519, 440, 1512, 1137, 822, 1014, 310, 511, 583, 1518, 458, 274, 109, 856, 522, 11, 462, 1236, 232, 633, 1567, 1241, 989, 1725, 280, 875, 1083, 1833, 324, 1566, 249, 172, 696, 1505, 1010, 1477, 1327, 910, 861, 88, 99, 357, 437, 80, 1292, 764, 175, 395, 1716, 699, 1483, 1717, 673, 623, 1697, 1479, 1060, 1651, 553, 981, 218, 1110, 185, 77, 900, 371, 904, 1390, 21, 1882, 595, 1718, 1476, 152, 420, 918, 192, 1679, 1484, 1863, 787, 567, 851, 441, 530, 517, 1419, 1388, 329, 301, 1330, 876, 478, 1530, 676, 1844, 403, 74, 647, 728, 230, 519, 256, 737, 235, 1796, 182, 858, 504, 1287, 1124, 1229, 294, 625, 894, 759, 1544, 330, 1711, 505, 903, 1055, 1238, 1397, 1686, 136, 1275, 1580, 1584, 59, 1112, 1636, 166, 655, 1520, 1540, 374, 496, 414, 1226, 154, 860, 531, 1465, 1345, 1662, 1284, 669, 1627, 1408, 36, 191, 1748, 7, 1498, 802, 325, 957, 208, 228, 1201, 950, 1318, 155, 948, 133, 920, 442, 225, 611, 1633, 796, 667, 1652, 1304, 1609, 1611, 527, 1427, 1354, 689, 930, 870, 925, 56, 1402, 100, 189, 1068, 1737, 322, 523, 247, 971, 1445, 55, 579, 1374, 1571, 1521, 890, 785, 58, 671, 1608, 1168, 1742, 899, 299, 778, 1542, 761, 566, 46, 1708, 1719, 351, 1392, 651, 1764, 811, 449, 922, 261, 1036, 694, 127, 1114, 707, 1487, 1852, 1802, 873, 174, 1865, 1710, 763, 164, 1632, 345, 539, 1141, 805, 919, 911, 184, 548, 1422, 1625, 1155, 399, 1795, 1845, 1889, 1565, 45, 603, 1444, 1517, 1823, 1246, 477, 64, 1164, 1411, 781, 8, 1635, 1583, 1200, 241, 151, 177, 333, 629, 1453, 293, 1760, 636, 1239, 1115, 727, 273, 1394, 1266, 1184, 1619, 1743, 313, 1904, 982, 1367, 153, 564, 1806, 331, 1862, 1848, 606, 1264, 57, 97, 1774, 1814, 1086, 1029, 393, 1488, 85, 1509, 1550, 725, 1638, 1846, 1342, 1728, 993, 421, 1781, 681, 473, 1604, 364, 1613, 679, 780, 1885, 581, 1130, 116, 823, 355, 736, 75, 398, 557, 1740, 1515, 1596, 1250, 641, 1683, 198, 1363, 589, 1223, 1209, 417, 209, 1810, 9, 535, 1500, 1881, 1208, 909, 0, 702, 1897, 598, 1189, 748, 675, 1691, 1152, 755, 4, 1416, 830, 439, 1222, 1340, 692, 1003, 34, 356, 170, 1761, 1657, 1578, 401, 795, 1507, 997, 644, 1166, 447, 518, 563, 336, 1820, 343, 597, 844, 1058, 497, 311, 1463, 754, 1218, 1191, 1148, 1612, 1022, 1344, 1776, 942, 906, 1409, 1098, 130, 1418, 1830, 190, 1303, 1749, 607, 825, 92, 677, 628, 326, 715, 949, 27, 1537, 1025, 1439, 1277, 396, 1270, 53, 558, 584, 616, 630, 1533, 532, 1113, 612, 1080, 173, 1090, 838, 17, 897, 1306, 1311, 1131, 388, 1118, 1528, 1426, 1257, 1460, 1714, 1407, 144, 1734, 258, 1731, 526, 367, 1834, 126, 1104, 638, 791, 265, 223, 461, 1457, 139, 456, 1905, 1663, 1412, 1568, 1763, 883, 1661, 1678, 493, 1606, 1813, 541, 1757, 276, 296, 1673, 222, 1707, 183, 257, 615, 1478, 742, 376, 810, 661, 365, 156, 1298, 1701, 1653, 202, 1334, 1197, 1482, 106, 323, 1448, 1558, 1179, 1854, 902, 1049, 297, 216, 1268, 277, 1336, 1393, 65, 1456, 1052, 5, 1735, 1495, 1175, 988, 117, 721, 1788, 315, 1819, 1305, 1794, 520, 543, 1214, 917, 731, 1091, 1147, 1070, 68, 892, 1486, 464, 783, 115, 1883, 1372, 752, 383, 1122, 582, 1039, 1213, 574, 1594, 1870, 1111, 1792, 706, 1674, 233, 1607, 691, 1417, 1071, 711, 1538, 252, 741, 1396, 1211, 1429, 1906, 513, 799, 1384, 1138, 1688, 1681, 1045, 961, 743, 1824, 619, 766, 1727, 147, 827, 1117, 1547, 1892, 39, 82, 1546, 963, 178, 658, 1592, 425, 484, 415, 1204, 1331, 1207, 561, 912, 451, 1548, 1494, 1210, 1676, 685, 1291, 793, 632, 1018], [1054, 207, 1715, 1233, 514, 238, 1377, 1677, 878, 1624, 1145, 1009, 469, 962, 1194, 93, 1556, 1851, 1569, 1089, 745, 423, 23, 821, 29, 1401, 789, 1791, 788, 1079, 1347, 503, 1199, 753, 848, 1294, 801, 682, 955, 112, 1188, 402, 1878, 1817, 1288, 1821, 1245, 1302, 1007, 1705, 271, 510, 1510, 327, 1127, 486, 1555, 1004, 1589, 1511, 1700, 1373, 1668, 341, 1489, 1790, 1492, 321, 659, 578, 303, 118, 960, 453, 160, 683, 1832, 434, 701, 928, 480, 1446, 1552, 704, 94, 1317, 1410, 394, 186, 771, 859, 1395, 1646, 1570, 1353, 714, 1297, 360, 1153, 1185, 1766, 1471, 1013, 1356, 1437, 78, 63, 1618, 537, 482, 3, 450, 1339, 490, 857, 251, 898, 916, 546, 1809, 1689, 1078, 1069, 1, 1035, 1534, 1158, 203, 1837, 1095, 1235, 295, 933, 1474, 1559, 240, 105, 419, 1751, 1061, 1896, 1162, 1508, 1195, 237, 509, 1875, 6, 1564, 1698, 1907, 20, 1023, 1157, 1724, 132, 1912, 108, 1839, 734, 413, 316, 1249, 1880, 430, 915, 952, 813, 1532, 1116, 1859, 137, 1703, 141, 1785, 1582, 643, 119, 12, 968, 1193, 408, 214, 601, 967, 803, 1551, 363, 424, 958, 1826, 196]]Using cache found in /Users/suraj/.cache/torch/hub/facebookresearch_dinov2_main

Resuming from epoch 65: /Users/suraj/Downloads/outputs/wall_single/checkpoints/model_latest.pth
num_action_repeat: 1
num_proprio_repeat: 1
proprio encoder: ProprioceptiveEmbedding(
  (patch_embed): Conv1d(2, 10, kernel_size=(1,), stride=(1,))
)
action encoder: ProprioceptiveEmbedding(
  (patch_embed): Conv1d(10, 10, kernel_size=(1,), stride=(1,))
)
proprio_dim: 10, after repeat: 10
action_dim: 10, after repeat: 10
emb_dim: 404
Model emb_dim:  404
eval_seed:  [13, 14, 15, 16, 17, 18]
Dumped plan targets to /Users/suraj/Desktop/EAI_DINO/results/wall_bitsweep_h9_mixed/uniform_int8/opt_steps_2/seed_2/plan_targets.pkl
Success rate:  0.0
{'success': array([False, False, False, False, False, False]), 'state_dist': array([15.00661208, 39.22904877, 12.65626253, 29.00330579, 19.95046194,
       30.62949671])}
Success rate:  0.0
{'success': array([False, False, False, False, False, False]), 'state_dist': array([15.00661208, 24.92950639,  9.33286245, 26.02664315, 21.89418071,
       17.36971651])}
MPC iter 0 Eval ------- 
Success rate:  0.0
{'success': array([False, False, False, False, False, False]), 'state_dist': array([15.00661208, 24.92950639,  9.33286245, 26.02664315, 21.89418071,
       17.36971651])}
self.is_success:  [False False False False False False]
Success rate:  0.3333333333333333
{'success': array([False, False,  True, False, False,  True]), 'state_dist': array([15.00661208, 20.0043498 ,  0.78008202, 24.28601196, 23.96459057,
        2.92687971])}
Success rate:  0.3333333333333333
{'success': array([False, False,  True, False, False,  True]), 'state_dist': array([15.00661208, 19.59433415,  1.23622597, 25.88970946,  6.66337456,
        2.90103454])}
MPC iter 1 Eval ------- 
Success rate:  0.3333333333333333
{'success': array([False, False,  True, False, False,  True]), 'state_dist': array([15.00661208, 19.59433415,  1.23622597, 25.88970946,  6.66337456,
        2.90103454])}
self.is_success:  [False False  True False False  True]
Success rate:  0.3333333333333333
{'success': array([False, False,  True, False, False,  True]), 'state_dist': array([15.00661208, 19.59433415,  1.23622597, 25.88970946,  6.66337456,
        2.90103454])}
[ok] variant=uniform_int8 opt_steps=2 seed=2 success=0.3333
Planning device: mps
Loading wall dataset...
Loaded 1920 rollouts
[[102, 33, 1056, 1591, 354, 245, 790, 1323, 142, 1745, 1588, 1473, 38, 1192, 735, 832, 547, 1186, 843, 660, 869, 83, 695, 1629, 179, 1658, 157, 1758, 1747, 250, 312, 1361, 1163, 1798, 275, 1099, 1787, 964, 1066, 609, 1666, 774, 181, 1502, 407, 668, 593, 1623, 1101, 565, 1350, 1572, 1094, 512, 148, 809, 263, 1853, 908, 927, 626, 569, 1730, 757, 1574, 1866, 1107, 1706, 391, 1255, 947, 828, 1720, 1057, 19, 1364, 1575, 1914, 1562, 1909, 534, 973, 538, 1017, 646, 285, 309, 1884, 1059, 552, 697, 1702, 145, 819, 649, 665, 169, 1051, 171, 1529, 1470, 291, 1371, 1240, 1641, 1746, 1443, 1307, 1801, 369, 1365, 525, 167, 1121, 1430, 874, 528, 1459, 1617, 770, 359, 923, 507, 884, 1616, 1314, 1149, 1379, 891, 1442, 1047, 1887, 248, 1767, 1620, 283, 392, 1290, 1650, 242, 1399, 807, 159, 204, 775, 1827, 500, 1352, 700, 1265, 1102, 149, 1440, 1258, 1738, 347, 690, 468, 1726, 1234, 1126, 868, 1501, 621, 585, 1523, 121, 1108, 846, 1167, 1405, 114, 474, 1406, 195, 1144, 586, 384, 1680, 298, 308, 529, 901, 475, 992, 1811, 1655, 914, 1598, 560, 1452, 385, 1032, 1895, 756, 1893, 485, 1293, 1876, 378, 206, 61, 1762, 1335, 1779, 1062, 111, 550, 1357, 284, 1074, 880, 592, 712, 1454, 1660, 1067, 946, 1011, 193, 1838, 1072, 1065, 1267, 1217, 591, 678, 792, 180, 1313, 69, 84, 1603, 1775, 201, 1415, 457, 1359, 400, 1759, 1081, 554, 471, 1841, 446, 1670, 688, 140, 1600, 871, 1093, 460, 1831, 818, 940, 1128, 614, 1000, 987, 1048, 72, 465, 804, 1804, 826, 1006, 1129, 270, 954, 86, 107, 1744, 751, 1143, 1554, 1750, 556, 1692, 664, 943, 907, 1713, 881, 1793, 849, 972, 264, 1431, 1040, 1391, 680, 1864, 724, 1549, 455, 600, 389, 1301, 1262, 1073, 1216, 613, 314, 15, 657, 896, 549, 575, 719, 545, 937, 1585, 165, 1252, 338, 970, 1366, 1247, 1024, 14, 855, 212, 887, 977, 1225, 776, 10, 1903, 1423, 596, 726, 431, 959, 1159, 1033, 1458, 1196, 1526, 317, 1358, 454, 1647, 976, 773, 1786, 1462, 488, 41, 571, 1464, 599, 979, 864, 18, 306, 1299, 797, 332, 1424, 1286, 66, 51, 1230, 1527, 1042, 762, 219, 487, 1026, 1282, 1285, 1503, 1597, 1573, 758, 999, 30, 1215, 1315, 1227, 387, 1867, 1421, 220, 932, 1829, 26, 1822, 290, 1088, 1902, 429, 463, 197, 1156, 1539, 1491, 1027, 1901, 733, 1879, 833, 278, 1251, 1899, 1642, 73, 272, 1019, 1084, 1346, 1803, 845, 568, 286, 76, 956, 1237, 48, 939, 1601, 481, 1187, 176, 1231, 1545, 1664, 1244, 87, 47, 194, 1586, 1316, 1125, 1649, 1077, 995, 1665, 1428, 1219, 1712, 1038, 542, 998, 70, 929, 1648, 476, 886, 1134, 1733, 854, 853, 1283, 1432, 1723, 1269, 281, 1174, 110, 1685, 1868, 777, 1522, 353, 798, 1773, 409, 768, 1273, 1490, 221, 1154, 1499, 71, 1637, 720, 1850, 1198, 1755, 1915, 716, 1900, 1835, 672, 319, 1536, 226, 1472, 1602, 969, 492, 428, 895, 814, 1133, 62, 656, 1722, 1621, 1142, 1087, 524, 1590, 1030, 650, 1451, 1913, 1259, 1917, 544, 377, 862, 1202, 1177, 1274, 1123, 617, 605, 1106, 1855, 422, 1769, 362, 1721, 1329, 1206, 1506, 135, 1320, 217, 120, 1120, 1836, 710, 717, 1799, 1557, 722, 1694, 405, 375, 1034, 260, 1496, 411, 1672, 28, 637, 373, 1808, 134, 1012, 536, 1752, 983, 1135, 1576, 483, 13, 404, 841, 1172, 1041, 1843, 161, 847, 1369, 1910, 1782, 1671, 1376, 1856, 498, 806, 635, 1212, 438, 835, 1849, 1109, 1349, 1043, 2, 466, 610, 1165, 885, 951, 344, 300, 1807, 1908, 287, 1877, 705, 1872, 1581, 985, 328, 708, 730, 350, 307, 146, 840, 1180, 494, 16, 555, 1368, 1780, 779, 1771, 1203, 1754, 744, 863, 1684, 639, 1919, 738, 938, 1053, 618, 91, 1886, 1028, 472, 1050, 138, 131, 89, 416, 991, 1254, 467, 227, 1765, 1634, 1789, 1622, 1205, 1874, 839, 1151, 654, 1182, 815, 470, 670, 150, 718, 352, 1579, 879, 443, 1690, 32, 435, 1383, 501, 882, 1085, 1176, 1382, 1171, 686, 1140, 1105, 800, 1516, 1485, 516, 1475, 1434, 1911, 889, 239, 652, 1535, 1639, 335, 1325, 1784, 765, 663, 1224, 448, 1815, 739, 1812, 1076, 747, 1467, 732, 1654, 1828, 502, 1319, 1425, 1160, 1468, 368, 1732, 1248, 143, 808, 674, 713, 129, 1599, 288, 1005, 1643, 1729, 1918, 1064, 279, 1741, 406, 867, 729, 604, 1220, 750, 304, 936, 215, 1626, 1778, 1031, 1756, 305, 1699, 412, 1387, 1640, 210, 188, 253, 645, 1279, 349, 1898, 262, 1082, 213, 255, 1514, 1375, 576, 698, 986, 1119, 508, 1753, 104, 1296, 1380, 128, 163, 693, 1524, 924, 842, 812, 1348, 199, 1386, 1628, 1435, 1772, 817, 931, 334, 1360, 390, 1413, 1783, 944, 905, 1271, 1132, 1857, 35, 340, 1461, 506, 1150, 1455, 594, 1020, 1178, 1770, 1389, 1276, 1355, 1228, 990, 1480, 1100, 1326, 282, 1321, 852, 200, 1146, 1253, 49, 1682, 1221, 1840, 1525, 1037, 1170, 1800, 648, 1243, 266, 926, 782, 1667, 984, 570, 1289, 1860, 893, 1630, 479, 339, 246, 866, 1631, 211, 684, 60, 125, 1513, 836, 43, 1450, 515, 1256, 244, 1063, 1693, 913, 966, 54, 432, 1869, 254, 1916, 577, 1096, 540, 1075, 1261, 1871, 1587, 381, 634, 205, 269, 489, 1890, 37, 746, 386, 551, 1414, 953, 1403, 709, 622, 1497, 1561, 1324, 158, 624, 426, 1466, 44, 267, 994, 318, 1398, 397, 95, 786, 81, 1332, 837, 289, 865, 965, 67, 1696, 816, 1044, 820, 229, 1400, 1362, 491, 1139, 1873, 1338, 559, 1016, 1021, 1436, 1002, 1797, 40, 224, 1615, 1385, 941, 1308, 978, 794, 231, 834, 1675, 1736, 31, 1181, 562, 831, 1272, 767, 372, 1825, 1669, 760, 380, 1343, 42, 1351, 1337, 1441, 268, 1644, 1015, 52, 1469, 1861, 1481, 22, 1605, 361, 1381, 410, 1333, 975, 1046, 1595, 348, 1768, 366, 1281, 772, 974, 495, 358, 590, 187, 631, 1695, 687, 1328, 572, 588, 1805, 620, 1577, 1449, 1433, 1659, 320, 418, 346, 602, 573, 1709, 1300, 113, 427, 1891, 1341, 236, 1001, 370, 723, 1092, 1560, 379, 662, 79, 850, 1704, 824, 627, 436, 666, 1103, 653, 945, 1370, 1232, 587, 234, 103, 1858, 934, 1420, 123, 1818, 1310, 499, 1739, 1493, 1847, 1553, 740, 124, 1260, 1378, 1842, 1777, 1816, 1543, 749, 608, 1563, 996, 25, 101, 90, 459, 337, 122, 580, 829, 533, 292, 452, 1614, 1183, 1322, 1278, 521, 1136, 1190, 96, 259, 1645, 1008, 1888, 342, 445, 1504, 162, 382, 1894, 784, 1404, 1531, 1312, 444, 1097, 1447, 1280, 872, 168, 50, 1687, 1593, 1610, 98, 1242, 769, 642, 1309, 888, 433, 302, 1263, 1169, 1656, 1295, 243, 921, 1438, 1161, 877, 640, 1541, 24, 703, 980, 1173, 935, 1519, 440, 1512, 1137, 822, 1014, 310, 511, 583, 1518, 458, 274, 109, 856, 522, 11, 462, 1236, 232, 633, 1567, 1241, 989, 1725, 280, 875, 1083, 1833, 324, 1566, 249, 172, 696, 1505, 1010, 1477, 1327, 910, 861, 88, 99, 357, 437, 80, 1292, 764, 175, 395, 1716, 699, 1483, 1717, 673, 623, 1697, 1479, 1060, 1651, 553, 981, 218, 1110, 185, 77, 900, 371, 904, 1390, 21, 1882, 595, 1718, 1476, 152, 420, 918, 192, 1679, 1484, 1863, 787, 567, 851, 441, 530, 517, 1419, 1388, 329, 301, 1330, 876, 478, 1530, 676, 1844, 403, 74, 647, 728, 230, 519, 256, 737, 235, 1796, 182, 858, 504, 1287, 1124, 1229, 294, 625, 894, 759, 1544, 330, 1711, 505, 903, 1055, 1238, 1397, 1686, 136, 1275, 1580, 1584, 59, 1112, 1636, 166, 655, 1520, 1540, 374, 496, 414, 1226, 154, 860, 531, 1465, 1345, 1662, 1284, 669, 1627, 1408, 36, 191, 1748, 7, 1498, 802, 325, 957, 208, 228, 1201, 950, 1318, 155, 948, 133, 920, 442, 225, 611, 1633, 796, 667, 1652, 1304, 1609, 1611, 527, 1427, 1354, 689, 930, 870, 925, 56, 1402, 100, 189, 1068, 1737, 322, 523, 247, 971, 1445, 55, 579, 1374, 1571, 1521, 890, 785, 58, 671, 1608, 1168, 1742, 899, 299, 778, 1542, 761, 566, 46, 1708, 1719, 351, 1392, 651, 1764, 811, 449, 922, 261, 1036, 694, 127, 1114, 707, 1487, 1852, 1802, 873, 174, 1865, 1710, 763, 164, 1632, 345, 539, 1141, 805, 919, 911, 184, 548, 1422, 1625, 1155, 399, 1795, 1845, 1889, 1565, 45, 603, 1444, 1517, 1823, 1246, 477, 64, 1164, 1411, 781, 8, 1635, 1583, 1200, 241, 151, 177, 333, 629, 1453, 293, 1760, 636, 1239, 1115, 727, 273, 1394, 1266, 1184, 1619, 1743, 313, 1904, 982, 1367, 153, 564, 1806, 331, 1862, 1848, 606, 1264, 57, 97, 1774, 1814, 1086, 1029, 393, 1488, 85, 1509, 1550, 725, 1638, 1846, 1342, 1728, 993, 421, 1781, 681, 473, 1604, 364, 1613, 679, 780, 1885, 581, 1130, 116, 823, 355, 736, 75, 398, 557, 1740, 1515, 1596, 1250, 641, 1683, 198, 1363, 589, 1223, 1209, 417, 209, 1810, 9, 535, 1500, 1881, 1208, 909, 0, 702, 1897, 598, 1189, 748, 675, 1691, 1152, 755, 4, 1416, 830, 439, 1222, 1340, 692, 1003, 34, 356, 170, 1761, 1657, 1578, 401, 795, 1507, 997, 644, 1166, 447, 518, 563, 336, 1820, 343, 597, 844, 1058, 497, 311, 1463, 754, 1218, 1191, 1148, 1612, 1022, 1344, 1776, 942, 906, 1409, 1098, 130, 1418, 1830, 190, 1303, 1749, 607, 825, 92, 677, 628, 326, 715, 949, 27, 1537, 1025, 1439, 1277, 396, 1270, 53, 558, 584, 616, 630, 1533, 532, 1113, 612, 1080, 173, 1090, 838, 17, 897, 1306, 1311, 1131, 388, 1118, 1528, 1426, 1257, 1460, 1714, 1407, 144, 1734, 258, 1731, 526, 367, 1834, 126, 1104, 638, 791, 265, 223, 461, 1457, 139, 456, 1905, 1663, 1412, 1568, 1763, 883, 1661, 1678, 493, 1606, 1813, 541, 1757, 276, 296, 1673, 222, 1707, 183, 257, 615, 1478, 742, 376, 810, 661, 365, 156, 1298, 1701, 1653, 202, 1334, 1197, 1482, 106, 323, 1448, 1558, 1179, 1854, 902, 1049, 297, 216, 1268, 277, 1336, 1393, 65, 1456, 1052, 5, 1735, 1495, 1175, 988, 117, 721, 1788, 315, 1819, 1305, 1794, 520, 543, 1214, 917, 731, 1091, 1147, 1070, 68, 892, 1486, 464, 783, 115, 1883, 1372, 752, 383, 1122, 582, 1039, 1213, 574, 1594, 1870, 1111, 1792, 706, 1674, 233, 1607, 691, 1417, 1071, 711, 1538, 252, 741, 1396, 1211, 1429, 1906, 513, 799, 1384, 1138, 1688, 1681, 1045, 961, 743, 1824, 619, 766, 1727, 147, 827, 1117, 1547, 1892, 39, 82, 1546, 963, 178, 658, 1592, 425, 484, 415, 1204, 1331, 1207, 561, 912, 451, 1548, 1494, 1210, 1676, 685, 1291, 793, 632, 1018], [1054, 207, 1715, 1233, 514, 238, 1377, 1677, 878, 1624, 1145, 1009, 469, 962, 1194, 93, 1556, 1851, 1569, 1089, 745, 423, 23, 821, 29, 1401, 789, 1791, 788, 1079, 1347, 503, 1199, 753, 848, 1294, 801, 682, 955, 112, 1188, 402, 1878, 1817, 1288, 1821, 1245, 1302, 1007, 1705, 271, 510, 1510, 327, 1127, 486, 1555, 1004, 1589, 1511, 1700, 1373, 1668, 341, 1489, 1790, 1492, 321, 659, 578, 303, 118, 960, 453, 160, 683, 1832, 434, 701, 928, 480, 1446, 1552, 704, 94, 1317, 1410, 394, 186, 771, 859, 1395, 1646, 1570, 1353, 714, 1297, 360, 1153, 1185, 1766, 1471, 1013, 1356, 1437, 78, 63, 1618, 537, 482, 3, 450, 1339, 490, 857, 251, 898, 916, 546, 1809, 1689, 1078, 1069, 1, 1035, 1534, 1158, 203, 1837, 1095, 1235, 295, 933, 1474, 1559, 240, 105, 419, 1751, 1061, 1896, 1162, 1508, 1195, 237, 509, 1875, 6, 1564, 1698, 1907, 20, 1023, 1157, 1724, 132, 1912, 108, 1839, 734, 413, 316, 1249, 1880, 430, 915, 952, 813, 1532, 1116, 1859, 137, 1703, 141, 1785, 1582, 643, 119, 12, 968, 1193, 408, 214, 601, 967, 803, 1551, 363, 424, 958, 1826, 196]]Using cache found in /Users/suraj/.cache/torch/hub/facebookresearch_dinov2_main

Resuming from epoch 65: /Users/suraj/Downloads/outputs/wall_single/checkpoints/model_latest.pth
num_action_repeat: 1
num_proprio_repeat: 1
proprio encoder: ProprioceptiveEmbedding(
  (patch_embed): Conv1d(2, 10, kernel_size=(1,), stride=(1,))
)
action encoder: ProprioceptiveEmbedding(
  (patch_embed): Conv1d(10, 10, kernel_size=(1,), stride=(1,))
)
proprio_dim: 10, after repeat: 10
action_dim: 10, after repeat: 10
emb_dim: 404
Model emb_dim:  404
eval_seed:  [13, 14, 15, 16, 17, 18]
Dumped plan targets to /Users/suraj/Desktop/EAI_DINO/results/wall_bitsweep_h9_mixed/mixed_int8/opt_steps_2/seed_2/plan_targets.pkl
Success rate:  0.0
{'success': array([False, False, False, False, False, False]), 'state_dist': array([14.6950501 , 39.22904901, 11.9544038 , 29.02631141, 19.4530593 ,
       30.58071816])}
Success rate:  0.0
{'success': array([False, False, False, False, False, False]), 'state_dist': array([14.75381404, 24.92950678,  9.6395399 , 26.60580941, 21.22704141,
       17.12260524])}
MPC iter 0 Eval ------- 
Success rate:  0.0
{'success': array([False, False, False, False, False, False]), 'state_dist': array([14.75381404, 24.92950678,  9.6395399 , 26.60580941, 21.22704141,
       17.12260524])}
self.is_success:  [False False False False False False]
Success rate:  0.3333333333333333
{'success': array([False, False,  True, False, False,  True]), 'state_dist': array([15.00661208, 18.94888092,  0.76957743, 24.91331062, 23.4368604 ,
        2.49837795])}
Success rate:  0.3333333333333333
{'success': array([False, False,  True, False, False,  True]), 'state_dist': array([15.00661208, 19.19490658,  0.97723163, 24.725117  , 12.1718245 ,
        3.50401284])}
MPC iter 1 Eval ------- 
Success rate:  0.3333333333333333
{'success': array([False, False,  True, False, False,  True]), 'state_dist': array([15.00661208, 19.19490658,  0.97723163, 24.725117  , 12.1718245 ,
        3.50401284])}
self.is_success:  [False False  True False False  True]
Success rate:  0.3333333333333333
{'success': array([False, False,  True, False, False,  True]), 'state_dist': array([15.00661208, 19.19490658,  0.97723163, 24.725117  , 12.1718245 ,
        3.50401284])}
[ok] variant=mixed_int8 opt_steps=2 seed=2 success=0.3333
Planning device: mps
Loading wall dataset...
Loaded 1920 rollouts
[[102, 33, 1056, 1591, 354, 245, 790, 1323, 142, 1745, 1588, 1473, 38, 1192, 735, 832, 547, 1186, 843, 660, 869, 83, 695, 1629, 179, 1658, 157, 1758, 1747, 250, 312, 1361, 1163, 1798, 275, 1099, 1787, 964, 1066, 609, 1666, 774, 181, 1502, 407, 668, 593, 1623, 1101, 565, 1350, 1572, 1094, 512, 148, 809, 263, 1853, 908, 927, 626, 569, 1730, 757, 1574, 1866, 1107, 1706, 391, 1255, 947, 828, 1720, 1057, 19, 1364, 1575, 1914, 1562, 1909, 534, 973, 538, 1017, 646, 285, 309, 1884, 1059, 552, 697, 1702, 145, 819, 649, 665, 169, 1051, 171, 1529, 1470, 291, 1371, 1240, 1641, 1746, 1443, 1307, 1801, 369, 1365, 525, 167, 1121, 1430, 874, 528, 1459, 1617, 770, 359, 923, 507, 884, 1616, 1314, 1149, 1379, 891, 1442, 1047, 1887, 248, 1767, 1620, 283, 392, 1290, 1650, 242, 1399, 807, 159, 204, 775, 1827, 500, 1352, 700, 1265, 1102, 149, 1440, 1258, 1738, 347, 690, 468, 1726, 1234, 1126, 868, 1501, 621, 585, 1523, 121, 1108, 846, 1167, 1405, 114, 474, 1406, 195, 1144, 586, 384, 1680, 298, 308, 529, 901, 475, 992, 1811, 1655, 914, 1598, 560, 1452, 385, 1032, 1895, 756, 1893, 485, 1293, 1876, 378, 206, 61, 1762, 1335, 1779, 1062, 111, 550, 1357, 284, 1074, 880, 592, 712, 1454, 1660, 1067, 946, 1011, 193, 1838, 1072, 1065, 1267, 1217, 591, 678, 792, 180, 1313, 69, 84, 1603, 1775, 201, 1415, 457, 1359, 400, 1759, 1081, 554, 471, 1841, 446, 1670, 688, 140, 1600, 871, 1093, 460, 1831, 818, 940, 1128, 614, 1000, 987, 1048, 72, 465, 804, 1804, 826, 1006, 1129, 270, 954, 86, 107, 1744, 751, 1143, 1554, 1750, 556, 1692, 664, 943, 907, 1713, 881, 1793, 849, 972, 264, 1431, 1040, 1391, 680, 1864, 724, 1549, 455, 600, 389, 1301, 1262, 1073, 1216, 613, 314, 15, 657, 896, 549, 575, 719, 545, 937, 1585, 165, 1252, 338, 970, 1366, 1247, 1024, 14, 855, 212, 887, 977, 1225, 776, 10, 1903, 1423, 596, 726, 431, 959, 1159, 1033, 1458, 1196, 1526, 317, 1358, 454, 1647, 976, 773, 1786, 1462, 488, 41, 571, 1464, 599, 979, 864, 18, 306, 1299, 797, 332, 1424, 1286, 66, 51, 1230, 1527, 1042, 762, 219, 487, 1026, 1282, 1285, 1503, 1597, 1573, 758, 999, 30, 1215, 1315, 1227, 387, 1867, 1421, 220, 932, 1829, 26, 1822, 290, 1088, 1902, 429, 463, 197, 1156, 1539, 1491, 1027, 1901, 733, 1879, 833, 278, 1251, 1899, 1642, 73, 272, 1019, 1084, 1346, 1803, 845, 568, 286, 76, 956, 1237, 48, 939, 1601, 481, 1187, 176, 1231, 1545, 1664, 1244, 87, 47, 194, 1586, 1316, 1125, 1649, 1077, 995, 1665, 1428, 1219, 1712, 1038, 542, 998, 70, 929, 1648, 476, 886, 1134, 1733, 854, 853, 1283, 1432, 1723, 1269, 281, 1174, 110, 1685, 1868, 777, 1522, 353, 798, 1773, 409, 768, 1273, 1490, 221, 1154, 1499, 71, 1637, 720, 1850, 1198, 1755, 1915, 716, 1900, 1835, 672, 319, 1536, 226, 1472, 1602, 969, 492, 428, 895, 814, 1133, 62, 656, 1722, 1621, 1142, 1087, 524, 1590, 1030, 650, 1451, 1913, 1259, 1917, 544, 377, 862, 1202, 1177, 1274, 1123, 617, 605, 1106, 1855, 422, 1769, 362, 1721, 1329, 1206, 1506, 135, 1320, 217, 120, 1120, 1836, 710, 717, 1799, 1557, 722, 1694, 405, 375, 1034, 260, 1496, 411, 1672, 28, 637, 373, 1808, 134, 1012, 536, 1752, 983, 1135, 1576, 483, 13, 404, 841, 1172, 1041, 1843, 161, 847, 1369, 1910, 1782, 1671, 1376, 1856, 498, 806, 635, 1212, 438, 835, 1849, 1109, 1349, 1043, 2, 466, 610, 1165, 885, 951, 344, 300, 1807, 1908, 287, 1877, 705, 1872, 1581, 985, 328, 708, 730, 350, 307, 146, 840, 1180, 494, 16, 555, 1368, 1780, 779, 1771, 1203, 1754, 744, 863, 1684, 639, 1919, 738, 938, 1053, 618, 91, 1886, 1028, 472, 1050, 138, 131, 89, 416, 991, 1254, 467, 227, 1765, 1634, 1789, 1622, 1205, 1874, 839, 1151, 654, 1182, 815, 470, 670, 150, 718, 352, 1579, 879, 443, 1690, 32, 435, 1383, 501, 882, 1085, 1176, 1382, 1171, 686, 1140, 1105, 800, 1516, 1485, 516, 1475, 1434, 1911, 889, 239, 652, 1535, 1639, 335, 1325, 1784, 765, 663, 1224, 448, 1815, 739, 1812, 1076, 747, 1467, 732, 1654, 1828, 502, 1319, 1425, 1160, 1468, 368, 1732, 1248, 143, 808, 674, 713, 129, 1599, 288, 1005, 1643, 1729, 1918, 1064, 279, 1741, 406, 867, 729, 604, 1220, 750, 304, 936, 215, 1626, 1778, 1031, 1756, 305, 1699, 412, 1387, 1640, 210, 188, 253, 645, 1279, 349, 1898, 262, 1082, 213, 255, 1514, 1375, 576, 698, 986, 1119, 508, 1753, 104, 1296, 1380, 128, 163, 693, 1524, 924, 842, 812, 1348, 199, 1386, 1628, 1435, 1772, 817, 931, 334, 1360, 390, 1413, 1783, 944, 905, 1271, 1132, 1857, 35, 340, 1461, 506, 1150, 1455, 594, 1020, 1178, 1770, 1389, 1276, 1355, 1228, 990, 1480, 1100, 1326, 282, 1321, 852, 200, 1146, 1253, 49, 1682, 1221, 1840, 1525, 1037, 1170, 1800, 648, 1243, 266, 926, 782, 1667, 984, 570, 1289, 1860, 893, 1630, 479, 339, 246, 866, 1631, 211, 684, 60, 125, 1513, 836, 43, 1450, 515, 1256, 244, 1063, 1693, 913, 966, 54, 432, 1869, 254, 1916, 577, 1096, 540, 1075, 1261, 1871, 1587, 381, 634, 205, 269, 489, 1890, 37, 746, 386, 551, 1414, 953, 1403, 709, 622, 1497, 1561, 1324, 158, 624, 426, 1466, 44, 267, 994, 318, 1398, 397, 95, 786, 81, 1332, 837, 289, 865, 965, 67, 1696, 816, 1044, 820, 229, 1400, 1362, 491, 1139, 1873, 1338, 559, 1016, 1021, 1436, 1002, 1797, 40, 224, 1615, 1385, 941, 1308, 978, 794, 231, 834, 1675, 1736, 31, 1181, 562, 831, 1272, 767, 372, 1825, 1669, 760, 380, 1343, 42, 1351, 1337, 1441, 268, 1644, 1015, 52, 1469, 1861, 1481, 22, 1605, 361, 1381, 410, 1333, 975, 1046, 1595, 348, 1768, 366, 1281, 772, 974, 495, 358, 590, 187, 631, 1695, 687, 1328, 572, 588, 1805, 620, 1577, 1449, 1433, 1659, 320, 418, 346, 602, 573, 1709, 1300, 113, 427, 1891, 1341, 236, 1001, 370, 723, 1092, 1560, 379, 662, 79, 850, 1704, 824, 627, 436, 666, 1103, 653, 945, 1370, 1232, 587, 234, 103, 1858, 934, 1420, 123, 1818, 1310, 499, 1739, 1493, 1847, 1553, 740, 124, 1260, 1378, 1842, 1777, 1816, 1543, 749, 608, 1563, 996, 25, 101, 90, 459, 337, 122, 580, 829, 533, 292, 452, 1614, 1183, 1322, 1278, 521, 1136, 1190, 96, 259, 1645, 1008, 1888, 342, 445, 1504, 162, 382, 1894, 784, 1404, 1531, 1312, 444, 1097, 1447, 1280, 872, 168, 50, 1687, 1593, 1610, 98, 1242, 769, 642, 1309, 888, 433, 302, 1263, 1169, 1656, 1295, 243, 921, 1438, 1161, 877, 640, 1541, 24, 703, 980, 1173, 935, 1519, 440, 1512, 1137, 822, 1014, 310, 511, 583, 1518, 458, 274, 109, 856, 522, 11, 462, 1236, 232, 633, 1567, 1241, 989, 1725, 280, 875, 1083, 1833, 324, 1566, 249, 172, 696, 1505, 1010, 1477, 1327, 910, 861, 88, 99, 357, 437, 80, 1292, 764, 175, 395, 1716, 699, 1483, 1717, 673, 623, 1697, 1479, 1060, 1651, 553, 981, 218, 1110, 185, 77, 900, 371, 904, 1390, 21, 1882, 595, 1718, 1476, 152, 420, 918, 192, 1679, 1484, 1863, 787, 567, 851, 441, 530, 517, 1419, 1388, 329, 301, 1330, 876, 478, 1530, 676, 1844, 403, 74, 647, 728, 230, 519, 256, 737, 235, 1796, 182, 858, 504, 1287, 1124, 1229, 294, 625, 894, 759, 1544, 330, 1711, 505, 903, 1055, 1238, 1397, 1686, 136, 1275, 1580, 1584, 59, 1112, 1636, 166, 655, 1520, 1540, 374, 496, 414, 1226, 154, 860, 531, 1465, 1345, 1662, 1284, 669, 1627, 1408, 36, 191, 1748, 7, 1498, 802, 325, 957, 208, 228, 1201, 950, 1318, 155, 948, 133, 920, 442, 225, 611, 1633, 796, 667, 1652, 1304, 1609, 1611, 527, 1427, 1354, 689, 930, 870, 925, 56, 1402, 100, 189, 1068, 1737, 322, 523, 247, 971, 1445, 55, 579, 1374, 1571, 1521, 890, 785, 58, 671, 1608, 1168, 1742, 899, 299, 778, 1542, 761, 566, 46, 1708, 1719, 351, 1392, 651, 1764, 811, 449, 922, 261, 1036, 694, 127, 1114, 707, 1487, 1852, 1802, 873, 174, 1865, 1710, 763, 164, 1632, 345, 539, 1141, 805, 919, 911, 184, 548, 1422, 1625, 1155, 399, 1795, 1845, 1889, 1565, 45, 603, 1444, 1517, 1823, 1246, 477, 64, 1164, 1411, 781, 8, 1635, 1583, 1200, 241, 151, 177, 333, 629, 1453, 293, 1760, 636, 1239, 1115, 727, 273, 1394, 1266, 1184, 1619, 1743, 313, 1904, 982, 1367, 153, 564, 1806, 331, 1862, 1848, 606, 1264, 57, 97, 1774, 1814, 1086, 1029, 393, 1488, 85, 1509, 1550, 725, 1638, 1846, 1342, 1728, 993, 421, 1781, 681, 473, 1604, 364, 1613, 679, 780, 1885, 581, 1130, 116, 823, 355, 736, 75, 398, 557, 1740, 1515, 1596, 1250, 641, 1683, 198, 1363, 589, 1223, 1209, 417, 209, 1810, 9, 535, 1500, 1881, 1208, 909, 0, 702, 1897, 598, 1189, 748, 675, 1691, 1152, 755, 4, 1416, 830, 439, 1222, 1340, 692, 1003, 34, 356, 170, 1761, 1657, 1578, 401, 795, 1507, 997, 644, 1166, 447, 518, 563, 336, 1820, 343, 597, 844, 1058, 497, 311, 1463, 754, 1218, 1191, 1148, 1612, 1022, 1344, 1776, 942, 906, 1409, 1098, 130, 1418, 1830, 190, 1303, 1749, 607, 825, 92, 677, 628, 326, 715, 949, 27, 1537, 1025, 1439, 1277, 396, 1270, 53, 558, 584, 616, 630, 1533, 532, 1113, 612, 1080, 173, 1090, 838, 17, 897, 1306, 1311, 1131, 388, 1118, 1528, 1426, 1257, 1460, 1714, 1407, 144, 1734, 258, 1731, 526, 367, 1834, 126, 1104, 638, 791, 265, 223, 461, 1457, 139, 456, 1905, 1663, 1412, 1568, 1763, 883, 1661, 1678, 493, 1606, 1813, 541, 1757, 276, 296, 1673, 222, 1707, 183, 257, 615, 1478, 742, 376, 810, 661, 365, 156, 1298, 1701, 1653, 202, 1334, 1197, 1482, 106, 323, 1448, 1558, 1179, 1854, 902, 1049, 297, 216, 1268, 277, 1336, 1393, 65, 1456, 1052, 5, 1735, 1495, 1175, 988, 117, 721, 1788, 315, 1819, 1305, 1794, 520, 543, 1214, 917, 731, 1091, 1147, 1070, 68, 892, 1486, 464, 783, 115, 1883, 1372, 752, 383, 1122, 582, 1039, 1213, 574, 1594, 1870, 1111, 1792, 706, 1674, 233, 1607, 691, 1417, 1071, 711, 1538, 252, 741, 1396, 1211, 1429, 1906, 513, 799, 1384, 1138, 1688, 1681, 1045, 961, 743, 1824, 619, 766, 1727, 147, 827, 1117, 1547, 1892, 39, 82, 1546, 963, 178, 658, 1592, 425, 484, 415, 1204, 1331, 1207, 561, 912, 451, 1548, 1494, 1210, 1676, 685, 1291, 793, 632, 1018], [1054, 207, 1715, 1233, 514, 238, 1377, 1677, 878, 1624, 1145, 1009, 469, 962, 1194, 93, 1556, 1851, 1569, 1089, 745, 423, 23, 821, 29, 1401, 789, 1791, 788, 1079, 1347, 503, 1199, 753, 848, 1294, 801, 682, 955, 112, 1188, 402, 1878, 1817, 1288, 1821, 1245, 1302, 1007, 1705, 271, 510, 1510, 327, 1127, 486, 1555, 1004, 1589, 1511, 1700, 1373, 1668, 341, 1489, 1790, 1492, 321, 659, 578, 303, 118, 960, 453, 160, 683, 1832, 434, 701, 928, 480, 1446, 1552, 704, 94, 1317, 1410, 394, 186, 771, 859, 1395, 1646, 1570, 1353, 714, 1297, 360, 1153, 1185, 1766, 1471, 1013, 1356, 1437, 78, 63, 1618, 537, 482, 3, 450, 1339, 490, 857, 251, 898, 916, 546, 1809, 1689, 1078, 1069, 1, 1035, 1534, 1158, 203, 1837, 1095, 1235, 295, 933, 1474, 1559, 240, 105, 419, 1751, 1061, 1896, 1162, 1508, 1195, 237, 509, 1875, 6, 1564, 1698, 1907, 20, 1023, 1157, 1724, 132, 1912, 108, 1839, 734, 413, 316, 1249, 1880, 430, 915, 952, 813, 1532, 1116, 1859, 137, 1703, 141, 1785, 1582, 643, 119, 12, 968, 1193, 408, 214, 601, 967, 803, 1551, 363, 424, 958, 1826, 196]]Using cache found in /Users/suraj/.cache/torch/hub/facebookresearch_dinov2_main

Resuming from epoch 65: /Users/suraj/Downloads/outputs/wall_single/checkpoints/model_latest.pth
num_action_repeat: 1
num_proprio_repeat: 1
proprio encoder: ProprioceptiveEmbedding(
  (patch_embed): Conv1d(2, 10, kernel_size=(1,), stride=(1,))
)
action encoder: ProprioceptiveEmbedding(
  (patch_embed): Conv1d(10, 10, kernel_size=(1,), stride=(1,))
)
proprio_dim: 10, after repeat: 10
action_dim: 10, after repeat: 10
emb_dim: 404
Model emb_dim:  404
eval_seed:  [13, 14, 15, 16, 17, 18]
Dumped plan targets to /Users/suraj/Desktop/EAI_DINO/results/wall_bitsweep_h9_mixed/uniform_int4/opt_steps_2/seed_2/plan_targets.pkl
Success rate:  0.0
{'success': array([False, False, False, False, False, False]), 'state_dist': array([15.12762542, 45.22795411, 17.41723695, 32.49881073, 22.2082932 ,
       33.05267966])}
Success rate:  0.0
{'success': array([False, False, False, False, False, False]), 'state_dist': array([16.26681555, 34.74366029, 18.41478879, 23.05206382, 21.16145391,
       24.38988544])}
MPC iter 0 Eval ------- 
Success rate:  0.0
{'success': array([False, False, False, False, False, False]), 'state_dist': array([16.26681555, 34.74366029, 18.41478879, 23.05206382, 21.16145391,
       24.38988544])}
self.is_success:  [False False False False False False]
Success rate:  0.0
{'success': array([False, False, False, False, False, False]), 'state_dist': array([15.7371547 , 25.12047595, 20.35846421, 10.11668799, 24.30088467,
       14.50910113])}
Success rate:  0.16666666666666666
{'success': array([False, False, False,  True, False, False]), 'state_dist': array([17.2900645 , 23.48854958, 21.27975173,  2.7706091 , 24.89394153,
        6.67324582])}
MPC iter 1 Eval ------- 
Success rate:  0.16666666666666666
{'success': array([False, False, False,  True, False, False]), 'state_dist': array([17.2900645 , 23.48854958, 21.27975173,  2.7706091 , 24.89394153,
        6.67324582])}
self.is_success:  [False False False  True False False]
Success rate:  0.16666666666666666
{'success': array([False, False, False,  True, False, False]), 'state_dist': array([17.2900645 , 23.48854958, 21.27975173,  2.7706091 , 24.89394153,
        6.67324582])}
[ok] variant=uniform_int4 opt_steps=2 seed=2 success=0.1667
Planning device: mps
Loading wall dataset...
Loaded 1920 rollouts
[[102, 33, 1056, 1591, 354, 245, 790, 1323, 142, 1745, 1588, 1473, 38, 1192, 735, 832, 547, 1186, 843, 660, 869, 83, 695, 1629, 179, 1658, 157, 1758, 1747, 250, 312, 1361, 1163, 1798, 275, 1099, 1787, 964, 1066, 609, 1666, 774, 181, 1502, 407, 668, 593, 1623, 1101, 565, 1350, 1572, 1094, 512, 148, 809, 263, 1853, 908, 927, 626, 569, 1730, 757, 1574, 1866, 1107, 1706, 391, 1255, 947, 828, 1720, 1057, 19, 1364, 1575, 1914, 1562, 1909, 534, 973, 538, 1017, 646, 285, 309, 1884, 1059, 552, 697, 1702, 145, 819, 649, 665, 169, 1051, 171, 1529, 1470, 291, 1371, 1240, 1641, 1746, 1443, 1307, 1801, 369, 1365, 525, 167, 1121, 1430, 874, 528, 1459, 1617, 770, 359, 923, 507, 884, 1616, 1314, 1149, 1379, 891, 1442, 1047, 1887, 248, 1767, 1620, 283, 392, 1290, 1650, 242, 1399, 807, 159, 204, 775, 1827, 500, 1352, 700, 1265, 1102, 149, 1440, 1258, 1738, 347, 690, 468, 1726, 1234, 1126, 868, 1501, 621, 585, 1523, 121, 1108, 846, 1167, 1405, 114, 474, 1406, 195, 1144, 586, 384, 1680, 298, 308, 529, 901, 475, 992, 1811, 1655, 914, 1598, 560, 1452, 385, 1032, 1895, 756, 1893, 485, 1293, 1876, 378, 206, 61, 1762, 1335, 1779, 1062, 111, 550, 1357, 284, 1074, 880, 592, 712, 1454, 1660, 1067, 946, 1011, 193, 1838, 1072, 1065, 1267, 1217, 591, 678, 792, 180, 1313, 69, 84, 1603, 1775, 201, 1415, 457, 1359, 400, 1759, 1081, 554, 471, 1841, 446, 1670, 688, 140, 1600, 871, 1093, 460, 1831, 818, 940, 1128, 614, 1000, 987, 1048, 72, 465, 804, 1804, 826, 1006, 1129, 270, 954, 86, 107, 1744, 751, 1143, 1554, 1750, 556, 1692, 664, 943, 907, 1713, 881, 1793, 849, 972, 264, 1431, 1040, 1391, 680, 1864, 724, 1549, 455, 600, 389, 1301, 1262, 1073, 1216, 613, 314, 15, 657, 896, 549, 575, 719, 545, 937, 1585, 165, 1252, 338, 970, 1366, 1247, 1024, 14, 855, 212, 887, 977, 1225, 776, 10, 1903, 1423, 596, 726, 431, 959, 1159, 1033, 1458, 1196, 1526, 317, 1358, 454, 1647, 976, 773, 1786, 1462, 488, 41, 571, 1464, 599, 979, 864, 18, 306, 1299, 797, 332, 1424, 1286, 66, 51, 1230, 1527, 1042, 762, 219, 487, 1026, 1282, 1285, 1503, 1597, 1573, 758, 999, 30, 1215, 1315, 1227, 387, 1867, 1421, 220, 932, 1829, 26, 1822, 290, 1088, 1902, 429, 463, 197, 1156, 1539, 1491, 1027, 1901, 733, 1879, 833, 278, 1251, 1899, 1642, 73, 272, 1019, 1084, 1346, 1803, 845, 568, 286, 76, 956, 1237, 48, 939, 1601, 481, 1187, 176, 1231, 1545, 1664, 1244, 87, 47, 194, 1586, 1316, 1125, 1649, 1077, 995, 1665, 1428, 1219, 1712, 1038, 542, 998, 70, 929, 1648, 476, 886, 1134, 1733, 854, 853, 1283, 1432, 1723, 1269, 281, 1174, 110, 1685, 1868, 777, 1522, 353, 798, 1773, 409, 768, 1273, 1490, 221, 1154, 1499, 71, 1637, 720, 1850, 1198, 1755, 1915, 716, 1900, 1835, 672, 319, 1536, 226, 1472, 1602, 969, 492, 428, 895, 814, 1133, 62, 656, 1722, 1621, 1142, 1087, 524, 1590, 1030, 650, 1451, 1913, 1259, 1917, 544, 377, 862, 1202, 1177, 1274, 1123, 617, 605, 1106, 1855, 422, 1769, 362, 1721, 1329, 1206, 1506, 135, 1320, 217, 120, 1120, 1836, 710, 717, 1799, 1557, 722, 1694, 405, 375, 1034, 260, 1496, 411, 1672, 28, 637, 373, 1808, 134, 1012, 536, 1752, 983, 1135, 1576, 483, 13, 404, 841, 1172, 1041, 1843, 161, 847, 1369, 1910, 1782, 1671, 1376, 1856, 498, 806, 635, 1212, 438, 835, 1849, 1109, 1349, 1043, 2, 466, 610, 1165, 885, 951, 344, 300, 1807, 1908, 287, 1877, 705, 1872, 1581, 985, 328, 708, 730, 350, 307, 146, 840, 1180, 494, 16, 555, 1368, 1780, 779, 1771, 1203, 1754, 744, 863, 1684, 639, 1919, 738, 938, 1053, 618, 91, 1886, 1028, 472, 1050, 138, 131, 89, 416, 991, 1254, 467, 227, 1765, 1634, 1789, 1622, 1205, 1874, 839, 1151, 654, 1182, 815, 470, 670, 150, 718, 352, 1579, 879, 443, 1690, 32, 435, 1383, 501, 882, 1085, 1176, 1382, 1171, 686, 1140, 1105, 800, 1516, 1485, 516, 1475, 1434, 1911, 889, 239, 652, 1535, 1639, 335, 1325, 1784, 765, 663, 1224, 448, 1815, 739, 1812, 1076, 747, 1467, 732, 1654, 1828, 502, 1319, 1425, 1160, 1468, 368, 1732, 1248, 143, 808, 674, 713, 129, 1599, 288, 1005, 1643, 1729, 1918, 1064, 279, 1741, 406, 867, 729, 604, 1220, 750, 304, 936, 215, 1626, 1778, 1031, 1756, 305, 1699, 412, 1387, 1640, 210, 188, 253, 645, 1279, 349, 1898, 262, 1082, 213, 255, 1514, 1375, 576, 698, 986, 1119, 508, 1753, 104, 1296, 1380, 128, 163, 693, 1524, 924, 842, 812, 1348, 199, 1386, 1628, 1435, 1772, 817, 931, 334, 1360, 390, 1413, 1783, 944, 905, 1271, 1132, 1857, 35, 340, 1461, 506, 1150, 1455, 594, 1020, 1178, 1770, 1389, 1276, 1355, 1228, 990, 1480, 1100, 1326, 282, 1321, 852, 200, 1146, 1253, 49, 1682, 1221, 1840, 1525, 1037, 1170, 1800, 648, 1243, 266, 926, 782, 1667, 984, 570, 1289, 1860, 893, 1630, 479, 339, 246, 866, 1631, 211, 684, 60, 125, 1513, 836, 43, 1450, 515, 1256, 244, 1063, 1693, 913, 966, 54, 432, 1869, 254, 1916, 577, 1096, 540, 1075, 1261, 1871, 1587, 381, 634, 205, 269, 489, 1890, 37, 746, 386, 551, 1414, 953, 1403, 709, 622, 1497, 1561, 1324, 158, 624, 426, 1466, 44, 267, 994, 318, 1398, 397, 95, 786, 81, 1332, 837, 289, 865, 965, 67, 1696, 816, 1044, 820, 229, 1400, 1362, 491, 1139, 1873, 1338, 559, 1016, 1021, 1436, 1002, 1797, 40, 224, 1615, 1385, 941, 1308, 978, 794, 231, 834, 1675, 1736, 31, 1181, 562, 831, 1272, 767, 372, 1825, 1669, 760, 380, 1343, 42, 1351, 1337, 1441, 268, 1644, 1015, 52, 1469, 1861, 1481, 22, 1605, 361, 1381, 410, 1333, 975, 1046, 1595, 348, 1768, 366, 1281, 772, 974, 495, 358, 590, 187, 631, 1695, 687, 1328, 572, 588, 1805, 620, 1577, 1449, 1433, 1659, 320, 418, 346, 602, 573, 1709, 1300, 113, 427, 1891, 1341, 236, 1001, 370, 723, 1092, 1560, 379, 662, 79, 850, 1704, 824, 627, 436, 666, 1103, 653, 945, 1370, 1232, 587, 234, 103, 1858, 934, 1420, 123, 1818, 1310, 499, 1739, 1493, 1847, 1553, 740, 124, 1260, 1378, 1842, 1777, 1816, 1543, 749, 608, 1563, 996, 25, 101, 90, 459, 337, 122, 580, 829, 533, 292, 452, 1614, 1183, 1322, 1278, 521, 1136, 1190, 96, 259, 1645, 1008, 1888, 342, 445, 1504, 162, 382, 1894, 784, 1404, 1531, 1312, 444, 1097, 1447, 1280, 872, 168, 50, 1687, 1593, 1610, 98, 1242, 769, 642, 1309, 888, 433, 302, 1263, 1169, 1656, 1295, 243, 921, 1438, 1161, 877, 640, 1541, 24, 703, 980, 1173, 935, 1519, 440, 1512, 1137, 822, 1014, 310, 511, 583, 1518, 458, 274, 109, 856, 522, 11, 462, 1236, 232, 633, 1567, 1241, 989, 1725, 280, 875, 1083, 1833, 324, 1566, 249, 172, 696, 1505, 1010, 1477, 1327, 910, 861, 88, 99, 357, 437, 80, 1292, 764, 175, 395, 1716, 699, 1483, 1717, 673, 623, 1697, 1479, 1060, 1651, 553, 981, 218, 1110, 185, 77, 900, 371, 904, 1390, 21, 1882, 595, 1718, 1476, 152, 420, 918, 192, 1679, 1484, 1863, 787, 567, 851, 441, 530, 517, 1419, 1388, 329, 301, 1330, 876, 478, 1530, 676, 1844, 403, 74, 647, 728, 230, 519, 256, 737, 235, 1796, 182, 858, 504, 1287, 1124, 1229, 294, 625, 894, 759, 1544, 330, 1711, 505, 903, 1055, 1238, 1397, 1686, 136, 1275, 1580, 1584, 59, 1112, 1636, 166, 655, 1520, 1540, 374, 496, 414, 1226, 154, 860, 531, 1465, 1345, 1662, 1284, 669, 1627, 1408, 36, 191, 1748, 7, 1498, 802, 325, 957, 208, 228, 1201, 950, 1318, 155, 948, 133, 920, 442, 225, 611, 1633, 796, 667, 1652, 1304, 1609, 1611, 527, 1427, 1354, 689, 930, 870, 925, 56, 1402, 100, 189, 1068, 1737, 322, 523, 247, 971, 1445, 55, 579, 1374, 1571, 1521, 890, 785, 58, 671, 1608, 1168, 1742, 899, 299, 778, 1542, 761, 566, 46, 1708, 1719, 351, 1392, 651, 1764, 811, 449, 922, 261, 1036, 694, 127, 1114, 707, 1487, 1852, 1802, 873, 174, 1865, 1710, 763, 164, 1632, 345, 539, 1141, 805, 919, 911, 184, 548, 1422, 1625, 1155, 399, 1795, 1845, 1889, 1565, 45, 603, 1444, 1517, 1823, 1246, 477, 64, 1164, 1411, 781, 8, 1635, 1583, 1200, 241, 151, 177, 333, 629, 1453, 293, 1760, 636, 1239, 1115, 727, 273, 1394, 1266, 1184, 1619, 1743, 313, 1904, 982, 1367, 153, 564, 1806, 331, 1862, 1848, 606, 1264, 57, 97, 1774, 1814, 1086, 1029, 393, 1488, 85, 1509, 1550, 725, 1638, 1846, 1342, 1728, 993, 421, 1781, 681, 473, 1604, 364, 1613, 679, 780, 1885, 581, 1130, 116, 823, 355, 736, 75, 398, 557, 1740, 1515, 1596, 1250, 641, 1683, 198, 1363, 589, 1223, 1209, 417, 209, 1810, 9, 535, 1500, 1881, 1208, 909, 0, 702, 1897, 598, 1189, 748, 675, 1691, 1152, 755, 4, 1416, 830, 439, 1222, 1340, 692, 1003, 34, 356, 170, 1761, 1657, 1578, 401, 795, 1507, 997, 644, 1166, 447, 518, 563, 336, 1820, 343, 597, 844, 1058, 497, 311, 1463, 754, 1218, 1191, 1148, 1612, 1022, 1344, 1776, 942, 906, 1409, 1098, 130, 1418, 1830, 190, 1303, 1749, 607, 825, 92, 677, 628, 326, 715, 949, 27, 1537, 1025, 1439, 1277, 396, 1270, 53, 558, 584, 616, 630, 1533, 532, 1113, 612, 1080, 173, 1090, 838, 17, 897, 1306, 1311, 1131, 388, 1118, 1528, 1426, 1257, 1460, 1714, 1407, 144, 1734, 258, 1731, 526, 367, 1834, 126, 1104, 638, 791, 265, 223, 461, 1457, 139, 456, 1905, 1663, 1412, 1568, 1763, 883, 1661, 1678, 493, 1606, 1813, 541, 1757, 276, 296, 1673, 222, 1707, 183, 257, 615, 1478, 742, 376, 810, 661, 365, 156, 1298, 1701, 1653, 202, 1334, 1197, 1482, 106, 323, 1448, 1558, 1179, 1854, 902, 1049, 297, 216, 1268, 277, 1336, 1393, 65, 1456, 1052, 5, 1735, 1495, 1175, 988, 117, 721, 1788, 315, 1819, 1305, 1794, 520, 543, 1214, 917, 731, 1091, 1147, 1070, 68, 892, 1486, 464, 783, 115, 1883, 1372, 752, 383, 1122, 582, 1039, 1213, 574, 1594, 1870, 1111, 1792, 706, 1674, 233, 1607, 691, 1417, 1071, 711, 1538, 252, 741, 1396, 1211, 1429, 1906, 513, 799, 1384, 1138, 1688, 1681, 1045, 961, 743, 1824, 619, 766, 1727, 147, 827, 1117, 1547, 1892, 39, 82, 1546, 963, 178, 658, 1592, 425, 484, 415, 1204, 1331, 1207, 561, 912, 451, 1548, 1494, 1210, 1676, 685, 1291, 793, 632, 1018], [1054, 207, 1715, 1233, 514, 238, 1377, 1677, 878, 1624, 1145, 1009, 469, 962, 1194, 93, 1556, 1851, 1569, 1089, 745, 423, 23, 821, 29, 1401, 789, 1791, 788, 1079, 1347, 503, 1199, 753, 848, 1294, 801, 682, 955, 112, 1188, 402, 1878, 1817, 1288, 1821, 1245, 1302, 1007, 1705, 271, 510, 1510, 327, 1127, 486, 1555, 1004, 1589, 1511, 1700, 1373, 1668, 341, 1489, 1790, 1492, 321, 659, 578, 303, 118, 960, 453, 160, 683, 1832, 434, 701, 928, 480, 1446, 1552, 704, 94, 1317, 1410, 394, 186, 771, 859, 1395, 1646, 1570, 1353, 714, 1297, 360, 1153, 1185, 1766, 1471, 1013, 1356, 1437, 78, 63, 1618, 537, 482, 3, 450, 1339, 490, 857, 251, 898, 916, 546, 1809, 1689, 1078, 1069, 1, 1035, 1534, 1158, 203, 1837, 1095, 1235, 295, 933, 1474, 1559, 240, 105, 419, 1751, 1061, 1896, 1162, 1508, 1195, 237, 509, 1875, 6, 1564, 1698, 1907, 20, 1023, 1157, 1724, 132, 1912, 108, 1839, 734, 413, 316, 1249, 1880, 430, 915, 952, 813, 1532, 1116, 1859, 137, 1703, 141, 1785, 1582, 643, 119, 12, 968, 1193, 408, 214, 601, 967, 803, 1551, 363, 424, 958, 1826, 196]]Using cache found in /Users/suraj/.cache/torch/hub/facebookresearch_dinov2_main

Resuming from epoch 65: /Users/suraj/Downloads/outputs/wall_single/checkpoints/model_latest.pth
num_action_repeat: 1
num_proprio_repeat: 1
proprio encoder: ProprioceptiveEmbedding(
  (patch_embed): Conv1d(2, 10, kernel_size=(1,), stride=(1,))
)
action encoder: ProprioceptiveEmbedding(
  (patch_embed): Conv1d(10, 10, kernel_size=(1,), stride=(1,))
)
proprio_dim: 10, after repeat: 10
action_dim: 10, after repeat: 10
emb_dim: 404
Model emb_dim:  404
eval_seed:  [13, 14, 15, 16, 17, 18]
Dumped plan targets to /Users/suraj/Desktop/EAI_DINO/results/wall_bitsweep_h9_mixed/mixed_int4/opt_steps_2/seed_2/plan_targets.pkl
Success rate:  0.0
{'success': array([False, False, False, False, False, False]), 'state_dist': array([14.53313049, 40.99973796, 14.94183218, 38.03974888, 20.6620974 ,
       31.24317694])}
Success rate:  0.0
{'success': array([False, False, False, False, False, False]), 'state_dist': array([14.381585  , 29.99181746, 13.51868807, 42.99316371, 23.44892888,
       19.9698893 ])}
MPC iter 0 Eval ------- 
Success rate:  0.0
{'success': array([False, False, False, False, False, False]), 'state_dist': array([14.381585  , 29.99181746, 13.51868807, 42.99316371, 23.44892888,
       19.9698893 ])}
self.is_success:  [False False False False False False]
Success rate:  0.0
{'success': array([False, False, False, False, False, False]), 'state_dist': array([14.51311572, 24.25784664,  8.9331201 , 34.76873083,  9.18770987,
       15.16811868])}
Success rate:  0.16666666666666666
{'success': array([False, False, False, False,  True, False]), 'state_dist': array([14.1143166 , 18.71083086, 11.10713669, 27.76253738,  3.7439324 ,
        5.86617993])}
MPC iter 1 Eval ------- 
Success rate:  0.16666666666666666
{'success': array([False, False, False, False,  True, False]), 'state_dist': array([14.1143166 , 18.71083086, 11.10713669, 27.76253738,  3.7439324 ,
        5.86617993])}
self.is_success:  [False False False False  True False]
Success rate:  0.16666666666666666
{'success': array([False, False, False, False,  True, False]), 'state_dist': array([14.1143166 , 18.71083086, 11.10713669, 27.76253738,  3.7439324 ,
        5.86617993])}
[ok] variant=mixed_int4 opt_steps=2 seed=2 success=0.1667
Planning device: mps
Loading wall dataset...
Loaded 1920 rollouts
[[102, 33, 1056, 1591, 354, 245, 790, 1323, 142, 1745, 1588, 1473, 38, 1192, 735, 832, 547, 1186, 843, 660, 869, 83, 695, 1629, 179, 1658, 157, 1758, 1747, 250, 312, 1361, 1163, 1798, 275, 1099, 1787, 964, 1066, 609, 1666, 774, 181, 1502, 407, 668, 593, 1623, 1101, 565, 1350, 1572, 1094, 512, 148, 809, 263, 1853, 908, 927, 626, 569, 1730, 757, 1574, 1866, 1107, 1706, 391, 1255, 947, 828, 1720, 1057, 19, 1364, 1575, 1914, 1562, 1909, 534, 973, 538, 1017, 646, 285, 309, 1884, 1059, 552, 697, 1702, 145, 819, 649, 665, 169, 1051, 171, 1529, 1470, 291, 1371, 1240, 1641, 1746, 1443, 1307, 1801, 369, 1365, 525, 167, 1121, 1430, 874, 528, 1459, 1617, 770, 359, 923, 507, 884, 1616, 1314, 1149, 1379, 891, 1442, 1047, 1887, 248, 1767, 1620, 283, 392, 1290, 1650, 242, 1399, 807, 159, 204, 775, 1827, 500, 1352, 700, 1265, 1102, 149, 1440, 1258, 1738, 347, 690, 468, 1726, 1234, 1126, 868, 1501, 621, 585, 1523, 121, 1108, 846, 1167, 1405, 114, 474, 1406, 195, 1144, 586, 384, 1680, 298, 308, 529, 901, 475, 992, 1811, 1655, 914, 1598, 560, 1452, 385, 1032, 1895, 756, 1893, 485, 1293, 1876, 378, 206, 61, 1762, 1335, 1779, 1062, 111, 550, 1357, 284, 1074, 880, 592, 712, 1454, 1660, 1067, 946, 1011, 193, 1838, 1072, 1065, 1267, 1217, 591, 678, 792, 180, 1313, 69, 84, 1603, 1775, 201, 1415, 457, 1359, 400, 1759, 1081, 554, 471, 1841, 446, 1670, 688, 140, 1600, 871, 1093, 460, 1831, 818, 940, 1128, 614, 1000, 987, 1048, 72, 465, 804, 1804, 826, 1006, 1129, 270, 954, 86, 107, 1744, 751, 1143, 1554, 1750, 556, 1692, 664, 943, 907, 1713, 881, 1793, 849, 972, 264, 1431, 1040, 1391, 680, 1864, 724, 1549, 455, 600, 389, 1301, 1262, 1073, 1216, 613, 314, 15, 657, 896, 549, 575, 719, 545, 937, 1585, 165, 1252, 338, 970, 1366, 1247, 1024, 14, 855, 212, 887, 977, 1225, 776, 10, 1903, 1423, 596, 726, 431, 959, 1159, 1033, 1458, 1196, 1526, 317, 1358, 454, 1647, 976, 773, 1786, 1462, 488, 41, 571, 1464, 599, 979, 864, 18, 306, 1299, 797, 332, 1424, 1286, 66, 51, 1230, 1527, 1042, 762, 219, 487, 1026, 1282, 1285, 1503, 1597, 1573, 758, 999, 30, 1215, 1315, 1227, 387, 1867, 1421, 220, 932, 1829, 26, 1822, 290, 1088, 1902, 429, 463, 197, 1156, 1539, 1491, 1027, 1901, 733, 1879, 833, 278, 1251, 1899, 1642, 73, 272, 1019, 1084, 1346, 1803, 845, 568, 286, 76, 956, 1237, 48, 939, 1601, 481, 1187, 176, 1231, 1545, 1664, 1244, 87, 47, 194, 1586, 1316, 1125, 1649, 1077, 995, 1665, 1428, 1219, 1712, 1038, 542, 998, 70, 929, 1648, 476, 886, 1134, 1733, 854, 853, 1283, 1432, 1723, 1269, 281, 1174, 110, 1685, 1868, 777, 1522, 353, 798, 1773, 409, 768, 1273, 1490, 221, 1154, 1499, 71, 1637, 720, 1850, 1198, 1755, 1915, 716, 1900, 1835, 672, 319, 1536, 226, 1472, 1602, 969, 492, 428, 895, 814, 1133, 62, 656, 1722, 1621, 1142, 1087, 524, 1590, 1030, 650, 1451, 1913, 1259, 1917, 544, 377, 862, 1202, 1177, 1274, 1123, 617, 605, 1106, 1855, 422, 1769, 362, 1721, 1329, 1206, 1506, 135, 1320, 217, 120, 1120, 1836, 710, 717, 1799, 1557, 722, 1694, 405, 375, 1034, 260, 1496, 411, 1672, 28, 637, 373, 1808, 134, 1012, 536, 1752, 983, 1135, 1576, 483, 13, 404, 841, 1172, 1041, 1843, 161, 847, 1369, 1910, 1782, 1671, 1376, 1856, 498, 806, 635, 1212, 438, 835, 1849, 1109, 1349, 1043, 2, 466, 610, 1165, 885, 951, 344, 300, 1807, 1908, 287, 1877, 705, 1872, 1581, 985, 328, 708, 730, 350, 307, 146, 840, 1180, 494, 16, 555, 1368, 1780, 779, 1771, 1203, 1754, 744, 863, 1684, 639, 1919, 738, 938, 1053, 618, 91, 1886, 1028, 472, 1050, 138, 131, 89, 416, 991, 1254, 467, 227, 1765, 1634, 1789, 1622, 1205, 1874, 839, 1151, 654, 1182, 815, 470, 670, 150, 718, 352, 1579, 879, 443, 1690, 32, 435, 1383, 501, 882, 1085, 1176, 1382, 1171, 686, 1140, 1105, 800, 1516, 1485, 516, 1475, 1434, 1911, 889, 239, 652, 1535, 1639, 335, 1325, 1784, 765, 663, 1224, 448, 1815, 739, 1812, 1076, 747, 1467, 732, 1654, 1828, 502, 1319, 1425, 1160, 1468, 368, 1732, 1248, 143, 808, 674, 713, 129, 1599, 288, 1005, 1643, 1729, 1918, 1064, 279, 1741, 406, 867, 729, 604, 1220, 750, 304, 936, 215, 1626, 1778, 1031, 1756, 305, 1699, 412, 1387, 1640, 210, 188, 253, 645, 1279, 349, 1898, 262, 1082, 213, 255, 1514, 1375, 576, 698, 986, 1119, 508, 1753, 104, 1296, 1380, 128, 163, 693, 1524, 924, 842, 812, 1348, 199, 1386, 1628, 1435, 1772, 817, 931, 334, 1360, 390, 1413, 1783, 944, 905, 1271, 1132, 1857, 35, 340, 1461, 506, 1150, 1455, 594, 1020, 1178, 1770, 1389, 1276, 1355, 1228, 990, 1480, 1100, 1326, 282, 1321, 852, 200, 1146, 1253, 49, 1682, 1221, 1840, 1525, 1037, 1170, 1800, 648, 1243, 266, 926, 782, 1667, 984, 570, 1289, 1860, 893, 1630, 479, 339, 246, 866, 1631, 211, 684, 60, 125, 1513, 836, 43, 1450, 515, 1256, 244, 1063, 1693, 913, 966, 54, 432, 1869, 254, 1916, 577, 1096, 540, 1075, 1261, 1871, 1587, 381, 634, 205, 269, 489, 1890, 37, 746, 386, 551, 1414, 953, 1403, 709, 622, 1497, 1561, 1324, 158, 624, 426, 1466, 44, 267, 994, 318, 1398, 397, 95, 786, 81, 1332, 837, 289, 865, 965, 67, 1696, 816, 1044, 820, 229, 1400, 1362, 491, 1139, 1873, 1338, 559, 1016, 1021, 1436, 1002, 1797, 40, 224, 1615, 1385, 941, 1308, 978, 794, 231, 834, 1675, 1736, 31, 1181, 562, 831, 1272, 767, 372, 1825, 1669, 760, 380, 1343, 42, 1351, 1337, 1441, 268, 1644, 1015, 52, 1469, 1861, 1481, 22, 1605, 361, 1381, 410, 1333, 975, 1046, 1595, 348, 1768, 366, 1281, 772, 974, 495, 358, 590, 187, 631, 1695, 687, 1328, 572, 588, 1805, 620, 1577, 1449, 1433, 1659, 320, 418, 346, 602, 573, 1709, 1300, 113, 427, 1891, 1341, 236, 1001, 370, 723, 1092, 1560, 379, 662, 79, 850, 1704, 824, 627, 436, 666, 1103, 653, 945, 1370, 1232, 587, 234, 103, 1858, 934, 1420, 123, 1818, 1310, 499, 1739, 1493, 1847, 1553, 740, 124, 1260, 1378, 1842, 1777, 1816, 1543, 749, 608, 1563, 996, 25, 101, 90, 459, 337, 122, 580, 829, 533, 292, 452, 1614, 1183, 1322, 1278, 521, 1136, 1190, 96, 259, 1645, 1008, 1888, 342, 445, 1504, 162, 382, 1894, 784, 1404, 1531, 1312, 444, 1097, 1447, 1280, 872, 168, 50, 1687, 1593, 1610, 98, 1242, 769, 642, 1309, 888, 433, 302, 1263, 1169, 1656, 1295, 243, 921, 1438, 1161, 877, 640, 1541, 24, 703, 980, 1173, 935, 1519, 440, 1512, 1137, 822, 1014, 310, 511, 583, 1518, 458, 274, 109, 856, 522, 11, 462, 1236, 232, 633, 1567, 1241, 989, 1725, 280, 875, 1083, 1833, 324, 1566, 249, 172, 696, 1505, 1010, 1477, 1327, 910, 861, 88, 99, 357, 437, 80, 1292, 764, 175, 395, 1716, 699, 1483, 1717, 673, 623, 1697, 1479, 1060, 1651, 553, 981, 218, 1110, 185, 77, 900, 371, 904, 1390, 21, 1882, 595, 1718, 1476, 152, 420, 918, 192, 1679, 1484, 1863, 787, 567, 851, 441, 530, 517, 1419, 1388, 329, 301, 1330, 876, 478, 1530, 676, 1844, 403, 74, 647, 728, 230, 519, 256, 737, 235, 1796, 182, 858, 504, 1287, 1124, 1229, 294, 625, 894, 759, 1544, 330, 1711, 505, 903, 1055, 1238, 1397, 1686, 136, 1275, 1580, 1584, 59, 1112, 1636, 166, 655, 1520, 1540, 374, 496, 414, 1226, 154, 860, 531, 1465, 1345, 1662, 1284, 669, 1627, 1408, 36, 191, 1748, 7, 1498, 802, 325, 957, 208, 228, 1201, 950, 1318, 155, 948, 133, 920, 442, 225, 611, 1633, 796, 667, 1652, 1304, 1609, 1611, 527, 1427, 1354, 689, 930, 870, 925, 56, 1402, 100, 189, 1068, 1737, 322, 523, 247, 971, 1445, 55, 579, 1374, 1571, 1521, 890, 785, 58, 671, 1608, 1168, 1742, 899, 299, 778, 1542, 761, 566, 46, 1708, 1719, 351, 1392, 651, 1764, 811, 449, 922, 261, 1036, 694, 127, 1114, 707, 1487, 1852, 1802, 873, 174, 1865, 1710, 763, 164, 1632, 345, 539, 1141, 805, 919, 911, 184, 548, 1422, 1625, 1155, 399, 1795, 1845, 1889, 1565, 45, 603, 1444, 1517, 1823, 1246, 477, 64, 1164, 1411, 781, 8, 1635, 1583, 1200, 241, 151, 177, 333, 629, 1453, 293, 1760, 636, 1239, 1115, 727, 273, 1394, 1266, 1184, 1619, 1743, 313, 1904, 982, 1367, 153, 564, 1806, 331, 1862, 1848, 606, 1264, 57, 97, 1774, 1814, 1086, 1029, 393, 1488, 85, 1509, 1550, 725, 1638, 1846, 1342, 1728, 993, 421, 1781, 681, 473, 1604, 364, 1613, 679, 780, 1885, 581, 1130, 116, 823, 355, 736, 75, 398, 557, 1740, 1515, 1596, 1250, 641, 1683, 198, 1363, 589, 1223, 1209, 417, 209, 1810, 9, 535, 1500, 1881, 1208, 909, 0, 702, 1897, 598, 1189, 748, 675, 1691, 1152, 755, 4, 1416, 830, 439, 1222, 1340, 692, 1003, 34, 356, 170, 1761, 1657, 1578, 401, 795, 1507, 997, 644, 1166, 447, 518, 563, 336, 1820, 343, 597, 844, 1058, 497, 311, 1463, 754, 1218, 1191, 1148, 1612, 1022, 1344, 1776, 942, 906, 1409, 1098, 130, 1418, 1830, 190, 1303, 1749, 607, 825, 92, 677, 628, 326, 715, 949, 27, 1537, 1025, 1439, 1277, 396, 1270, 53, 558, 584, 616, 630, 1533, 532, 1113, 612, 1080, 173, 1090, 838, 17, 897, 1306, 1311, 1131, 388, 1118, 1528, 1426, 1257, 1460, 1714, 1407, 144, 1734, 258, 1731, 526, 367, 1834, 126, 1104, 638, 791, 265, 223, 461, 1457, 139, 456, 1905, 1663, 1412, 1568, 1763, 883, 1661, 1678, 493, 1606, 1813, 541, 1757, 276, 296, 1673, 222, 1707, 183, 257, 615, 1478, 742, 376, 810, 661, 365, 156, 1298, 1701, 1653, 202, 1334, 1197, 1482, 106, 323, 1448, 1558, 1179, 1854, 902, 1049, 297, 216, 1268, 277, 1336, 1393, 65, 1456, 1052, 5, 1735, 1495, 1175, 988, 117, 721, 1788, 315, 1819, 1305, 1794, 520, 543, 1214, 917, 731, 1091, 1147, 1070, 68, 892, 1486, 464, 783, 115, 1883, 1372, 752, 383, 1122, 582, 1039, 1213, 574, 1594, 1870, 1111, 1792, 706, 1674, 233, 1607, 691, 1417, 1071, 711, 1538, 252, 741, 1396, 1211, 1429, 1906, 513, 799, 1384, 1138, 1688, 1681, 1045, 961, 743, 1824, 619, 766, 1727, 147, 827, 1117, 1547, 1892, 39, 82, 1546, 963, 178, 658, 1592, 425, 484, 415, 1204, 1331, 1207, 561, 912, 451, 1548, 1494, 1210, 1676, 685, 1291, 793, 632, 1018], [1054, 207, 1715, 1233, 514, 238, 1377, 1677, 878, 1624, 1145, 1009, 469, 962, 1194, 93, 1556, 1851, 1569, 1089, 745, 423, 23, 821, 29, 1401, 789, 1791, 788, 1079, 1347, 503, 1199, 753, 848, 1294, 801, 682, 955, 112, 1188, 402, 1878, 1817, 1288, 1821, 1245, 1302, 1007, 1705, 271, 510, 1510, 327, 1127, 486, 1555, 1004, 1589, 1511, 1700, 1373, 1668, 341, 1489, 1790, 1492, 321, 659, 578, 303, 118, 960, 453, 160, 683, 1832, 434, 701, 928, 480, 1446, 1552, 704, 94, 1317, 1410, 394, 186, 771, 859, 1395, 1646, 1570, 1353, 714, 1297, 360, 1153, 1185, 1766, 1471, 1013, 1356, 1437, 78, 63, 1618, 537, 482, 3, 450, 1339, 490, 857, 251, 898, 916, 546, 1809, 1689, 1078, 1069, 1, 1035, 1534, 1158, 203, 1837, 1095, 1235, 295, 933, 1474, 1559, 240, 105, 419, 1751, 1061, 1896, 1162, 1508, 1195, 237, 509, 1875, 6, 1564, 1698, 1907, 20, 1023, 1157, 1724, 132, 1912, 108, 1839, 734, 413, 316, 1249, 1880, 430, 915, 952, 813, 1532, 1116, 1859, 137, 1703, 141, 1785, 1582, 643, 119, 12, 968, 1193, 408, 214, 601, 967, 803, 1551, 363, 424, 958, 1826, 196]]Using cache found in /Users/suraj/.cache/torch/hub/facebookresearch_dinov2_main

Resuming from epoch 65: /Users/suraj/Downloads/outputs/wall_single/checkpoints/model_latest.pth
num_action_repeat: 1
num_proprio_repeat: 1
proprio encoder: ProprioceptiveEmbedding(
  (patch_embed): Conv1d(2, 10, kernel_size=(1,), stride=(1,))
)
action encoder: ProprioceptiveEmbedding(
  (patch_embed): Conv1d(10, 10, kernel_size=(1,), stride=(1,))
)
proprio_dim: 10, after repeat: 10
action_dim: 10, after repeat: 10
emb_dim: 404
Model emb_dim:  404
eval_seed:  [13, 14, 15, 16, 17, 18]
Dumped plan targets to /Users/suraj/Desktop/EAI_DINO/results/wall_bitsweep_h9_mixed/uniform_int3/opt_steps_2/seed_2/plan_targets.pkl
Success rate:  0.0
{'success': array([False, False, False, False, False, False]), 'state_dist': array([21.12024405, 66.49948906, 32.07791804, 55.19960799, 32.95249075,
       41.12027116])}
Success rate:  0.0
{'success': array([False, False, False, False, False, False]), 'state_dist': array([20.96171429, 67.05075249, 39.3373027 , 57.30142124, 27.28967115,
       39.28986707])}
MPC iter 0 Eval ------- 
Success rate:  0.0
{'success': array([False, False, False, False, False, False]), 'state_dist': array([20.96171429, 67.05075249, 39.3373027 , 57.30142124, 27.28967115,
       39.28986707])}
self.is_success:  [False False False False False False]
Success rate:  0.0
{'success': array([False, False, False, False, False, False]), 'state_dist': array([24.44854968, 67.24042571, 37.59056891, 60.34221969, 22.89370214,
       33.85050859])}
Success rate:  0.0
{'success': array([False, False, False, False, False, False]), 'state_dist': array([28.50384034, 67.24042571, 37.0592634 , 61.93370805, 19.55703779,
       31.35788749])}
MPC iter 1 Eval ------- 
Success rate:  0.0
{'success': array([False, False, False, False, False, False]), 'state_dist': array([28.50384034, 67.24042571, 37.0592634 , 61.93370805, 19.55703779,
       31.35788749])}
self.is_success:  [False False False False False False]
Success rate:  0.0
{'success': array([False, False, False, False, False, False]), 'state_dist': array([28.50384034, 67.24042571, 37.0592634 , 61.93370805, 19.55703779,
       31.35788749])}
[ok] variant=uniform_int3 opt_steps=2 seed=2 success=0.0000
Planning device: mps
Loading wall dataset...
Loaded 1920 rollouts
[[102, 33, 1056, 1591, 354, 245, 790, 1323, 142, 1745, 1588, 1473, 38, 1192, 735, 832, 547, 1186, 843, 660, 869, 83, 695, 1629, 179, 1658, 157, 1758, 1747, 250, 312, 1361, 1163, 1798, 275, 1099, 1787, 964, 1066, 609, 1666, 774, 181, 1502, 407, 668, 593, 1623, 1101, 565, 1350, 1572, 1094, 512, 148, 809, 263, 1853, 908, 927, 626, 569, 1730, 757, 1574, 1866, 1107, 1706, 391, 1255, 947, 828, 1720, 1057, 19, 1364, 1575, 1914, 1562, 1909, 534, 973, 538, 1017, 646, 285, 309, 1884, 1059, 552, 697, 1702, 145, 819, 649, 665, 169, 1051, 171, 1529, 1470, 291, 1371, 1240, 1641, 1746, 1443, 1307, 1801, 369, 1365, 525, 167, 1121, 1430, 874, 528, 1459, 1617, 770, 359, 923, 507, 884, 1616, 1314, 1149, 1379, 891, 1442, 1047, 1887, 248, 1767, 1620, 283, 392, 1290, 1650, 242, 1399, 807, 159, 204, 775, 1827, 500, 1352, 700, 1265, 1102, 149, 1440, 1258, 1738, 347, 690, 468, 1726, 1234, 1126, 868, 1501, 621, 585, 1523, 121, 1108, 846, 1167, 1405, 114, 474, 1406, 195, 1144, 586, 384, 1680, 298, 308, 529, 901, 475, 992, 1811, 1655, 914, 1598, 560, 1452, 385, 1032, 1895, 756, 1893, 485, 1293, 1876, 378, 206, 61, 1762, 1335, 1779, 1062, 111, 550, 1357, 284, 1074, 880, 592, 712, 1454, 1660, 1067, 946, 1011, 193, 1838, 1072, 1065, 1267, 1217, 591, 678, 792, 180, 1313, 69, 84, 1603, 1775, 201, 1415, 457, 1359, 400, 1759, 1081, 554, 471, 1841, 446, 1670, 688, 140, 1600, 871, 1093, 460, 1831, 818, 940, 1128, 614, 1000, 987, 1048, 72, 465, 804, 1804, 826, 1006, 1129, 270, 954, 86, 107, 1744, 751, 1143, 1554, 1750, 556, 1692, 664, 943, 907, 1713, 881, 1793, 849, 972, 264, 1431, 1040, 1391, 680, 1864, 724, 1549, 455, 600, 389, 1301, 1262, 1073, 1216, 613, 314, 15, 657, 896, 549, 575, 719, 545, 937, 1585, 165, 1252, 338, 970, 1366, 1247, 1024, 14, 855, 212, 887, 977, 1225, 776, 10, 1903, 1423, 596, 726, 431, 959, 1159, 1033, 1458, 1196, 1526, 317, 1358, 454, 1647, 976, 773, 1786, 1462, 488, 41, 571, 1464, 599, 979, 864, 18, 306, 1299, 797, 332, 1424, 1286, 66, 51, 1230, 1527, 1042, 762, 219, 487, 1026, 1282, 1285, 1503, 1597, 1573, 758, 999, 30, 1215, 1315, 1227, 387, 1867, 1421, 220, 932, 1829, 26, 1822, 290, 1088, 1902, 429, 463, 197, 1156, 1539, 1491, 1027, 1901, 733, 1879, 833, 278, 1251, 1899, 1642, 73, 272, 1019, 1084, 1346, 1803, 845, 568, 286, 76, 956, 1237, 48, 939, 1601, 481, 1187, 176, 1231, 1545, 1664, 1244, 87, 47, 194, 1586, 1316, 1125, 1649, 1077, 995, 1665, 1428, 1219, 1712, 1038, 542, 998, 70, 929, 1648, 476, 886, 1134, 1733, 854, 853, 1283, 1432, 1723, 1269, 281, 1174, 110, 1685, 1868, 777, 1522, 353, 798, 1773, 409, 768, 1273, 1490, 221, 1154, 1499, 71, 1637, 720, 1850, 1198, 1755, 1915, 716, 1900, 1835, 672, 319, 1536, 226, 1472, 1602, 969, 492, 428, 895, 814, 1133, 62, 656, 1722, 1621, 1142, 1087, 524, 1590, 1030, 650, 1451, 1913, 1259, 1917, 544, 377, 862, 1202, 1177, 1274, 1123, 617, 605, 1106, 1855, 422, 1769, 362, 1721, 1329, 1206, 1506, 135, 1320, 217, 120, 1120, 1836, 710, 717, 1799, 1557, 722, 1694, 405, 375, 1034, 260, 1496, 411, 1672, 28, 637, 373, 1808, 134, 1012, 536, 1752, 983, 1135, 1576, 483, 13, 404, 841, 1172, 1041, 1843, 161, 847, 1369, 1910, 1782, 1671, 1376, 1856, 498, 806, 635, 1212, 438, 835, 1849, 1109, 1349, 1043, 2, 466, 610, 1165, 885, 951, 344, 300, 1807, 1908, 287, 1877, 705, 1872, 1581, 985, 328, 708, 730, 350, 307, 146, 840, 1180, 494, 16, 555, 1368, 1780, 779, 1771, 1203, 1754, 744, 863, 1684, 639, 1919, 738, 938, 1053, 618, 91, 1886, 1028, 472, 1050, 138, 131, 89, 416, 991, 1254, 467, 227, 1765, 1634, 1789, 1622, 1205, 1874, 839, 1151, 654, 1182, 815, 470, 670, 150, 718, 352, 1579, 879, 443, 1690, 32, 435, 1383, 501, 882, 1085, 1176, 1382, 1171, 686, 1140, 1105, 800, 1516, 1485, 516, 1475, 1434, 1911, 889, 239, 652, 1535, 1639, 335, 1325, 1784, 765, 663, 1224, 448, 1815, 739, 1812, 1076, 747, 1467, 732, 1654, 1828, 502, 1319, 1425, 1160, 1468, 368, 1732, 1248, 143, 808, 674, 713, 129, 1599, 288, 1005, 1643, 1729, 1918, 1064, 279, 1741, 406, 867, 729, 604, 1220, 750, 304, 936, 215, 1626, 1778, 1031, 1756, 305, 1699, 412, 1387, 1640, 210, 188, 253, 645, 1279, 349, 1898, 262, 1082, 213, 255, 1514, 1375, 576, 698, 986, 1119, 508, 1753, 104, 1296, 1380, 128, 163, 693, 1524, 924, 842, 812, 1348, 199, 1386, 1628, 1435, 1772, 817, 931, 334, 1360, 390, 1413, 1783, 944, 905, 1271, 1132, 1857, 35, 340, 1461, 506, 1150, 1455, 594, 1020, 1178, 1770, 1389, 1276, 1355, 1228, 990, 1480, 1100, 1326, 282, 1321, 852, 200, 1146, 1253, 49, 1682, 1221, 1840, 1525, 1037, 1170, 1800, 648, 1243, 266, 926, 782, 1667, 984, 570, 1289, 1860, 893, 1630, 479, 339, 246, 866, 1631, 211, 684, 60, 125, 1513, 836, 43, 1450, 515, 1256, 244, 1063, 1693, 913, 966, 54, 432, 1869, 254, 1916, 577, 1096, 540, 1075, 1261, 1871, 1587, 381, 634, 205, 269, 489, 1890, 37, 746, 386, 551, 1414, 953, 1403, 709, 622, 1497, 1561, 1324, 158, 624, 426, 1466, 44, 267, 994, 318, 1398, 397, 95, 786, 81, 1332, 837, 289, 865, 965, 67, 1696, 816, 1044, 820, 229, 1400, 1362, 491, 1139, 1873, 1338, 559, 1016, 1021, 1436, 1002, 1797, 40, 224, 1615, 1385, 941, 1308, 978, 794, 231, 834, 1675, 1736, 31, 1181, 562, 831, 1272, 767, 372, 1825, 1669, 760, 380, 1343, 42, 1351, 1337, 1441, 268, 1644, 1015, 52, 1469, 1861, 1481, 22, 1605, 361, 1381, 410, 1333, 975, 1046, 1595, 348, 1768, 366, 1281, 772, 974, 495, 358, 590, 187, 631, 1695, 687, 1328, 572, 588, 1805, 620, 1577, 1449, 1433, 1659, 320, 418, 346, 602, 573, 1709, 1300, 113, 427, 1891, 1341, 236, 1001, 370, 723, 1092, 1560, 379, 662, 79, 850, 1704, 824, 627, 436, 666, 1103, 653, 945, 1370, 1232, 587, 234, 103, 1858, 934, 1420, 123, 1818, 1310, 499, 1739, 1493, 1847, 1553, 740, 124, 1260, 1378, 1842, 1777, 1816, 1543, 749, 608, 1563, 996, 25, 101, 90, 459, 337, 122, 580, 829, 533, 292, 452, 1614, 1183, 1322, 1278, 521, 1136, 1190, 96, 259, 1645, 1008, 1888, 342, 445, 1504, 162, 382, 1894, 784, 1404, 1531, 1312, 444, 1097, 1447, 1280, 872, 168, 50, 1687, 1593, 1610, 98, 1242, 769, 642, 1309, 888, 433, 302, 1263, 1169, 1656, 1295, 243, 921, 1438, 1161, 877, 640, 1541, 24, 703, 980, 1173, 935, 1519, 440, 1512, 1137, 822, 1014, 310, 511, 583, 1518, 458, 274, 109, 856, 522, 11, 462, 1236, 232, 633, 1567, 1241, 989, 1725, 280, 875, 1083, 1833, 324, 1566, 249, 172, 696, 1505, 1010, 1477, 1327, 910, 861, 88, 99, 357, 437, 80, 1292, 764, 175, 395, 1716, 699, 1483, 1717, 673, 623, 1697, 1479, 1060, 1651, 553, 981, 218, 1110, 185, 77, 900, 371, 904, 1390, 21, 1882, 595, 1718, 1476, 152, 420, 918, 192, 1679, 1484, 1863, 787, 567, 851, 441, 530, 517, 1419, 1388, 329, 301, 1330, 876, 478, 1530, 676, 1844, 403, 74, 647, 728, 230, 519, 256, 737, 235, 1796, 182, 858, 504, 1287, 1124, 1229, 294, 625, 894, 759, 1544, 330, 1711, 505, 903, 1055, 1238, 1397, 1686, 136, 1275, 1580, 1584, 59, 1112, 1636, 166, 655, 1520, 1540, 374, 496, 414, 1226, 154, 860, 531, 1465, 1345, 1662, 1284, 669, 1627, 1408, 36, 191, 1748, 7, 1498, 802, 325, 957, 208, 228, 1201, 950, 1318, 155, 948, 133, 920, 442, 225, 611, 1633, 796, 667, 1652, 1304, 1609, 1611, 527, 1427, 1354, 689, 930, 870, 925, 56, 1402, 100, 189, 1068, 1737, 322, 523, 247, 971, 1445, 55, 579, 1374, 1571, 1521, 890, 785, 58, 671, 1608, 1168, 1742, 899, 299, 778, 1542, 761, 566, 46, 1708, 1719, 351, 1392, 651, 1764, 811, 449, 922, 261, 1036, 694, 127, 1114, 707, 1487, 1852, 1802, 873, 174, 1865, 1710, 763, 164, 1632, 345, 539, 1141, 805, 919, 911, 184, 548, 1422, 1625, 1155, 399, 1795, 1845, 1889, 1565, 45, 603, 1444, 1517, 1823, 1246, 477, 64, 1164, 1411, 781, 8, 1635, 1583, 1200, 241, 151, 177, 333, 629, 1453, 293, 1760, 636, 1239, 1115, 727, 273, 1394, 1266, 1184, 1619, 1743, 313, 1904, 982, 1367, 153, 564, 1806, 331, 1862, 1848, 606, 1264, 57, 97, 1774, 1814, 1086, 1029, 393, 1488, 85, 1509, 1550, 725, 1638, 1846, 1342, 1728, 993, 421, 1781, 681, 473, 1604, 364, 1613, 679, 780, 1885, 581, 1130, 116, 823, 355, 736, 75, 398, 557, 1740, 1515, 1596, 1250, 641, 1683, 198, 1363, 589, 1223, 1209, 417, 209, 1810, 9, 535, 1500, 1881, 1208, 909, 0, 702, 1897, 598, 1189, 748, 675, 1691, 1152, 755, 4, 1416, 830, 439, 1222, 1340, 692, 1003, 34, 356, 170, 1761, 1657, 1578, 401, 795, 1507, 997, 644, 1166, 447, 518, 563, 336, 1820, 343, 597, 844, 1058, 497, 311, 1463, 754, 1218, 1191, 1148, 1612, 1022, 1344, 1776, 942, 906, 1409, 1098, 130, 1418, 1830, 190, 1303, 1749, 607, 825, 92, 677, 628, 326, 715, 949, 27, 1537, 1025, 1439, 1277, 396, 1270, 53, 558, 584, 616, 630, 1533, 532, 1113, 612, 1080, 173, 1090, 838, 17, 897, 1306, 1311, 1131, 388, 1118, 1528, 1426, 1257, 1460, 1714, 1407, 144, 1734, 258, 1731, 526, 367, 1834, 126, 1104, 638, 791, 265, 223, 461, 1457, 139, 456, 1905, 1663, 1412, 1568, 1763, 883, 1661, 1678, 493, 1606, 1813, 541, 1757, 276, 296, 1673, 222, 1707, 183, 257, 615, 1478, 742, 376, 810, 661, 365, 156, 1298, 1701, 1653, 202, 1334, 1197, 1482, 106, 323, 1448, 1558, 1179, 1854, 902, 1049, 297, 216, 1268, 277, 1336, 1393, 65, 1456, 1052, 5, 1735, 1495, 1175, 988, 117, 721, 1788, 315, 1819, 1305, 1794, 520, 543, 1214, 917, 731, 1091, 1147, 1070, 68, 892, 1486, 464, 783, 115, 1883, 1372, 752, 383, 1122, 582, 1039, 1213, 574, 1594, 1870, 1111, 1792, 706, 1674, 233, 1607, 691, 1417, 1071, 711, 1538, 252, 741, 1396, 1211, 1429, 1906, 513, 799, 1384, 1138, 1688, 1681, 1045, 961, 743, 1824, 619, 766, 1727, 147, 827, 1117, 1547, 1892, 39, 82, 1546, 963, 178, 658, 1592, 425, 484, 415, 1204, 1331, 1207, 561, 912, 451, 1548, 1494, 1210, 1676, 685, 1291, 793, 632, 1018], [1054, 207, 1715, 1233, 514, 238, 1377, 1677, 878, 1624, 1145, 1009, 469, 962, 1194, 93, 1556, 1851, 1569, 1089, 745, 423, 23, 821, 29, 1401, 789, 1791, 788, 1079, 1347, 503, 1199, 753, 848, 1294, 801, 682, 955, 112, 1188, 402, 1878, 1817, 1288, 1821, 1245, 1302, 1007, 1705, 271, 510, 1510, 327, 1127, 486, 1555, 1004, 1589, 1511, 1700, 1373, 1668, 341, 1489, 1790, 1492, 321, 659, 578, 303, 118, 960, 453, 160, 683, 1832, 434, 701, 928, 480, 1446, 1552, 704, 94, 1317, 1410, 394, 186, 771, 859, 1395, 1646, 1570, 1353, 714, 1297, 360, 1153, 1185, 1766, 1471, 1013, 1356, 1437, 78, 63, 1618, 537, 482, 3, 450, 1339, 490, 857, 251, 898, 916, 546, 1809, 1689, 1078, 1069, 1, 1035, 1534, 1158, 203, 1837, 1095, 1235, 295, 933, 1474, 1559, 240, 105, 419, 1751, 1061, 1896, 1162, 1508, 1195, 237, 509, 1875, 6, 1564, 1698, 1907, 20, 1023, 1157, 1724, 132, 1912, 108, 1839, 734, 413, 316, 1249, 1880, 430, 915, 952, 813, 1532, 1116, 1859, 137, 1703, 141, 1785, 1582, 643, 119, 12, 968, 1193, 408, 214, 601, 967, 803, 1551, 363, 424, 958, 1826, 196]]Using cache found in /Users/suraj/.cache/torch/hub/facebookresearch_dinov2_main

Resuming from epoch 65: /Users/suraj/Downloads/outputs/wall_single/checkpoints/model_latest.pth
num_action_repeat: 1
num_proprio_repeat: 1
proprio encoder: ProprioceptiveEmbedding(
  (patch_embed): Conv1d(2, 10, kernel_size=(1,), stride=(1,))
)
action encoder: ProprioceptiveEmbedding(
  (patch_embed): Conv1d(10, 10, kernel_size=(1,), stride=(1,))
)
proprio_dim: 10, after repeat: 10
action_dim: 10, after repeat: 10
emb_dim: 404
Model emb_dim:  404
eval_seed:  [13, 14, 15, 16, 17, 18]
Dumped plan targets to /Users/suraj/Desktop/EAI_DINO/results/wall_bitsweep_h9_mixed/mixed_int3/opt_steps_2/seed_2/plan_targets.pkl
Success rate:  0.0
{'success': array([False, False, False, False, False, False]), 'state_dist': array([18.0940727 , 51.67738316, 30.94348348, 39.87315735, 40.81005994,
       40.90819465])}
Success rate:  0.0
{'success': array([False, False, False, False, False, False]), 'state_dist': array([16.04181627, 52.14882371, 36.14706297, 39.19048687, 45.71339699,
       37.08219258])}
MPC iter 0 Eval ------- 
Success rate:  0.0
{'success': array([False, False, False, False, False, False]), 'state_dist': array([16.04181627, 52.14882371, 36.14706297, 39.19048687, 45.71339699,
       37.08219258])}
self.is_success:  [False False False False False False]
Success rate:  0.0
{'success': array([False, False, False, False, False, False]), 'state_dist': array([20.97476357, 50.13773288, 30.59749627, 39.65695978, 53.03949157,
       51.76391539])}
Success rate:  0.0
{'success': array([False, False, False, False, False, False]), 'state_dist': array([18.04745804, 41.69994027, 34.71635865, 40.15086397, 58.16411582,
       58.10205431])}
MPC iter 1 Eval ------- 
Success rate:  0.0
{'success': array([False, False, False, False, False, False]), 'state_dist': array([18.04745804, 41.69994027, 34.71635865, 40.15086397, 58.16411582,
       58.10205431])}
self.is_success:  [False False False False False False]
Success rate:  0.0
{'success': array([False, False, False, False, False, False]), 'state_dist': array([18.04745804, 41.69994027, 34.71635865, 40.15086397, 58.16411582,
       58.10205431])}
[ok] variant=mixed_int3 opt_steps=2 seed=2 success=0.0000
Planning device: mps
Loading wall dataset...
Loaded 1920 rollouts
[[102, 33, 1056, 1591, 354, 245, 790, 1323, 142, 1745, 1588, 1473, 38, 1192, 735, 832, 547, 1186, 843, 660, 869, 83, 695, 1629, 179, 1658, 157, 1758, 1747, 250, 312, 1361, 1163, 1798, 275, 1099, 1787, 964, 1066, 609, 1666, 774, 181, 1502, 407, 668, 593, 1623, 1101, 565, 1350, 1572, 1094, 512, 148, 809, 263, 1853, 908, 927, 626, 569, 1730, 757, 1574, 1866, 1107, 1706, 391, 1255, 947, 828, 1720, 1057, 19, 1364, 1575, 1914, 1562, 1909, 534, 973, 538, 1017, 646, 285, 309, 1884, 1059, 552, 697, 1702, 145, 819, 649, 665, 169, 1051, 171, 1529, 1470, 291, 1371, 1240, 1641, 1746, 1443, 1307, 1801, 369, 1365, 525, 167, 1121, 1430, 874, 528, 1459, 1617, 770, 359, 923, 507, 884, 1616, 1314, 1149, 1379, 891, 1442, 1047, 1887, 248, 1767, 1620, 283, 392, 1290, 1650, 242, 1399, 807, 159, 204, 775, 1827, 500, 1352, 700, 1265, 1102, 149, 1440, 1258, 1738, 347, 690, 468, 1726, 1234, 1126, 868, 1501, 621, 585, 1523, 121, 1108, 846, 1167, 1405, 114, 474, 1406, 195, 1144, 586, 384, 1680, 298, 308, 529, 901, 475, 992, 1811, 1655, 914, 1598, 560, 1452, 385, 1032, 1895, 756, 1893, 485, 1293, 1876, 378, 206, 61, 1762, 1335, 1779, 1062, 111, 550, 1357, 284, 1074, 880, 592, 712, 1454, 1660, 1067, 946, 1011, 193, 1838, 1072, 1065, 1267, 1217, 591, 678, 792, 180, 1313, 69, 84, 1603, 1775, 201, 1415, 457, 1359, 400, 1759, 1081, 554, 471, 1841, 446, 1670, 688, 140, 1600, 871, 1093, 460, 1831, 818, 940, 1128, 614, 1000, 987, 1048, 72, 465, 804, 1804, 826, 1006, 1129, 270, 954, 86, 107, 1744, 751, 1143, 1554, 1750, 556, 1692, 664, 943, 907, 1713, 881, 1793, 849, 972, 264, 1431, 1040, 1391, 680, 1864, 724, 1549, 455, 600, 389, 1301, 1262, 1073, 1216, 613, 314, 15, 657, 896, 549, 575, 719, 545, 937, 1585, 165, 1252, 338, 970, 1366, 1247, 1024, 14, 855, 212, 887, 977, 1225, 776, 10, 1903, 1423, 596, 726, 431, 959, 1159, 1033, 1458, 1196, 1526, 317, 1358, 454, 1647, 976, 773, 1786, 1462, 488, 41, 571, 1464, 599, 979, 864, 18, 306, 1299, 797, 332, 1424, 1286, 66, 51, 1230, 1527, 1042, 762, 219, 487, 1026, 1282, 1285, 1503, 1597, 1573, 758, 999, 30, 1215, 1315, 1227, 387, 1867, 1421, 220, 932, 1829, 26, 1822, 290, 1088, 1902, 429, 463, 197, 1156, 1539, 1491, 1027, 1901, 733, 1879, 833, 278, 1251, 1899, 1642, 73, 272, 1019, 1084, 1346, 1803, 845, 568, 286, 76, 956, 1237, 48, 939, 1601, 481, 1187, 176, 1231, 1545, 1664, 1244, 87, 47, 194, 1586, 1316, 1125, 1649, 1077, 995, 1665, 1428, 1219, 1712, 1038, 542, 998, 70, 929, 1648, 476, 886, 1134, 1733, 854, 853, 1283, 1432, 1723, 1269, 281, 1174, 110, 1685, 1868, 777, 1522, 353, 798, 1773, 409, 768, 1273, 1490, 221, 1154, 1499, 71, 1637, 720, 1850, 1198, 1755, 1915, 716, 1900, 1835, 672, 319, 1536, 226, 1472, 1602, 969, 492, 428, 895, 814, 1133, 62, 656, 1722, 1621, 1142, 1087, 524, 1590, 1030, 650, 1451, 1913, 1259, 1917, 544, 377, 862, 1202, 1177, 1274, 1123, 617, 605, 1106, 1855, 422, 1769, 362, 1721, 1329, 1206, 1506, 135, 1320, 217, 120, 1120, 1836, 710, 717, 1799, 1557, 722, 1694, 405, 375, 1034, 260, 1496, 411, 1672, 28, 637, 373, 1808, 134, 1012, 536, 1752, 983, 1135, 1576, 483, 13, 404, 841, 1172, 1041, 1843, 161, 847, 1369, 1910, 1782, 1671, 1376, 1856, 498, 806, 635, 1212, 438, 835, 1849, 1109, 1349, 1043, 2, 466, 610, 1165, 885, 951, 344, 300, 1807, 1908, 287, 1877, 705, 1872, 1581, 985, 328, 708, 730, 350, 307, 146, 840, 1180, 494, 16, 555, 1368, 1780, 779, 1771, 1203, 1754, 744, 863, 1684, 639, 1919, 738, 938, 1053, 618, 91, 1886, 1028, 472, 1050, 138, 131, 89, 416, 991, 1254, 467, 227, 1765, 1634, 1789, 1622, 1205, 1874, 839, 1151, 654, 1182, 815, 470, 670, 150, 718, 352, 1579, 879, 443, 1690, 32, 435, 1383, 501, 882, 1085, 1176, 1382, 1171, 686, 1140, 1105, 800, 1516, 1485, 516, 1475, 1434, 1911, 889, 239, 652, 1535, 1639, 335, 1325, 1784, 765, 663, 1224, 448, 1815, 739, 1812, 1076, 747, 1467, 732, 1654, 1828, 502, 1319, 1425, 1160, 1468, 368, 1732, 1248, 143, 808, 674, 713, 129, 1599, 288, 1005, 1643, 1729, 1918, 1064, 279, 1741, 406, 867, 729, 604, 1220, 750, 304, 936, 215, 1626, 1778, 1031, 1756, 305, 1699, 412, 1387, 1640, 210, 188, 253, 645, 1279, 349, 1898, 262, 1082, 213, 255, 1514, 1375, 576, 698, 986, 1119, 508, 1753, 104, 1296, 1380, 128, 163, 693, 1524, 924, 842, 812, 1348, 199, 1386, 1628, 1435, 1772, 817, 931, 334, 1360, 390, 1413, 1783, 944, 905, 1271, 1132, 1857, 35, 340, 1461, 506, 1150, 1455, 594, 1020, 1178, 1770, 1389, 1276, 1355, 1228, 990, 1480, 1100, 1326, 282, 1321, 852, 200, 1146, 1253, 49, 1682, 1221, 1840, 1525, 1037, 1170, 1800, 648, 1243, 266, 926, 782, 1667, 984, 570, 1289, 1860, 893, 1630, 479, 339, 246, 866, 1631, 211, 684, 60, 125, 1513, 836, 43, 1450, 515, 1256, 244, 1063, 1693, 913, 966, 54, 432, 1869, 254, 1916, 577, 1096, 540, 1075, 1261, 1871, 1587, 381, 634, 205, 269, 489, 1890, 37, 746, 386, 551, 1414, 953, 1403, 709, 622, 1497, 1561, 1324, 158, 624, 426, 1466, 44, 267, 994, 318, 1398, 397, 95, 786, 81, 1332, 837, 289, 865, 965, 67, 1696, 816, 1044, 820, 229, 1400, 1362, 491, 1139, 1873, 1338, 559, 1016, 1021, 1436, 1002, 1797, 40, 224, 1615, 1385, 941, 1308, 978, 794, 231, 834, 1675, 1736, 31, 1181, 562, 831, 1272, 767, 372, 1825, 1669, 760, 380, 1343, 42, 1351, 1337, 1441, 268, 1644, 1015, 52, 1469, 1861, 1481, 22, 1605, 361, 1381, 410, 1333, 975, 1046, 1595, 348, 1768, 366, 1281, 772, 974, 495, 358, 590, 187, 631, 1695, 687, 1328, 572, 588, 1805, 620, 1577, 1449, 1433, 1659, 320, 418, 346, 602, 573, 1709, 1300, 113, 427, 1891, 1341, 236, 1001, 370, 723, 1092, 1560, 379, 662, 79, 850, 1704, 824, 627, 436, 666, 1103, 653, 945, 1370, 1232, 587, 234, 103, 1858, 934, 1420, 123, 1818, 1310, 499, 1739, 1493, 1847, 1553, 740, 124, 1260, 1378, 1842, 1777, 1816, 1543, 749, 608, 1563, 996, 25, 101, 90, 459, 337, 122, 580, 829, 533, 292, 452, 1614, 1183, 1322, 1278, 521, 1136, 1190, 96, 259, 1645, 1008, 1888, 342, 445, 1504, 162, 382, 1894, 784, 1404, 1531, 1312, 444, 1097, 1447, 1280, 872, 168, 50, 1687, 1593, 1610, 98, 1242, 769, 642, 1309, 888, 433, 302, 1263, 1169, 1656, 1295, 243, 921, 1438, 1161, 877, 640, 1541, 24, 703, 980, 1173, 935, 1519, 440, 1512, 1137, 822, 1014, 310, 511, 583, 1518, 458, 274, 109, 856, 522, 11, 462, 1236, 232, 633, 1567, 1241, 989, 1725, 280, 875, 1083, 1833, 324, 1566, 249, 172, 696, 1505, 1010, 1477, 1327, 910, 861, 88, 99, 357, 437, 80, 1292, 764, 175, 395, 1716, 699, 1483, 1717, 673, 623, 1697, 1479, 1060, 1651, 553, 981, 218, 1110, 185, 77, 900, 371, 904, 1390, 21, 1882, 595, 1718, 1476, 152, 420, 918, 192, 1679, 1484, 1863, 787, 567, 851, 441, 530, 517, 1419, 1388, 329, 301, 1330, 876, 478, 1530, 676, 1844, 403, 74, 647, 728, 230, 519, 256, 737, 235, 1796, 182, 858, 504, 1287, 1124, 1229, 294, 625, 894, 759, 1544, 330, 1711, 505, 903, 1055, 1238, 1397, 1686, 136, 1275, 1580, 1584, 59, 1112, 1636, 166, 655, 1520, 1540, 374, 496, 414, 1226, 154, 860, 531, 1465, 1345, 1662, 1284, 669, 1627, 1408, 36, 191, 1748, 7, 1498, 802, 325, 957, 208, 228, 1201, 950, 1318, 155, 948, 133, 920, 442, 225, 611, 1633, 796, 667, 1652, 1304, 1609, 1611, 527, 1427, 1354, 689, 930, 870, 925, 56, 1402, 100, 189, 1068, 1737, 322, 523, 247, 971, 1445, 55, 579, 1374, 1571, 1521, 890, 785, 58, 671, 1608, 1168, 1742, 899, 299, 778, 1542, 761, 566, 46, 1708, 1719, 351, 1392, 651, 1764, 811, 449, 922, 261, 1036, 694, 127, 1114, 707, 1487, 1852, 1802, 873, 174, 1865, 1710, 763, 164, 1632, 345, 539, 1141, 805, 919, 911, 184, 548, 1422, 1625, 1155, 399, 1795, 1845, 1889, 1565, 45, 603, 1444, 1517, 1823, 1246, 477, 64, 1164, 1411, 781, 8, 1635, 1583, 1200, 241, 151, 177, 333, 629, 1453, 293, 1760, 636, 1239, 1115, 727, 273, 1394, 1266, 1184, 1619, 1743, 313, 1904, 982, 1367, 153, 564, 1806, 331, 1862, 1848, 606, 1264, 57, 97, 1774, 1814, 1086, 1029, 393, 1488, 85, 1509, 1550, 725, 1638, 1846, 1342, 1728, 993, 421, 1781, 681, 473, 1604, 364, 1613, 679, 780, 1885, 581, 1130, 116, 823, 355, 736, 75, 398, 557, 1740, 1515, 1596, 1250, 641, 1683, 198, 1363, 589, 1223, 1209, 417, 209, 1810, 9, 535, 1500, 1881, 1208, 909, 0, 702, 1897, 598, 1189, 748, 675, 1691, 1152, 755, 4, 1416, 830, 439, 1222, 1340, 692, 1003, 34, 356, 170, 1761, 1657, 1578, 401, 795, 1507, 997, 644, 1166, 447, 518, 563, 336, 1820, 343, 597, 844, 1058, 497, 311, 1463, 754, 1218, 1191, 1148, 1612, 1022, 1344, 1776, 942, 906, 1409, 1098, 130, 1418, 1830, 190, 1303, 1749, 607, 825, 92, 677, 628, 326, 715, 949, 27, 1537, 1025, 1439, 1277, 396, 1270, 53, 558, 584, 616, 630, 1533, 532, 1113, 612, 1080, 173, 1090, 838, 17, 897, 1306, 1311, 1131, 388, 1118, 1528, 1426, 1257, 1460, 1714, 1407, 144, 1734, 258, 1731, 526, 367, 1834, 126, 1104, 638, 791, 265, 223, 461, 1457, 139, 456, 1905, 1663, 1412, 1568, 1763, 883, 1661, 1678, 493, 1606, 1813, 541, 1757, 276, 296, 1673, 222, 1707, 183, 257, 615, 1478, 742, 376, 810, 661, 365, 156, 1298, 1701, 1653, 202, 1334, 1197, 1482, 106, 323, 1448, 1558, 1179, 1854, 902, 1049, 297, 216, 1268, 277, 1336, 1393, 65, 1456, 1052, 5, 1735, 1495, 1175, 988, 117, 721, 1788, 315, 1819, 1305, 1794, 520, 543, 1214, 917, 731, 1091, 1147, 1070, 68, 892, 1486, 464, 783, 115, 1883, 1372, 752, 383, 1122, 582, 1039, 1213, 574, 1594, 1870, 1111, 1792, 706, 1674, 233, 1607, 691, 1417, 1071, 711, 1538, 252, 741, 1396, 1211, 1429, 1906, 513, 799, 1384, 1138, 1688, 1681, 1045, 961, 743, 1824, 619, 766, 1727, 147, 827, 1117, 1547, 1892, 39, 82, 1546, 963, 178, 658, 1592, 425, 484, 415, 1204, 1331, 1207, 561, 912, 451, 1548, 1494, 1210, 1676, 685, 1291, 793, 632, 1018], [1054, 207, 1715, 1233, 514, 238, 1377, 1677, 878, 1624, 1145, 1009, 469, 962, 1194, 93, 1556, 1851, 1569, 1089, 745, 423, 23, 821, 29, 1401, 789, 1791, 788, 1079, 1347, 503, 1199, 753, 848, 1294, 801, 682, 955, 112, 1188, 402, 1878, 1817, 1288, 1821, 1245, 1302, 1007, 1705, 271, 510, 1510, 327, 1127, 486, 1555, 1004, 1589, 1511, 1700, 1373, 1668, 341, 1489, 1790, 1492, 321, 659, 578, 303, 118, 960, 453, 160, 683, 1832, 434, 701, 928, 480, 1446, 1552, 704, 94, 1317, 1410, 394, 186, 771, 859, 1395, 1646, 1570, 1353, 714, 1297, 360, 1153, 1185, 1766, 1471, 1013, 1356, 1437, 78, 63, 1618, 537, 482, 3, 450, 1339, 490, 857, 251, 898, 916, 546, 1809, 1689, 1078, 1069, 1, 1035, 1534, 1158, 203, 1837, 1095, 1235, 295, 933, 1474, 1559, 240, 105, 419, 1751, 1061, 1896, 1162, 1508, 1195, 237, 509, 1875, 6, 1564, 1698, 1907, 20, 1023, 1157, 1724, 132, 1912, 108, 1839, 734, 413, 316, 1249, 1880, 430, 915, 952, 813, 1532, 1116, 1859, 137, 1703, 141, 1785, 1582, 643, 119, 12, 968, 1193, 408, 214, 601, 967, 803, 1551, 363, 424, 958, 1826, 196]]Using cache found in /Users/suraj/.cache/torch/hub/facebookresearch_dinov2_main

Resuming from epoch 65: /Users/suraj/Downloads/outputs/wall_single/checkpoints/model_latest.pth
num_action_repeat: 1
num_proprio_repeat: 1
proprio encoder: ProprioceptiveEmbedding(
  (patch_embed): Conv1d(2, 10, kernel_size=(1,), stride=(1,))
)
action encoder: ProprioceptiveEmbedding(
  (patch_embed): Conv1d(10, 10, kernel_size=(1,), stride=(1,))
)
proprio_dim: 10, after repeat: 10
action_dim: 10, after repeat: 10
emb_dim: 404
Model emb_dim:  404
eval_seed:  [13, 14, 15, 16, 17, 18]
Dumped plan targets to /Users/suraj/Desktop/EAI_DINO/results/wall_bitsweep_h9_mixed/mixed_e8_p4/opt_steps_2/seed_2/plan_targets.pkl
Success rate:  0.0
{'success': array([False, False, False, False, False, False]), 'state_dist': array([14.53313055, 40.86334584, 14.9256924 , 37.25519534, 20.52627136,
       31.24317711])}
Success rate:  0.0
{'success': array([False, False, False, False, False, False]), 'state_dist': array([14.29415596, 29.30407603, 14.67455864, 44.75315434, 24.75998984,
       20.08664736])}
MPC iter 0 Eval ------- 
Success rate:  0.0
{'success': array([False, False, False, False, False, False]), 'state_dist': array([14.29415596, 29.30407603, 14.67455864, 44.75315434, 24.75998984,
       20.08664736])}
self.is_success:  [False False False False False False]
Success rate:  0.0
{'success': array([False, False, False, False, False, False]), 'state_dist': array([14.51611952, 23.62572453, 11.08586444, 35.47175383, 15.59251072,
       13.1282607 ])}
Success rate:  0.0
{'success': array([False, False, False, False, False, False]), 'state_dist': array([14.10884541, 18.18887329, 12.92566737, 29.41441453,  5.70792231,
        5.33601616])}
MPC iter 1 Eval ------- 
Success rate:  0.0
{'success': array([False, False, False, False, False, False]), 'state_dist': array([14.10884541, 18.18887329, 12.92566737, 29.41441453,  5.70792231,
        5.33601616])}
self.is_success:  [False False False False False False]
Success rate:  0.0
{'success': array([False, False, False, False, False, False]), 'state_dist': array([14.10884541, 18.18887329, 12.92566737, 29.41441453,  5.70792231,
        5.33601616])}
[ok] variant=mixed_e8_p4 opt_steps=2 seed=2 success=0.0000
Planning device: mps
Loading wall dataset...
Loaded 1920 rollouts
[[102, 33, 1056, 1591, 354, 245, 790, 1323, 142, 1745, 1588, 1473, 38, 1192, 735, 832, 547, 1186, 843, 660, 869, 83, 695, 1629, 179, 1658, 157, 1758, 1747, 250, 312, 1361, 1163, 1798, 275, 1099, 1787, 964, 1066, 609, 1666, 774, 181, 1502, 407, 668, 593, 1623, 1101, 565, 1350, 1572, 1094, 512, 148, 809, 263, 1853, 908, 927, 626, 569, 1730, 757, 1574, 1866, 1107, 1706, 391, 1255, 947, 828, 1720, 1057, 19, 1364, 1575, 1914, 1562, 1909, 534, 973, 538, 1017, 646, 285, 309, 1884, 1059, 552, 697, 1702, 145, 819, 649, 665, 169, 1051, 171, 1529, 1470, 291, 1371, 1240, 1641, 1746, 1443, 1307, 1801, 369, 1365, 525, 167, 1121, 1430, 874, 528, 1459, 1617, 770, 359, 923, 507, 884, 1616, 1314, 1149, 1379, 891, 1442, 1047, 1887, 248, 1767, 1620, 283, 392, 1290, 1650, 242, 1399, 807, 159, 204, 775, 1827, 500, 1352, 700, 1265, 1102, 149, 1440, 1258, 1738, 347, 690, 468, 1726, 1234, 1126, 868, 1501, 621, 585, 1523, 121, 1108, 846, 1167, 1405, 114, 474, 1406, 195, 1144, 586, 384, 1680, 298, 308, 529, 901, 475, 992, 1811, 1655, 914, 1598, 560, 1452, 385, 1032, 1895, 756, 1893, 485, 1293, 1876, 378, 206, 61, 1762, 1335, 1779, 1062, 111, 550, 1357, 284, 1074, 880, 592, 712, 1454, 1660, 1067, 946, 1011, 193, 1838, 1072, 1065, 1267, 1217, 591, 678, 792, 180, 1313, 69, 84, 1603, 1775, 201, 1415, 457, 1359, 400, 1759, 1081, 554, 471, 1841, 446, 1670, 688, 140, 1600, 871, 1093, 460, 1831, 818, 940, 1128, 614, 1000, 987, 1048, 72, 465, 804, 1804, 826, 1006, 1129, 270, 954, 86, 107, 1744, 751, 1143, 1554, 1750, 556, 1692, 664, 943, 907, 1713, 881, 1793, 849, 972, 264, 1431, 1040, 1391, 680, 1864, 724, 1549, 455, 600, 389, 1301, 1262, 1073, 1216, 613, 314, 15, 657, 896, 549, 575, 719, 545, 937, 1585, 165, 1252, 338, 970, 1366, 1247, 1024, 14, 855, 212, 887, 977, 1225, 776, 10, 1903, 1423, 596, 726, 431, 959, 1159, 1033, 1458, 1196, 1526, 317, 1358, 454, 1647, 976, 773, 1786, 1462, 488, 41, 571, 1464, 599, 979, 864, 18, 306, 1299, 797, 332, 1424, 1286, 66, 51, 1230, 1527, 1042, 762, 219, 487, 1026, 1282, 1285, 1503, 1597, 1573, 758, 999, 30, 1215, 1315, 1227, 387, 1867, 1421, 220, 932, 1829, 26, 1822, 290, 1088, 1902, 429, 463, 197, 1156, 1539, 1491, 1027, 1901, 733, 1879, 833, 278, 1251, 1899, 1642, 73, 272, 1019, 1084, 1346, 1803, 845, 568, 286, 76, 956, 1237, 48, 939, 1601, 481, 1187, 176, 1231, 1545, 1664, 1244, 87, 47, 194, 1586, 1316, 1125, 1649, 1077, 995, 1665, 1428, 1219, 1712, 1038, 542, 998, 70, 929, 1648, 476, 886, 1134, 1733, 854, 853, 1283, 1432, 1723, 1269, 281, 1174, 110, 1685, 1868, 777, 1522, 353, 798, 1773, 409, 768, 1273, 1490, 221, 1154, 1499, 71, 1637, 720, 1850, 1198, 1755, 1915, 716, 1900, 1835, 672, 319, 1536, 226, 1472, 1602, 969, 492, 428, 895, 814, 1133, 62, 656, 1722, 1621, 1142, 1087, 524, 1590, 1030, 650, 1451, 1913, 1259, 1917, 544, 377, 862, 1202, 1177, 1274, 1123, 617, 605, 1106, 1855, 422, 1769, 362, 1721, 1329, 1206, 1506, 135, 1320, 217, 120, 1120, 1836, 710, 717, 1799, 1557, 722, 1694, 405, 375, 1034, 260, 1496, 411, 1672, 28, 637, 373, 1808, 134, 1012, 536, 1752, 983, 1135, 1576, 483, 13, 404, 841, 1172, 1041, 1843, 161, 847, 1369, 1910, 1782, 1671, 1376, 1856, 498, 806, 635, 1212, 438, 835, 1849, 1109, 1349, 1043, 2, 466, 610, 1165, 885, 951, 344, 300, 1807, 1908, 287, 1877, 705, 1872, 1581, 985, 328, 708, 730, 350, 307, 146, 840, 1180, 494, 16, 555, 1368, 1780, 779, 1771, 1203, 1754, 744, 863, 1684, 639, 1919, 738, 938, 1053, 618, 91, 1886, 1028, 472, 1050, 138, 131, 89, 416, 991, 1254, 467, 227, 1765, 1634, 1789, 1622, 1205, 1874, 839, 1151, 654, 1182, 815, 470, 670, 150, 718, 352, 1579, 879, 443, 1690, 32, 435, 1383, 501, 882, 1085, 1176, 1382, 1171, 686, 1140, 1105, 800, 1516, 1485, 516, 1475, 1434, 1911, 889, 239, 652, 1535, 1639, 335, 1325, 1784, 765, 663, 1224, 448, 1815, 739, 1812, 1076, 747, 1467, 732, 1654, 1828, 502, 1319, 1425, 1160, 1468, 368, 1732, 1248, 143, 808, 674, 713, 129, 1599, 288, 1005, 1643, 1729, 1918, 1064, 279, 1741, 406, 867, 729, 604, 1220, 750, 304, 936, 215, 1626, 1778, 1031, 1756, 305, 1699, 412, 1387, 1640, 210, 188, 253, 645, 1279, 349, 1898, 262, 1082, 213, 255, 1514, 1375, 576, 698, 986, 1119, 508, 1753, 104, 1296, 1380, 128, 163, 693, 1524, 924, 842, 812, 1348, 199, 1386, 1628, 1435, 1772, 817, 931, 334, 1360, 390, 1413, 1783, 944, 905, 1271, 1132, 1857, 35, 340, 1461, 506, 1150, 1455, 594, 1020, 1178, 1770, 1389, 1276, 1355, 1228, 990, 1480, 1100, 1326, 282, 1321, 852, 200, 1146, 1253, 49, 1682, 1221, 1840, 1525, 1037, 1170, 1800, 648, 1243, 266, 926, 782, 1667, 984, 570, 1289, 1860, 893, 1630, 479, 339, 246, 866, 1631, 211, 684, 60, 125, 1513, 836, 43, 1450, 515, 1256, 244, 1063, 1693, 913, 966, 54, 432, 1869, 254, 1916, 577, 1096, 540, 1075, 1261, 1871, 1587, 381, 634, 205, 269, 489, 1890, 37, 746, 386, 551, 1414, 953, 1403, 709, 622, 1497, 1561, 1324, 158, 624, 426, 1466, 44, 267, 994, 318, 1398, 397, 95, 786, 81, 1332, 837, 289, 865, 965, 67, 1696, 816, 1044, 820, 229, 1400, 1362, 491, 1139, 1873, 1338, 559, 1016, 1021, 1436, 1002, 1797, 40, 224, 1615, 1385, 941, 1308, 978, 794, 231, 834, 1675, 1736, 31, 1181, 562, 831, 1272, 767, 372, 1825, 1669, 760, 380, 1343, 42, 1351, 1337, 1441, 268, 1644, 1015, 52, 1469, 1861, 1481, 22, 1605, 361, 1381, 410, 1333, 975, 1046, 1595, 348, 1768, 366, 1281, 772, 974, 495, 358, 590, 187, 631, 1695, 687, 1328, 572, 588, 1805, 620, 1577, 1449, 1433, 1659, 320, 418, 346, 602, 573, 1709, 1300, 113, 427, 1891, 1341, 236, 1001, 370, 723, 1092, 1560, 379, 662, 79, 850, 1704, 824, 627, 436, 666, 1103, 653, 945, 1370, 1232, 587, 234, 103, 1858, 934, 1420, 123, 1818, 1310, 499, 1739, 1493, 1847, 1553, 740, 124, 1260, 1378, 1842, 1777, 1816, 1543, 749, 608, 1563, 996, 25, 101, 90, 459, 337, 122, 580, 829, 533, 292, 452, 1614, 1183, 1322, 1278, 521, 1136, 1190, 96, 259, 1645, 1008, 1888, 342, 445, 1504, 162, 382, 1894, 784, 1404, 1531, 1312, 444, 1097, 1447, 1280, 872, 168, 50, 1687, 1593, 1610, 98, 1242, 769, 642, 1309, 888, 433, 302, 1263, 1169, 1656, 1295, 243, 921, 1438, 1161, 877, 640, 1541, 24, 703, 980, 1173, 935, 1519, 440, 1512, 1137, 822, 1014, 310, 511, 583, 1518, 458, 274, 109, 856, 522, 11, 462, 1236, 232, 633, 1567, 1241, 989, 1725, 280, 875, 1083, 1833, 324, 1566, 249, 172, 696, 1505, 1010, 1477, 1327, 910, 861, 88, 99, 357, 437, 80, 1292, 764, 175, 395, 1716, 699, 1483, 1717, 673, 623, 1697, 1479, 1060, 1651, 553, 981, 218, 1110, 185, 77, 900, 371, 904, 1390, 21, 1882, 595, 1718, 1476, 152, 420, 918, 192, 1679, 1484, 1863, 787, 567, 851, 441, 530, 517, 1419, 1388, 329, 301, 1330, 876, 478, 1530, 676, 1844, 403, 74, 647, 728, 230, 519, 256, 737, 235, 1796, 182, 858, 504, 1287, 1124, 1229, 294, 625, 894, 759, 1544, 330, 1711, 505, 903, 1055, 1238, 1397, 1686, 136, 1275, 1580, 1584, 59, 1112, 1636, 166, 655, 1520, 1540, 374, 496, 414, 1226, 154, 860, 531, 1465, 1345, 1662, 1284, 669, 1627, 1408, 36, 191, 1748, 7, 1498, 802, 325, 957, 208, 228, 1201, 950, 1318, 155, 948, 133, 920, 442, 225, 611, 1633, 796, 667, 1652, 1304, 1609, 1611, 527, 1427, 1354, 689, 930, 870, 925, 56, 1402, 100, 189, 1068, 1737, 322, 523, 247, 971, 1445, 55, 579, 1374, 1571, 1521, 890, 785, 58, 671, 1608, 1168, 1742, 899, 299, 778, 1542, 761, 566, 46, 1708, 1719, 351, 1392, 651, 1764, 811, 449, 922, 261, 1036, 694, 127, 1114, 707, 1487, 1852, 1802, 873, 174, 1865, 1710, 763, 164, 1632, 345, 539, 1141, 805, 919, 911, 184, 548, 1422, 1625, 1155, 399, 1795, 1845, 1889, 1565, 45, 603, 1444, 1517, 1823, 1246, 477, 64, 1164, 1411, 781, 8, 1635, 1583, 1200, 241, 151, 177, 333, 629, 1453, 293, 1760, 636, 1239, 1115, 727, 273, 1394, 1266, 1184, 1619, 1743, 313, 1904, 982, 1367, 153, 564, 1806, 331, 1862, 1848, 606, 1264, 57, 97, 1774, 1814, 1086, 1029, 393, 1488, 85, 1509, 1550, 725, 1638, 1846, 1342, 1728, 993, 421, 1781, 681, 473, 1604, 364, 1613, 679, 780, 1885, 581, 1130, 116, 823, 355, 736, 75, 398, 557, 1740, 1515, 1596, 1250, 641, 1683, 198, 1363, 589, 1223, 1209, 417, 209, 1810, 9, 535, 1500, 1881, 1208, 909, 0, 702, 1897, 598, 1189, 748, 675, 1691, 1152, 755, 4, 1416, 830, 439, 1222, 1340, 692, 1003, 34, 356, 170, 1761, 1657, 1578, 401, 795, 1507, 997, 644, 1166, 447, 518, 563, 336, 1820, 343, 597, 844, 1058, 497, 311, 1463, 754, 1218, 1191, 1148, 1612, 1022, 1344, 1776, 942, 906, 1409, 1098, 130, 1418, 1830, 190, 1303, 1749, 607, 825, 92, 677, 628, 326, 715, 949, 27, 1537, 1025, 1439, 1277, 396, 1270, 53, 558, 584, 616, 630, 1533, 532, 1113, 612, 1080, 173, 1090, 838, 17, 897, 1306, 1311, 1131, 388, 1118, 1528, 1426, 1257, 1460, 1714, 1407, 144, 1734, 258, 1731, 526, 367, 1834, 126, 1104, 638, 791, 265, 223, 461, 1457, 139, 456, 1905, 1663, 1412, 1568, 1763, 883, 1661, 1678, 493, 1606, 1813, 541, 1757, 276, 296, 1673, 222, 1707, 183, 257, 615, 1478, 742, 376, 810, 661, 365, 156, 1298, 1701, 1653, 202, 1334, 1197, 1482, 106, 323, 1448, 1558, 1179, 1854, 902, 1049, 297, 216, 1268, 277, 1336, 1393, 65, 1456, 1052, 5, 1735, 1495, 1175, 988, 117, 721, 1788, 315, 1819, 1305, 1794, 520, 543, 1214, 917, 731, 1091, 1147, 1070, 68, 892, 1486, 464, 783, 115, 1883, 1372, 752, 383, 1122, 582, 1039, 1213, 574, 1594, 1870, 1111, 1792, 706, 1674, 233, 1607, 691, 1417, 1071, 711, 1538, 252, 741, 1396, 1211, 1429, 1906, 513, 799, 1384, 1138, 1688, 1681, 1045, 961, 743, 1824, 619, 766, 1727, 147, 827, 1117, 1547, 1892, 39, 82, 1546, 963, 178, 658, 1592, 425, 484, 415, 1204, 1331, 1207, 561, 912, 451, 1548, 1494, 1210, 1676, 685, 1291, 793, 632, 1018], [1054, 207, 1715, 1233, 514, 238, 1377, 1677, 878, 1624, 1145, 1009, 469, 962, 1194, 93, 1556, 1851, 1569, 1089, 745, 423, 23, 821, 29, 1401, 789, 1791, 788, 1079, 1347, 503, 1199, 753, 848, 1294, 801, 682, 955, 112, 1188, 402, 1878, 1817, 1288, 1821, 1245, 1302, 1007, 1705, 271, 510, 1510, 327, 1127, 486, 1555, 1004, 1589, 1511, 1700, 1373, 1668, 341, 1489, 1790, 1492, 321, 659, 578, 303, 118, 960, 453, 160, 683, 1832, 434, 701, 928, 480, 1446, 1552, 704, 94, 1317, 1410, 394, 186, 771, 859, 1395, 1646, 1570, 1353, 714, 1297, 360, 1153, 1185, 1766, 1471, 1013, 1356, 1437, 78, 63, 1618, 537, 482, 3, 450, 1339, 490, 857, 251, 898, 916, 546, 1809, 1689, 1078, 1069, 1, 1035, 1534, 1158, 203, 1837, 1095, 1235, 295, 933, 1474, 1559, 240, 105, 419, 1751, 1061, 1896, 1162, 1508, 1195, 237, 509, 1875, 6, 1564, 1698, 1907, 20, 1023, 1157, 1724, 132, 1912, 108, 1839, 734, 413, 316, 1249, 1880, 430, 915, 952, 813, 1532, 1116, 1859, 137, 1703, 141, 1785, 1582, 643, 119, 12, 968, 1193, 408, 214, 601, 967, 803, 1551, 363, 424, 958, 1826, 196]]Using cache found in /Users/suraj/.cache/torch/hub/facebookresearch_dinov2_main

Resuming from epoch 65: /Users/suraj/Downloads/outputs/wall_single/checkpoints/model_latest.pth
num_action_repeat: 1
num_proprio_repeat: 1
proprio encoder: ProprioceptiveEmbedding(
  (patch_embed): Conv1d(2, 10, kernel_size=(1,), stride=(1,))
)
action encoder: ProprioceptiveEmbedding(
  (patch_embed): Conv1d(10, 10, kernel_size=(1,), stride=(1,))
)
proprio_dim: 10, after repeat: 10
action_dim: 10, after repeat: 10
emb_dim: 404
Model emb_dim:  404
eval_seed:  [13, 14, 15, 16, 17, 18]
Dumped plan targets to /Users/suraj/Desktop/EAI_DINO/results/wall_bitsweep_h9_mixed/mixed_e8_p3/opt_steps_2/seed_2/plan_targets.pkl
Success rate:  0.0
{'success': array([False, False, False, False, False, False]), 'state_dist': array([19.73209481, 50.89102743, 30.93149156, 40.27604993, 40.45509796,
       40.81881869])}
Success rate:  0.0
{'success': array([False, False, False, False, False, False]), 'state_dist': array([18.27600039, 53.38145651, 37.016913  , 39.60763982, 46.08981024,
       37.69417453])}
MPC iter 0 Eval ------- 
Success rate:  0.0
{'success': array([False, False, False, False, False, False]), 'state_dist': array([18.27600039, 53.38145651, 37.016913  , 39.60763982, 46.08981024,
       37.69417453])}
self.is_success:  [False False False False False False]
Success rate:  0.0
{'success': array([False, False, False, False, False, False]), 'state_dist': array([19.17117782, 50.23468766, 30.89763495, 39.74238704, 53.52635282,
       53.60844775])}
Success rate:  0.0
{'success': array([False, False, False, False, False, False]), 'state_dist': array([20.74848233, 40.08916156, 34.31262954, 39.56758106, 58.8267341 ,
       54.90640132])}
MPC iter 1 Eval ------- 
Success rate:  0.0
{'success': array([False, False, False, False, False, False]), 'state_dist': array([20.74848233, 40.08916156, 34.31262954, 39.56758106, 58.8267341 ,
       54.90640132])}
self.is_success:  [False False False False False False]
Success rate:  0.0
{'success': array([False, False, False, False, False, False]), 'state_dist': array([20.74848233, 40.08916156, 34.31262954, 39.56758106, 58.8267341 ,
       54.90640132])}
[ok] variant=mixed_e8_p3 opt_steps=2 seed=2 success=0.0000
Planning device: mps
Loading wall dataset...
Loaded 1920 rollouts
[[102, 33, 1056, 1591, 354, 245, 790, 1323, 142, 1745, 1588, 1473, 38, 1192, 735, 832, 547, 1186, 843, 660, 869, 83, 695, 1629, 179, 1658, 157, 1758, 1747, 250, 312, 1361, 1163, 1798, 275, 1099, 1787, 964, 1066, 609, 1666, 774, 181, 1502, 407, 668, 593, 1623, 1101, 565, 1350, 1572, 1094, 512, 148, 809, 263, 1853, 908, 927, 626, 569, 1730, 757, 1574, 1866, 1107, 1706, 391, 1255, 947, 828, 1720, 1057, 19, 1364, 1575, 1914, 1562, 1909, 534, 973, 538, 1017, 646, 285, 309, 1884, 1059, 552, 697, 1702, 145, 819, 649, 665, 169, 1051, 171, 1529, 1470, 291, 1371, 1240, 1641, 1746, 1443, 1307, 1801, 369, 1365, 525, 167, 1121, 1430, 874, 528, 1459, 1617, 770, 359, 923, 507, 884, 1616, 1314, 1149, 1379, 891, 1442, 1047, 1887, 248, 1767, 1620, 283, 392, 1290, 1650, 242, 1399, 807, 159, 204, 775, 1827, 500, 1352, 700, 1265, 1102, 149, 1440, 1258, 1738, 347, 690, 468, 1726, 1234, 1126, 868, 1501, 621, 585, 1523, 121, 1108, 846, 1167, 1405, 114, 474, 1406, 195, 1144, 586, 384, 1680, 298, 308, 529, 901, 475, 992, 1811, 1655, 914, 1598, 560, 1452, 385, 1032, 1895, 756, 1893, 485, 1293, 1876, 378, 206, 61, 1762, 1335, 1779, 1062, 111, 550, 1357, 284, 1074, 880, 592, 712, 1454, 1660, 1067, 946, 1011, 193, 1838, 1072, 1065, 1267, 1217, 591, 678, 792, 180, 1313, 69, 84, 1603, 1775, 201, 1415, 457, 1359, 400, 1759, 1081, 554, 471, 1841, 446, 1670, 688, 140, 1600, 871, 1093, 460, 1831, 818, 940, 1128, 614, 1000, 987, 1048, 72, 465, 804, 1804, 826, 1006, 1129, 270, 954, 86, 107, 1744, 751, 1143, 1554, 1750, 556, 1692, 664, 943, 907, 1713, 881, 1793, 849, 972, 264, 1431, 1040, 1391, 680, 1864, 724, 1549, 455, 600, 389, 1301, 1262, 1073, 1216, 613, 314, 15, 657, 896, 549, 575, 719, 545, 937, 1585, 165, 1252, 338, 970, 1366, 1247, 1024, 14, 855, 212, 887, 977, 1225, 776, 10, 1903, 1423, 596, 726, 431, 959, 1159, 1033, 1458, 1196, 1526, 317, 1358, 454, 1647, 976, 773, 1786, 1462, 488, 41, 571, 1464, 599, 979, 864, 18, 306, 1299, 797, 332, 1424, 1286, 66, 51, 1230, 1527, 1042, 762, 219, 487, 1026, 1282, 1285, 1503, 1597, 1573, 758, 999, 30, 1215, 1315, 1227, 387, 1867, 1421, 220, 932, 1829, 26, 1822, 290, 1088, 1902, 429, 463, 197, 1156, 1539, 1491, 1027, 1901, 733, 1879, 833, 278, 1251, 1899, 1642, 73, 272, 1019, 1084, 1346, 1803, 845, 568, 286, 76, 956, 1237, 48, 939, 1601, 481, 1187, 176, 1231, 1545, 1664, 1244, 87, 47, 194, 1586, 1316, 1125, 1649, 1077, 995, 1665, 1428, 1219, 1712, 1038, 542, 998, 70, 929, 1648, 476, 886, 1134, 1733, 854, 853, 1283, 1432, 1723, 1269, 281, 1174, 110, 1685, 1868, 777, 1522, 353, 798, 1773, 409, 768, 1273, 1490, 221, 1154, 1499, 71, 1637, 720, 1850, 1198, 1755, 1915, 716, 1900, 1835, 672, 319, 1536, 226, 1472, 1602, 969, 492, 428, 895, 814, 1133, 62, 656, 1722, 1621, 1142, 1087, 524, 1590, 1030, 650, 1451, 1913, 1259, 1917, 544, 377, 862, 1202, 1177, 1274, 1123, 617, 605, 1106, 1855, 422, 1769, 362, 1721, 1329, 1206, 1506, 135, 1320, 217, 120, 1120, 1836, 710, 717, 1799, 1557, 722, 1694, 405, 375, 1034, 260, 1496, 411, 1672, 28, 637, 373, 1808, 134, 1012, 536, 1752, 983, 1135, 1576, 483, 13, 404, 841, 1172, 1041, 1843, 161, 847, 1369, 1910, 1782, 1671, 1376, 1856, 498, 806, 635, 1212, 438, 835, 1849, 1109, 1349, 1043, 2, 466, 610, 1165, 885, 951, 344, 300, 1807, 1908, 287, 1877, 705, 1872, 1581, 985, 328, 708, 730, 350, 307, 146, 840, 1180, 494, 16, 555, 1368, 1780, 779, 1771, 1203, 1754, 744, 863, 1684, 639, 1919, 738, 938, 1053, 618, 91, 1886, 1028, 472, 1050, 138, 131, 89, 416, 991, 1254, 467, 227, 1765, 1634, 1789, 1622, 1205, 1874, 839, 1151, 654, 1182, 815, 470, 670, 150, 718, 352, 1579, 879, 443, 1690, 32, 435, 1383, 501, 882, 1085, 1176, 1382, 1171, 686, 1140, 1105, 800, 1516, 1485, 516, 1475, 1434, 1911, 889, 239, 652, 1535, 1639, 335, 1325, 1784, 765, 663, 1224, 448, 1815, 739, 1812, 1076, 747, 1467, 732, 1654, 1828, 502, 1319, 1425, 1160, 1468, 368, 1732, 1248, 143, 808, 674, 713, 129, 1599, 288, 1005, 1643, 1729, 1918, 1064, 279, 1741, 406, 867, 729, 604, 1220, 750, 304, 936, 215, 1626, 1778, 1031, 1756, 305, 1699, 412, 1387, 1640, 210, 188, 253, 645, 1279, 349, 1898, 262, 1082, 213, 255, 1514, 1375, 576, 698, 986, 1119, 508, 1753, 104, 1296, 1380, 128, 163, 693, 1524, 924, 842, 812, 1348, 199, 1386, 1628, 1435, 1772, 817, 931, 334, 1360, 390, 1413, 1783, 944, 905, 1271, 1132, 1857, 35, 340, 1461, 506, 1150, 1455, 594, 1020, 1178, 1770, 1389, 1276, 1355, 1228, 990, 1480, 1100, 1326, 282, 1321, 852, 200, 1146, 1253, 49, 1682, 1221, 1840, 1525, 1037, 1170, 1800, 648, 1243, 266, 926, 782, 1667, 984, 570, 1289, 1860, 893, 1630, 479, 339, 246, 866, 1631, 211, 684, 60, 125, 1513, 836, 43, 1450, 515, 1256, 244, 1063, 1693, 913, 966, 54, 432, 1869, 254, 1916, 577, 1096, 540, 1075, 1261, 1871, 1587, 381, 634, 205, 269, 489, 1890, 37, 746, 386, 551, 1414, 953, 1403, 709, 622, 1497, 1561, 1324, 158, 624, 426, 1466, 44, 267, 994, 318, 1398, 397, 95, 786, 81, 1332, 837, 289, 865, 965, 67, 1696, 816, 1044, 820, 229, 1400, 1362, 491, 1139, 1873, 1338, 559, 1016, 1021, 1436, 1002, 1797, 40, 224, 1615, 1385, 941, 1308, 978, 794, 231, 834, 1675, 1736, 31, 1181, 562, 831, 1272, 767, 372, 1825, 1669, 760, 380, 1343, 42, 1351, 1337, 1441, 268, 1644, 1015, 52, 1469, 1861, 1481, 22, 1605, 361, 1381, 410, 1333, 975, 1046, 1595, 348, 1768, 366, 1281, 772, 974, 495, 358, 590, 187, 631, 1695, 687, 1328, 572, 588, 1805, 620, 1577, 1449, 1433, 1659, 320, 418, 346, 602, 573, 1709, 1300, 113, 427, 1891, 1341, 236, 1001, 370, 723, 1092, 1560, 379, 662, 79, 850, 1704, 824, 627, 436, 666, 1103, 653, 945, 1370, 1232, 587, 234, 103, 1858, 934, 1420, 123, 1818, 1310, 499, 1739, 1493, 1847, 1553, 740, 124, 1260, 1378, 1842, 1777, 1816, 1543, 749, 608, 1563, 996, 25, 101, 90, 459, 337, 122, 580, 829, 533, 292, 452, 1614, 1183, 1322, 1278, 521, 1136, 1190, 96, 259, 1645, 1008, 1888, 342, 445, 1504, 162, 382, 1894, 784, 1404, 1531, 1312, 444, 1097, 1447, 1280, 872, 168, 50, 1687, 1593, 1610, 98, 1242, 769, 642, 1309, 888, 433, 302, 1263, 1169, 1656, 1295, 243, 921, 1438, 1161, 877, 640, 1541, 24, 703, 980, 1173, 935, 1519, 440, 1512, 1137, 822, 1014, 310, 511, 583, 1518, 458, 274, 109, 856, 522, 11, 462, 1236, 232, 633, 1567, 1241, 989, 1725, 280, 875, 1083, 1833, 324, 1566, 249, 172, 696, 1505, 1010, 1477, 1327, 910, 861, 88, 99, 357, 437, 80, 1292, 764, 175, 395, 1716, 699, 1483, 1717, 673, 623, 1697, 1479, 1060, 1651, 553, 981, 218, 1110, 185, 77, 900, 371, 904, 1390, 21, 1882, 595, 1718, 1476, 152, 420, 918, 192, 1679, 1484, 1863, 787, 567, 851, 441, 530, 517, 1419, 1388, 329, 301, 1330, 876, 478, 1530, 676, 1844, 403, 74, 647, 728, 230, 519, 256, 737, 235, 1796, 182, 858, 504, 1287, 1124, 1229, 294, 625, 894, 759, 1544, 330, 1711, 505, 903, 1055, 1238, 1397, 1686, 136, 1275, 1580, 1584, 59, 1112, 1636, 166, 655, 1520, 1540, 374, 496, 414, 1226, 154, 860, 531, 1465, 1345, 1662, 1284, 669, 1627, 1408, 36, 191, 1748, 7, 1498, 802, 325, 957, 208, 228, 1201, 950, 1318, 155, 948, 133, 920, 442, 225, 611, 1633, 796, 667, 1652, 1304, 1609, 1611, 527, 1427, 1354, 689, 930, 870, 925, 56, 1402, 100, 189, 1068, 1737, 322, 523, 247, 971, 1445, 55, 579, 1374, 1571, 1521, 890, 785, 58, 671, 1608, 1168, 1742, 899, 299, 778, 1542, 761, 566, 46, 1708, 1719, 351, 1392, 651, 1764, 811, 449, 922, 261, 1036, 694, 127, 1114, 707, 1487, 1852, 1802, 873, 174, 1865, 1710, 763, 164, 1632, 345, 539, 1141, 805, 919, 911, 184, 548, 1422, 1625, 1155, 399, 1795, 1845, 1889, 1565, 45, 603, 1444, 1517, 1823, 1246, 477, 64, 1164, 1411, 781, 8, 1635, 1583, 1200, 241, 151, 177, 333, 629, 1453, 293, 1760, 636, 1239, 1115, 727, 273, 1394, 1266, 1184, 1619, 1743, 313, 1904, 982, 1367, 153, 564, 1806, 331, 1862, 1848, 606, 1264, 57, 97, 1774, 1814, 1086, 1029, 393, 1488, 85, 1509, 1550, 725, 1638, 1846, 1342, 1728, 993, 421, 1781, 681, 473, 1604, 364, 1613, 679, 780, 1885, 581, 1130, 116, 823, 355, 736, 75, 398, 557, 1740, 1515, 1596, 1250, 641, 1683, 198, 1363, 589, 1223, 1209, 417, 209, 1810, 9, 535, 1500, 1881, 1208, 909, 0, 702, 1897, 598, 1189, 748, 675, 1691, 1152, 755, 4, 1416, 830, 439, 1222, 1340, 692, 1003, 34, 356, 170, 1761, 1657, 1578, 401, 795, 1507, 997, 644, 1166, 447, 518, 563, 336, 1820, 343, 597, 844, 1058, 497, 311, 1463, 754, 1218, 1191, 1148, 1612, 1022, 1344, 1776, 942, 906, 1409, 1098, 130, 1418, 1830, 190, 1303, 1749, 607, 825, 92, 677, 628, 326, 715, 949, 27, 1537, 1025, 1439, 1277, 396, 1270, 53, 558, 584, 616, 630, 1533, 532, 1113, 612, 1080, 173, 1090, 838, 17, 897, 1306, 1311, 1131, 388, 1118, 1528, 1426, 1257, 1460, 1714, 1407, 144, 1734, 258, 1731, 526, 367, 1834, 126, 1104, 638, 791, 265, 223, 461, 1457, 139, 456, 1905, 1663, 1412, 1568, 1763, 883, 1661, 1678, 493, 1606, 1813, 541, 1757, 276, 296, 1673, 222, 1707, 183, 257, 615, 1478, 742, 376, 810, 661, 365, 156, 1298, 1701, 1653, 202, 1334, 1197, 1482, 106, 323, 1448, 1558, 1179, 1854, 902, 1049, 297, 216, 1268, 277, 1336, 1393, 65, 1456, 1052, 5, 1735, 1495, 1175, 988, 117, 721, 1788, 315, 1819, 1305, 1794, 520, 543, 1214, 917, 731, 1091, 1147, 1070, 68, 892, 1486, 464, 783, 115, 1883, 1372, 752, 383, 1122, 582, 1039, 1213, 574, 1594, 1870, 1111, 1792, 706, 1674, 233, 1607, 691, 1417, 1071, 711, 1538, 252, 741, 1396, 1211, 1429, 1906, 513, 799, 1384, 1138, 1688, 1681, 1045, 961, 743, 1824, 619, 766, 1727, 147, 827, 1117, 1547, 1892, 39, 82, 1546, 963, 178, 658, 1592, 425, 484, 415, 1204, 1331, 1207, 561, 912, 451, 1548, 1494, 1210, 1676, 685, 1291, 793, 632, 1018], [1054, 207, 1715, 1233, 514, 238, 1377, 1677, 878, 1624, 1145, 1009, 469, 962, 1194, 93, 1556, 1851, 1569, 1089, 745, 423, 23, 821, 29, 1401, 789, 1791, 788, 1079, 1347, 503, 1199, 753, 848, 1294, 801, 682, 955, 112, 1188, 402, 1878, 1817, 1288, 1821, 1245, 1302, 1007, 1705, 271, 510, 1510, 327, 1127, 486, 1555, 1004, 1589, 1511, 1700, 1373, 1668, 341, 1489, 1790, 1492, 321, 659, 578, 303, 118, 960, 453, 160, 683, 1832, 434, 701, 928, 480, 1446, 1552, 704, 94, 1317, 1410, 394, 186, 771, 859, 1395, 1646, 1570, 1353, 714, 1297, 360, 1153, 1185, 1766, 1471, 1013, 1356, 1437, 78, 63, 1618, 537, 482, 3, 450, 1339, 490, 857, 251, 898, 916, 546, 1809, 1689, 1078, 1069, 1, 1035, 1534, 1158, 203, 1837, 1095, 1235, 295, 933, 1474, 1559, 240, 105, 419, 1751, 1061, 1896, 1162, 1508, 1195, 237, 509, 1875, 6, 1564, 1698, 1907, 20, 1023, 1157, 1724, 132, 1912, 108, 1839, 734, 413, 316, 1249, 1880, 430, 915, 952, 813, 1532, 1116, 1859, 137, 1703, 141, 1785, 1582, 643, 119, 12, 968, 1193, 408, 214, 601, 967, 803, 1551, 363, 424, 958, 1826, 196]]Using cache found in /Users/suraj/.cache/torch/hub/facebookresearch_dinov2_main

Resuming from epoch 65: /Users/suraj/Downloads/outputs/wall_single/checkpoints/model_latest.pth
num_action_repeat: 1
num_proprio_repeat: 1
proprio encoder: ProprioceptiveEmbedding(
  (patch_embed): Conv1d(2, 10, kernel_size=(1,), stride=(1,))
)
action encoder: ProprioceptiveEmbedding(
  (patch_embed): Conv1d(10, 10, kernel_size=(1,), stride=(1,))
)
proprio_dim: 10, after repeat: 10
action_dim: 10, after repeat: 10
emb_dim: 404
Model emb_dim:  404
eval_seed:  [13, 14, 15, 16, 17, 18]
Dumped plan targets to /Users/suraj/Desktop/EAI_DINO/results/wall_bitsweep_h9_mixed/mixed_e4_p3/opt_steps_2/seed_2/plan_targets.pkl
Success rate:  0.0
{'success': array([False, False, False, False, False, False]), 'state_dist': array([14.14739303, 59.33577797, 27.02095606, 49.21613867, 34.9131594 ,
       43.16210874])}
Success rate:  0.0
{'success': array([False, False, False, False, False, False]), 'state_dist': array([14.75914237, 59.88610363, 32.47733148, 52.86318414, 37.62012705,
       35.98540513])}
MPC iter 0 Eval ------- 
Success rate:  0.0
{'success': array([False, False, False, False, False, False]), 'state_dist': array([14.75914237, 59.88610363, 32.47733148, 52.86318414, 37.62012705,
       35.98540513])}
self.is_success:  [False False False False False False]
Success rate:  0.0
{'success': array([False, False, False, False, False, False]), 'state_dist': array([15.08766864, 61.60211585, 35.81648628, 55.32754013, 41.65076577,
       33.50091121])}
Success rate:  0.0
{'success': array([False, False, False, False, False, False]), 'state_dist': array([15.00661208, 59.26864332, 39.11331371, 55.56373632, 42.54500322,
       34.09428159])}
MPC iter 1 Eval ------- 
Success rate:  0.0
{'success': array([False, False, False, False, False, False]), 'state_dist': array([15.00661208, 59.26864332, 39.11331371, 55.56373632, 42.54500322,
       34.09428159])}
self.is_success:  [False False False False False False]
Success rate:  0.0
{'success': array([False, False, False, False, False, False]), 'state_dist': array([15.00661208, 59.26864332, 39.11331371, 55.56373632, 42.54500322,
       34.09428159])}
[ok] variant=mixed_e4_p3 opt_steps=2 seed=2 success=0.0000
Grid run completed successfully.
